chain,dish,assigned_key,photo_file
82-ALE-HOUSE-GRAND,デュワーズ12年ハイボール,whisky,/static/media/food/whisky.jpg
82-ALE-HOUSE-GRAND,竹鶴ハイボール,whisky,/static/media/food/whisky.jpg
82-ALE-HOUSE-GRAND,森香る白州ハイボール,whisky,/static/media/food/whisky.jpg
82-ALE-HOUSE-GRAND,山崎ハイボール,whisky,/static/media/food/whisky.jpg
82-ALE-HOUSE-GRAND,余市ハイボール,whisky,/static/media/food/whisky.jpg
82-ALE-HOUSE-GRAND,82リアルエール 1/2 Pint glass,,(tile)
82-ALE-HOUSE-GRAND,82リアルエール 1 Pint glass,,(tile)
82-ALE-HOUSE-GRAND,ハブクラフト セッションIPA 1/2 Pint glass,,(tile)
82-ALE-HOUSE-GRAND,ハブクラフト セッションIPA 1 Pint glass,,(tile)
82-ALE-HOUSE-GRAND,キリンラガービール 1/2 Pint glass,beer_alcohol,/static/media/food/beer_alcohol.jpg
82-ALE-HOUSE-GRAND,キリンラガービール 1 Pint glass,beer_alcohol,/static/media/food/beer_alcohol.jpg
82-ALE-HOUSE-GRAND,ギネス 1 Pint glass,,(tile)
82-ALE-HOUSE-GRAND,ギネス 1 Pint,,(tile)
82-ALE-HOUSE-GRAND,シャンディガフ,,(tile)
82-ALE-HOUSE-GRAND,シャンディガフ L Size,,(tile)
82-ALE-HOUSE-GRAND,82アップルビア,,(tile)
82-ALE-HOUSE-GRAND,82アップルビア L Size,,(tile)
82-ALE-HOUSE-GRAND,ゲストビール,beer_alcohol,/static/media/food/beer_alcohol.jpg
82-ALE-HOUSE-GRAND,マグナーズ オリジナルサイダー,,(tile)
82-ALE-HOUSE-GRAND,3種飲み比べSET,,(tile)
82-ALE-HOUSE-GRAND,GUEST WHISKY,,(tile)
82-ALE-HOUSE-GRAND,デュワーズ12年,,(tile)
82-ALE-HOUSE-GRAND,デュワーズ12年 L Size,,(tile)
82-ALE-HOUSE-GRAND,シーバスリーガル12年,,(tile)
82-ALE-HOUSE-GRAND,バランタイン17年,,(tile)
82-ALE-HOUSE-GRAND,ザ・ディーコン,,(tile)
82-ALE-HOUSE-GRAND,カナディアンクラブ,,(tile)
82-ALE-HOUSE-GRAND,ブラックニッカ スペシャル,,(tile)
82-ALE-HOUSE-GRAND,ジェムソン,,(tile)
82-ALE-HOUSE-GRAND,ブッシュミルズ オリジナル,,(tile)
82-ALE-HOUSE-GRAND,ブッシュミルズ10年,,(tile)
82-ALE-HOUSE-GRAND,イーガンズ ブレンド,,(tile)
82-ALE-HOUSE-GRAND,ジムビーム,,(tile)
82-ALE-HOUSE-GRAND,フォアローゼズ ブラック,,(tile)
82-ALE-HOUSE-GRAND,メーカーズマーク,,(tile)
82-ALE-HOUSE-GRAND,エンジェルズ エンヴィ,,(tile)
82-ALE-HOUSE-GRAND,ジャックダニエル,,(tile)
82-ALE-HOUSE-GRAND,グレンモーレンジィ オリジナル12年,,(tile)
82-ALE-HOUSE-GRAND,ロイヤル・ブラックラ12年,,(tile)
82-ALE-HOUSE-GRAND,グレンロッキー12年,,(tile)
82-ALE-HOUSE-GRAND,グレンモーレンジィ18年,,(tile)
82-ALE-HOUSE-GRAND,アードベッグ10年,,(tile)
82-ALE-HOUSE-GRAND,アードベッグ10年 L Size,,(tile)
82-ALE-HOUSE-GRAND,リベット ザ・グレンリベット12年,,(tile)
82-ALE-HOUSE-GRAND,リベット ザ・グレンリベット12年 L Size,,(tile)
82-ALE-HOUSE-GRAND,タリスカー10年,,(tile)
82-ALE-HOUSE-GRAND,タリスカー10年 L Size,,(tile)
82-ALE-HOUSE-GRAND,82フルーツハイボール,whisky,/static/media/food/whisky.jpg
82-ALE-HOUSE-GRAND,ザ・グレングラント アルボラリス,,(tile)
82-ALE-HOUSE-GRAND,ザ・グレンリベット12年,,(tile)
82-ALE-HOUSE-GRAND,ザ・シングルトン ダフタウン12年,,(tile)
82-ALE-HOUSE-GRAND,ザ・マッカラン12年,,(tile)
82-ALE-HOUSE-GRAND,スプリングバンク10年,pudding,
82-ALE-HOUSE-GRAND,ブッシュミルズ シングルモルト10年,,(tile)
82-ALE-HOUSE-GRAND,カネマラ,,(tile)
82-ALE-HOUSE-GRAND,ラフロイグ10年,,(tile)
82-ALE-HOUSE-GRAND,ボウモア12年,,(tile)
82-ALE-HOUSE-GRAND,カリラ12年,,(tile)
82-ALE-HOUSE-GRAND,アランモルト10年,,(tile)
82-ALE-HOUSE-GRAND,白州,,(tile)
82-ALE-HOUSE-GRAND,宮城峡,,(tile)
82-ALE-HOUSE-GRAND,余市,,(tile)
82-ALE-HOUSE-GRAND,竹鶴ピュアモルト,,(tile)
82-ALE-HOUSE-GRAND,ラガヴーリン16年,,(tile)
82-ALE-HOUSE-GRAND,ビーフィーター 30ml,,(tile)
82-ALE-HOUSE-GRAND,ビーフィーター ジン トニック,,(tile)
82-ALE-HOUSE-GRAND,ウィットリーニール ルバーブ&ジンジャー 30ml,,(tile)
82-ALE-HOUSE-GRAND,ウィットリーニール ルバーブ&ジンジャー ジン トニック,,(tile)
82-ALE-HOUSE-GRAND,タンカレー ナンバーテン 30ml,curry_rice,/static/media/food/curry_rice.jpg
82-ALE-HOUSE-GRAND,タンカレー ナンバーテン ジン トニック,curry_rice,/static/media/food/curry_rice.jpg
82-ALE-HOUSE-GRAND,82ロンドンジン トニック,,(tile)
82-ALE-HOUSE-GRAND,桜尾 30ml,,(tile)
82-ALE-HOUSE-GRAND,桜尾ジン トニック,,(tile)
82-ALE-HOUSE-GRAND,季の美 30ml,,(tile)
82-ALE-HOUSE-GRAND,季の美ジン トニック,,(tile)
82-ALE-HOUSE-GRAND,和美人 30ml,,(tile)
82-ALE-HOUSE-GRAND,和美人ジン トニック,,(tile)
82-ALE-HOUSE-GRAND,82ドライレモン,,(tile)
82-ALE-HOUSE-GRAND,82レモン,,(tile)
82-ALE-HOUSE-GRAND,82ピンクドラゴン,,(tile)
82-ALE-HOUSE-GRAND,82グレープフルーツ,,(tile)
82-ALE-HOUSE-GRAND,モヒート,cocktail,/static/media/food/cocktail.jpg
82-ALE-HOUSE-GRAND,オレンジモヒート,cocktail,/static/media/food/cocktail.jpg
82-ALE-HOUSE-GRAND,特製サングリア,,(tile)
82-ALE-HOUSE-GRAND,アップルキウイ,,(tile)
82-ALE-HOUSE-GRAND,ジンジャービア モスコミュール,,(tile)
82-ALE-HOUSE-GRAND,ジン・トニック,,(tile)
82-ALE-HOUSE-GRAND,キューバリブレ,,(tile)
82-ALE-HOUSE-GRAND,チャイナブルー,,(tile)
82-ALE-HOUSE-GRAND,サングリアレモネード,lemonade,/static/media/food/lemonade.jpg
82-ALE-HOUSE-GRAND,テキーラサンライズ,,(tile)
82-ALE-HOUSE-GRAND,レッドブル ウォッカ,,(tile)
82-ALE-HOUSE-GRAND,エックスX,,(tile)
82-ALE-HOUSE-GRAND,スピリッツ,,(tile)
82-ALE-HOUSE-GRAND,リキュール,,(tile)
82-ALE-HOUSE-GRAND,ソーダ,juice_beverage,/static/media/food/juice_beverage.jpg
82-ALE-HOUSE-GRAND,各種ジュース,juice_beverage,/static/media/food/juice_beverage.jpg
82-ALE-HOUSE-GRAND,ハウスワイン 赤/白 Glass,wine_drink,/static/media/food/wine_drink.jpg
82-ALE-HOUSE-GRAND,ハウスワイン 赤/白 100ml,wine_drink,/static/media/food/wine_drink.jpg
82-ALE-HOUSE-GRAND,ハウスワイン 赤/白 Bottle,wine_drink,/static/media/food/wine_drink.jpg
82-ALE-HOUSE-GRAND,シャンドンブリュット Bottle,,(tile)
82-ALE-HOUSE-GRAND,梅酒 50ml,beer_alcohol,/static/media/food/beer_alcohol.jpg
82-ALE-HOUSE-GRAND,白水 43ml,,(tile)
82-ALE-HOUSE-GRAND,コカ・コーラ,cola_drink,/static/media/food/cola_drink.jpg
82-ALE-HOUSE-GRAND,ジンジャーエール,cola_drink,/static/media/food/cola_drink.jpg
82-ALE-HOUSE-GRAND,オレンジジュース,juice_beverage,/static/media/food/juice_beverage.jpg
82-ALE-HOUSE-GRAND,アップルジュース,juice_beverage,/static/media/food/juice_beverage.jpg
82-ALE-HOUSE-GRAND,ミルク,milk_drink,/static/media/food/milk_drink.jpg
82-ALE-HOUSE-GRAND,ウーロン茶,oolong_tea,
82-ALE-HOUSE-GRAND,緑茶,green_tea,/static/media/food/green_tea.jpg
82-ALE-HOUSE-GRAND,レッドブル,,(tile)
82-ALE-HOUSE-GRAND,キリン グリーンズフリー,,(tile)
82-ALE-HOUSE-GRAND,フィーバーツリー プレミアムジンジャービア,,(tile)
82-ALE-HOUSE-GRAND,イングリッシュガーデン,,(tile)
82-ALE-HOUSE-GRAND,バージンモヒート,cocktail,/static/media/food/cocktail.jpg
82-ALE-HOUSE-GRAND,フィッシュ&チップス,fish_and_chips,/static/media/food/fish_and_chips.jpg
82-ALE-HOUSE-GRAND,シェパーズパイ,donut,/static/media/food/donut.jpg
82-ALE-HOUSE-GRAND,ソーセージ&マッシュ,sausage,/static/media/food/sausage.jpg
82-ALE-HOUSE-GRAND,ローストビーフ,roast_beef,/static/media/food/roast_beef.jpg
82-ALE-HOUSE-GRAND,ミートパイ,donut,/static/media/food/donut.jpg
82-ALE-HOUSE-GRAND,マカロニチーズ,cheese_plate,
82-ALE-HOUSE-GRAND,フライドポテト,french_fries,/static/media/food/french_fries.jpg
82-ALE-HOUSE-GRAND,オニオンリング,onion_rings,/static/media/food/onion_rings.jpg
82-ALE-HOUSE-GRAND,チキン&チップス,karaage_chicken,/static/media/food/karaage_chicken.jpg
82-ALE-HOUSE-GRAND,フィッシュフライ,fry_seafood,/static/media/food/fry_seafood.jpg
82-ALE-HOUSE-GRAND,スパイシーミニフリッター,donut,/static/media/food/donut.jpg
82-ALE-HOUSE-GRAND,タムタム,,(tile)
82-ALE-HOUSE-GRAND,ソーセージ串,sausage,/static/media/food/sausage.jpg
82-ALE-HOUSE-GRAND,枝豆,edamame,/static/media/food/edamame.jpg
82-ALE-HOUSE-GRAND,おつまみシュリンプ,,(tile)
82-ALE-HOUSE-GRAND,ごぼうスティック,,(tile)
82-ALE-HOUSE-GRAND,パンプキンフライ,fry_seafood,/static/media/food/fry_seafood.jpg
82-ALE-HOUSE-GRAND,バッファローチキン,karaage_chicken,/static/media/food/karaage_chicken.jpg
82-ALE-HOUSE-GRAND,生ハム,prosciutto,
82-ALE-HOUSE-GRAND,チーズ盛り合わせ,cheese_plate,
82-ALE-HOUSE-GRAND,スモークサーモン,sushi_salmon,/static/media/food/sushi_salmon.jpg
82-ALE-HOUSE-GRAND,スモークカキ,,(tile)
82-ALE-HOUSE-GRAND,パテ,,(tile)
82-ALE-HOUSE-GRAND,バゲット,,(tile)
82-ALE-HOUSE-GRAND,マルゲリータ,pizza,/static/media/food/pizza.jpg
82-ALE-HOUSE-GRAND,マルゲリータ L Size,pizza,/static/media/food/pizza.jpg
82-ALE-HOUSE-GRAND,クワトロフォルマッジ,,(tile)
82-ALE-HOUSE-GRAND,クワトロフォルマッジ L Size,,(tile)
82-ALE-HOUSE-GRAND,彩り野菜のピクルス,,(tile)
82-ALE-HOUSE-GRAND,彩り野菜のフリット,,(tile)
82-ALE-HOUSE-GRAND,彩り野菜のバーニャカウダ,,(tile)
82-ALE-HOUSE-GRAND,おつまみキャベツ,,(tile)
82-ALE-HOUSE-GRAND,生ハムサラダ,salad_green,
82-ALE-HOUSE-GRAND,トリュフ香るマッシュポテト,french_fries,/static/media/food/french_fries.jpg
82-ALE-HOUSE-GRAND,生ハムシーザーサラダ,salad_green,
8番らーめん,野菜麻辣らーめん,ramen_shoyu,/static/media/food/ramen_shoyu.jpg
8番らーめん,小さな野菜麻辣らーめん,ramen_shoyu,/static/media/food/ramen_shoyu.jpg
8番らーめん,麻辣唐麺（１玉）,,(tile)
8番らーめん,麻辣唐麺（２玉）,,(tile)
8番らーめん,冷やし麻辣担々麺（１玉）,ramen_shoyu,/static/media/food/ramen_shoyu.jpg
8番らーめん,冷やし麻辣担々麺（２玉）,ramen_shoyu,/static/media/food/ramen_shoyu.jpg
8番らーめん,トッピング　シビ増し,,(tile)
8番らーめん,トッピング　辛肉増し,,(tile)
8番らーめん,トッピング　カラ増し,,(tile)
8番らーめん,ざるらーめん（１玉）,ramen_shoyu,/static/media/food/ramen_shoyu.jpg
8番らーめん,ざるらーめん（２玉）,ramen_shoyu,/static/media/food/ramen_shoyu.jpg
8番らーめん,冷めん（１玉）,,(tile)
8番らーめん,冷めん（２玉）,,(tile)
8番らーめん,８番セット,teishoku,/static/media/food/teishoku.jpg
8番らーめん,小さな８番セット,teishoku,/static/media/food/teishoku.jpg
8番らーめん,海老餃子セット,teishoku,/static/media/food/teishoku.jpg
8番らーめん,小さな海老餃子セット,teishoku,/static/media/food/teishoku.jpg
8番らーめん,Ａセット,teishoku,/static/media/food/teishoku.jpg
8番らーめん,小さなＡセット,teishoku,/static/media/food/teishoku.jpg
8番らーめん,Ｂセット,teishoku,/static/media/food/teishoku.jpg
8番らーめん,小さなＢセット,teishoku,/static/media/food/teishoku.jpg
8番らーめん,Ｃセット,teishoku,/static/media/food/teishoku.jpg
8番らーめん,小さなＣセット,teishoku,/static/media/food/teishoku.jpg
8番らーめん,野菜らーめん（味噌）,ramen_shoyu,/static/media/food/ramen_shoyu.jpg
8番らーめん,野菜らーめん（塩）,ramen_shoyu,/static/media/food/ramen_shoyu.jpg
8番らーめん,野菜らーめん（醤油）,ramen_shoyu,/static/media/food/ramen_shoyu.jpg
8番らーめん,野菜らーめん（バター風味）,ramen_shoyu,/static/media/food/ramen_shoyu.jpg
8番らーめん,（麺1/2）小さな野菜らーめん（味噌）,ramen_shoyu,/static/media/food/ramen_shoyu.jpg
8番らーめん,（麺1/2）小さな野菜らーめん（塩）,ramen_shoyu,/static/media/food/ramen_shoyu.jpg
8番らーめん,（麺1/2）小さな野菜らーめん（醤油）,ramen_shoyu,/static/media/food/ramen_shoyu.jpg
8番らーめん,（麺1/2）小さな野菜らーめん（バター風味）,ramen_shoyu,/static/media/food/ramen_shoyu.jpg
8番らーめん,麺なし野菜らーめん（野菜スープ）　味噌,ramen_shoyu,/static/media/food/ramen_shoyu.jpg
8番らーめん,麺なし野菜らーめん（野菜スープ）　塩,ramen_shoyu,/static/media/food/ramen_shoyu.jpg
8番らーめん,麺なし野菜らーめん（野菜スープ）　醤油,ramen_shoyu,/static/media/food/ramen_shoyu.jpg
8番らーめん,麺なし野菜らーめん（野菜スープ）　バター風味,ramen_shoyu,/static/media/food/ramen_shoyu.jpg
8番らーめん,野菜ちゃあしゅうめん（味噌）,,(tile)
8番らーめん,野菜ちゃあしゅうめん（塩）,,(tile)
8番らーめん,野菜ちゃあしゅうめん（醤油）,,(tile)
8番らーめん,あっさりらーめん,ramen_shoyu,/static/media/food/ramen_shoyu.jpg
8番らーめん,野菜担々麺（胡麻風味）,ramen_shoyu,/static/media/food/ramen_shoyu.jpg
8番らーめん,野菜こく旨らーめん（とんこつ醤油）,ramen_shoyu,/static/media/food/ramen_shoyu.jpg
8番らーめん,唐麺（１玉）,,(tile)
8番らーめん,唐麺（２玉）,,(tile)
8番らーめん,中華麺（醤油味）,,(tile)
8番らーめん,ちゃあしゅうめん（醤油味）,,(tile)
8番らーめん,担々麺（胡麻風味）,ramen_shoyu,/static/media/food/ramen_shoyu.jpg
8番らーめん,お子さまらーめん（ジュース付き）,ramen_shoyu,/static/media/food/ramen_shoyu.jpg
8番らーめん,お子さまらーめんセット（ジュース・ポテト付き）,teishoku,/static/media/food/teishoku.jpg
8番らーめん,ミニ炒飯,chahan,/static/media/food/chahan.jpg
8番らーめん,炒飯（スープ付き）,chahan,/static/media/food/chahan.jpg
8番らーめん,炒飯　大（スープ付き）,chahan,/static/media/food/chahan.jpg
8番らーめん,ライス小（漬物付）,gohan_rice,
8番らーめん,ライス中（漬物付）,gohan_rice,
8番らーめん,〆のご飯,gohan_rice,
8番らーめん,８番餃子　６個,gyoza,
8番らーめん,８番餃子<ダブル>１２個,gyoza,
8番らーめん,８番餃子<得盛>１８個,gyoza,
8番らーめん,海老餃子　6個,gyoza,
8番らーめん,海老餃子＜ダブル＞12個,gyoza,
8番らーめん,餃子コンビ（海老餃子6個・８番餃子6個）,gyoza,
8番らーめん,鶏の唐揚げ,karaage_chicken,/static/media/food/karaage_chicken.jpg
8番らーめん,鶏の唐揚げ＜ダブル＞,karaage_chicken,/static/media/food/karaage_chicken.jpg
8番らーめん,春巻き　２本,sushi_roll,/static/media/food/sushi_roll.jpg
8番らーめん,春巻き<ダブル>４本,sushi_roll,/static/media/food/sushi_roll.jpg
8番らーめん,フライドポテト,french_fries,/static/media/food/french_fries.jpg
8番らーめん,冷凍 ８番餃子（30個入り）,gyoza,
8番らーめん,冷凍 海老餃子（30個入り）,gyoza,
8番らーめん,冷凍 ８番炒飯　1パック（1人前）,chahan,/static/media/food/chahan.jpg
8番らーめん,冷凍 ８番春巻き（6本入り）,sushi_roll,/static/media/food/sushi_roll.jpg
8番らーめん,冷凍 ８番鶏の唐揚げ　1パック（300g）,karaage_chicken,/static/media/food/karaage_chicken.jpg
AFRODE-CLINIC,V タコライス,tacos,/static/media/food/tacos.jpg
AFRODE-CLINIC,V ゴボウとキノコの豆乳腸活スープ,soup_miso,/static/media/food/soup_miso.jpg
AFRODE-CLINIC,Today's Special Plate,teishoku,/static/media/food/teishoku.jpg
AFRODE-CLINIC,自然栽培玄米ご飯,gohan_rice,
AFRODE-CLINIC,玄米なし&サラダ大盛り変更可,salad_green,
AFRODE-CLINIC,サラダ大盛り,salad_green,
AFRODE-CLINIC,メイン大盛り,,(tile)
AFRODE-CLINIC,米粉パンに変更,,(tile)
AFRODE-CLINIC,平飼い卵の目玉焼き,tamago_egg,/static/media/food/tamago_egg.jpg
AFRODE-CLINIC,アボカド 1/4,salad_green,
AFRODE-CLINIC,Takeout Bento,,(tile)
AFRODE-CLINIC,アフリカンティー (Hot/Ice),tea_matcha,/static/media/food/tea_matcha.jpg
AFRODE-CLINIC,有機コーヒー (Hot/Ice),coffee,/static/media/food/coffee.jpg
AFURI,柚子塩らーめん,ramen_shoyu,/static/media/food/ramen_shoyu.jpg
AFURI,柚子醤油らーめん,ramen_shoyu,/static/media/food/ramen_shoyu.jpg
AFURI,塩らーめん,ramen_shoyu,/static/media/food/ramen_shoyu.jpg
AFURI,醤油らーめん,ramen_shoyu,/static/media/food/ramen_shoyu.jpg
AFURI,柚子辣湯麺,,(tile)
AFURI,彩り野菜のヴィーガンらーめん,ramen_shoyu,/static/media/food/ramen_shoyu.jpg
AFURI,夏季限定冷やし柚子塩麺,,(tile)
AFURI,季節限定スペシャルメニュー,,(tile)
AFURI,甘露つけ麺,ramen_tsukemen,/static/media/food/ramen_tsukemen.jpg
AFURI,柚子露つけ麺,ramen_tsukemen,/static/media/food/ramen_tsukemen.jpg
AFURI,辛露つけ麺,ramen_tsukemen,/static/media/food/ramen_tsukemen.jpg
AFURI,柚子辛露つけ麺,ramen_tsukemen,/static/media/food/ramen_tsukemen.jpg
AFURI,炙りコロチャーシュー飯,chashu,/static/media/food/chashu.jpg
AFURI,肉ごはん,gohan_rice,
AFURI,本枯節のおかかごはん,gohan_rice,
AFURI,タレごはん,gohan_rice,
AFURI,ごはん,gohan_rice,
AFURI,炙りチャーシュー（1枚）,chashu,/static/media/food/chashu.jpg
AFURI,角煮チャーシュー,chashu,/static/media/food/chashu.jpg
AFURI,煮玉子,tamago_egg,/static/media/food/tamago_egg.jpg
AFURI,メンマ,,(tile)
AFURI,海苔（7枚）,,(tile)
AFURI,水菜,,(tile)
AFURI,プレミアムモルツ 香るエール,,(tile)
AFURI,AFURI ハイボール,whisky,/static/media/food/whisky.jpg
AFURI,阿夫利 純米生酛,sake_drink,/static/media/food/sake_drink.jpg
AZABUDAI-HILLS-CAFE,コーヒー [ホット / アイス] (Coffee [Hot / Iced]),coffee,/static/media/food/coffee.jpg
AZABUDAI-HILLS-CAFE,カフェ・ラテ [ホット / アイス] (Café Latte [Hot / Iced]),coffee,/static/media/food/coffee.jpg
AZABUDAI-HILLS-CAFE,オーツミルク・ラテ [ホット / アイス] (Oat Milk Latte [Hot / Iced]),coffee,/static/media/food/coffee.jpg
AZABUDAI-HILLS-CAFE,エスプレッソ (Espresso),coffee,/static/media/food/coffee.jpg
AZABUDAI-HILLS-CAFE,オーガニック和紅茶 [ホット / アイス] (Japanese Black Tea [Hot / Iced]),tea_matcha,/static/media/food/tea_matcha.jpg
AZABUDAI-HILLS-CAFE,ジャスミン煎茶 [ホット] (Jasmine Sencha [Hot]),green_tea,/static/media/food/green_tea.jpg
AZABUDAI-HILLS-CAFE,ジンジャーほうじ茶 [ホット] (Ginger Roasted Green Tea [Hot]),green_tea,/static/media/food/green_tea.jpg
AZABUDAI-HILLS-CAFE,古木茶 [ホット] (Old Tree Tea [Hot]),tea_matcha,/static/media/food/tea_matcha.jpg
AZABUDAI-HILLS-CAFE,烏龍茶 [ホット / アイス] (Oolong Tea [Hot / Iced]),oolong_tea,
AZABUDAI-HILLS-CAFE,抹茶ラテ [ホット / アイス] (Matcha Latte [Hot / Iced]),coffee,/static/media/food/coffee.jpg
AZABUDAI-HILLS-CAFE,ほうじ茶ラテ [ホット / アイス] (Roasted Green Tea Latte [Hot / Iced]),coffee,/static/media/food/coffee.jpg
AZABUDAI-HILLS-CAFE,リンデンハニーレモネード (Linden Honey Lemonade),lemonade,/static/media/food/lemonade.jpg
AZABUDAI-HILLS-CAFE,パイナップルジンジャーエール (Pineapple Ginger Ale),cola_drink,/static/media/food/cola_drink.jpg
AZABUDAI-HILLS-CAFE,ボタニカルトニック (Botanical Tonic),,(tile)
AZABUDAI-HILLS-CAFE,パーフェクトグリーン (Perfect Green),,(tile)
AZABUDAI-HILLS-CAFE,レッドシュプリーム (Red Supreme),,(tile)
AZABUDAI-HILLS-CAFE,りんごジュース [国産ストレート] (Apple Juice),juice_beverage,/static/media/food/juice_beverage.jpg
AZABUDAI-HILLS-CAFE,みかんジュース [国産ストレート] (Mandarin Orange Juice),juice_beverage,/static/media/food/juice_beverage.jpg
AZABUDAI-HILLS-CAFE,サントリープレミアムモルツ -生- (Suntory Premium Malt's -Draft-),beer_alcohol,/static/media/food/beer_alcohol.jpg
AZABUDAI-HILLS-CAFE,クラフトビール (Craft beer),beer_alcohol,/static/media/food/beer_alcohol.jpg
AZABUDAI-HILLS-CAFE,ハイボール (High ball),whisky,/static/media/food/whisky.jpg
AZABUDAI-HILLS-CAFE,ジントニック (Gin and Tonic),cocktail,/static/media/food/cocktail.jpg
AZABUDAI-HILLS-CAFE,ハニーレモンサワー (Honey Lemon Sour),chuhai,/static/media/food/chuhai.jpg
AZABUDAI-HILLS-CAFE,バックスフィズ (Buck's Fizz),,(tile)
AZABUDAI-HILLS-CAFE,本日のナチュールワイン (Today's Wine),wine_drink,/static/media/food/wine_drink.jpg
AZABUDAI-HILLS-CAFE,フレンチトースト - ココナッツオイル - (Coconut Oil French Toast),toast_breakfast,/static/media/food/toast_breakfast.jpg
AZABUDAI-HILLS-CAFE,クラシックホットドッグ (Classic Hot Dog),hotdog,/static/media/food/hotdog.jpg
AZABUDAI-HILLS-CAFE,グラノーラ ヨーグルトボウル (Granola Yogurt Bowl),,(tile)
AZABUDAI-HILLS-CAFE,グリルチキンのパワーサラダ (Grilled chicken and vegetable salad),salad_green,
AZABUDAI-HILLS-CAFE,オーガニック和紅茶 [ホット / アイス] (Organic Japanese Black Tea [Hot / Iced]),tea_matcha,/static/media/food/tea_matcha.jpg
AZABUDAI-HILLS-CAFE,オレンジジュース (Orange Juice),juice_beverage,/static/media/food/juice_beverage.jpg
AZABUDAI-HILLS-CAFE,アップルジュース (Apple Juice),juice_beverage,/static/media/food/juice_beverage.jpg
AlohaTable-WAIKIKI,Waikiki Style Premium Loco Moco,,(tile)
AlohaTable-WAIKIKI,Premium Loco Moco,,(tile)
AlohaTable-WAIKIKI,Plant Based Loco MOCO,,(tile)
AlohaTable-WAIKIKI,Avocado,,(tile)
AlohaTable-WAIKIKI,Grilled Tomato,,(tile)
AlohaTable-WAIKIKI,Cheese,,(tile)
AlohaTable-WAIKIKI,Extra Fried Egg,,(tile)
AlohaTable-WAIKIKI,Fried Onion,,(tile)
AlohaTable-WAIKIKI,Macaroni Salad,salad_green,
AlohaTable-WAIKIKI,Tuna & Boiled Whitebait Poke Rice Bowl,donburi_rice,/static/media/food/donburi_rice.jpg
AlohaTable-WAIKIKI,Tuna & Avocado Poke Rice Bowl,donburi_rice,/static/media/food/donburi_rice.jpg
AlohaTable-WAIKIKI,ALOHA MIX PLATE,teishoku,/static/media/food/teishoku.jpg
AlohaTable-WAIKIKI,MOCHIKO Fried Chicken Plate with Grated Daikon & Ponzu Citrus Sauce,teishoku,/static/media/food/teishoku.jpg
AlohaTable-WAIKIKI,MOCHIKO Fried Chicken Plate in Sweet & Sour Sauce,teishoku,/static/media/food/teishoku.jpg
AlohaTable-WAIKIKI,MOCHIKO Fried Chicken Plate,teishoku,/static/media/food/teishoku.jpg
AlohaTable-WAIKIKI,North Shore Garlic Shrimp Plate,teishoku,/static/media/food/teishoku.jpg
AlohaTable-WAIKIKI,Curry with Grilled Shrimp & Kale,curry_rice,/static/media/food/curry_rice.jpg
AlohaTable-WAIKIKI,Curry with Breast Chicken & Ripe Tomato,curry_rice,/static/media/food/curry_rice.jpg
AlohaTable-WAIKIKI,Mini Salad,salad_green,
AlohaTable-WAIKIKI,Large Serving,,(tile)
AlohaTable-WAIKIKI,Small Serving,,(tile)
AlohaTable-WAIKIKI,Munchies Pancake with Grilled Chicken & Caesar,pancakes,
AlohaTable-WAIKIKI,Munchies Pancake with Salmon & Avocado,pancakes,
AlohaTable-WAIKIKI,"Pancake with Maple, Sausage & Egg",pancakes,
AlohaTable-WAIKIKI,Hawaiian Local Cobb Salad,salad_green,
AlohaTable-WAIKIKI,"Change Cottage Cheese to ""Blue Cheese""",,(tile)
AlohaTable-WAIKIKI,Caesar Salad with Prosciutto,salad_green,
AlohaTable-WAIKIKI,Baguette,,(tile)
AlohaTable-WAIKIKI,Green Salad with Kale & Sprouts,salad_green,
AlohaTable-WAIKIKI,Hawaiian Salt Green Soybeans,,(tile)
AlohaTable-WAIKIKI,Tuna & Sea Asparagus Poke,,(tile)
AlohaTable-WAIKIKI,Ripe Tomato & Lime Poke,,(tile)
AlohaTable-WAIKIKI,Smoked Salmon Carpaccio,,(tile)
AlohaTable-WAIKIKI,North Shore Garlic Shrimp,,(tile)
AlohaTable-WAIKIKI,Prosciutto & Salami,,(tile)
AlohaTable-WAIKIKI,Calamari Fritto with Aioli,,(tile)
AlohaTable-WAIKIKI,Taste of Aloha,,(tile)
AlohaTable-WAIKIKI,KONA Fritto with Shrimp & Mahi-Mahi,,(tile)
AlohaTable-WAIKIKI,MOCHIKO Fried Chicken,karaage_chicken,/static/media/food/karaage_chicken.jpg
AlohaTable-WAIKIKI,French Fries Plain,french_fries,/static/media/food/french_fries.jpg
AlohaTable-WAIKIKI,French Fries Garlic,french_fries,/static/media/food/french_fries.jpg
AlohaTable-WAIKIKI,Rib Finger Cut Steak with Onion Sauce 150g,steak_plate,/static/media/food/steak_plate.jpg
AlohaTable-WAIKIKI,Angus Beef Steak with Onion Sauce 200g,steak_plate,/static/media/food/steak_plate.jpg
AlohaTable-WAIKIKI,Rice,,(tile)
AlohaTable-WAIKIKI,Whipped Cream & Butter,,(tile)
AlohaTable-WAIKIKI,Berry & Berry,,(tile)
AlohaTable-WAIKIKI,Caramelized Banana,,(tile)
AlohaTable-WAIKIKI,Acai Bowl with Berry & Berry,,(tile)
AlohaTable-WAIKIKI,OREO Cheese Cake,cake_dessert,/static/media/food/cake_dessert.png
AlohaTable-WAIKIKI,Chocolate Brownie,cake_dessert,/static/media/food/cake_dessert.png
AlohaTable-WAIKIKI,Hawaiian Gelato Vanilla,icecream_parfait,/static/media/food/icecream_parfait.jpg
AlohaTable-WAIKIKI,Hawaiian Gelato Mango,icecream_parfait,/static/media/food/icecream_parfait.jpg
AlohaTable-WAIKIKI,Hawaiian Gelato Kona Coffee & Macadamia Nut,coffee,/static/media/food/coffee.jpg
AlohaTable-WAIKIKI,Hawaiian Kona Blend Coffee,coffee,/static/media/food/coffee.jpg
AlohaTable-WAIKIKI,Iced Coffee,coffee,/static/media/food/coffee.jpg
AlohaTable-WAIKIKI,100% Kona Extra Fancy,,(tile)
AlohaTable-WAIKIKI,Cafe au Lait,coffee,/static/media/food/coffee.jpg
AlohaTable-WAIKIKI,Chocolate Latte,coffee,/static/media/food/coffee.jpg
AlohaTable-WAIKIKI,Macadamia Nut Latte,coffee,/static/media/food/coffee.jpg
AlohaTable-WAIKIKI,Aloha Table Original Warea Herbal Tea,tea_matcha,/static/media/food/tea_matcha.jpg
AlohaTable-WAIKIKI,Pina Colada,juice_beverage,/static/media/food/juice_beverage.jpg
AlohaTable-WAIKIKI,Aloha Mai Tai,,(tile)
AlohaTable-WAIKIKI,Mojito,cocktail,/static/media/food/cocktail.jpg
AlohaTable-WAIKIKI,Blue Hawaii,,(tile)
AlohaTable-WAIKIKI,Mango Chichi,,(tile)
AlohaTable-WAIKIKI,Mint Ginger Cooler,,(tile)
AlohaTable-WAIKIKI,Island Fruit Cooler,,(tile)
AlohaTable-WAIKIKI,Arnold Palmer,,(tile)
AlohaTable-WAIKIKI,Plantation Iced Tea,tea_matcha,/static/media/food/tea_matcha.jpg
AlohaTable-WAIKIKI,Homemade Lemonade,juice_beverage,/static/media/food/juice_beverage.jpg
AlohaTable-WAIKIKI,Homemade Lemonade Lemon Squash,juice_beverage,/static/media/food/juice_beverage.jpg
AlohaTable-WAIKIKI,Extra Vitamins,,(tile)
AlohaTable-WAIKIKI,Mango Mixed Juice,juice_beverage,/static/media/food/juice_beverage.jpg
AlohaTable-WAIKIKI,Guava Mixed Juice,juice_beverage,/static/media/food/juice_beverage.jpg
AlohaTable-WAIKIKI,Passion Fruit Juice,juice_beverage,/static/media/food/juice_beverage.jpg
AlohaTable-WAIKIKI,Fresh Pineapple Juice,juice_beverage,/static/media/food/juice_beverage.jpg
AlohaTable-WAIKIKI,Coca Cola,juice_beverage,/static/media/food/juice_beverage.jpg
AlohaTable-WAIKIKI,Ginger Ale,juice_beverage,/static/media/food/juice_beverage.jpg
AlohaTable-WAIKIKI,Oolong Tea,tea_matcha,/static/media/food/tea_matcha.jpg
AlohaTable-WAIKIKI,Jasmine Tea,tea_matcha,/static/media/food/tea_matcha.jpg
AlohaTable-WAIKIKI,Longboard,,(tile)
AlohaTable-WAIKIKI,Big Wave,,(tile)
AlohaTable-WAIKIKI,Hanalei,,(tile)
AlohaTable-WAIKIKI,Heineken Regular 300ml Glass,,(tile)
AlohaTable-WAIKIKI,Heineken Large 600ml Glass,,(tile)
AlohaTable-WAIKIKI,Pineapple Beer,beer_alcohol,/static/media/food/beer_alcohol.jpg
AlohaTable-WAIKIKI,Mango Beer,beer_alcohol,/static/media/food/beer_alcohol.jpg
AlohaTable-WAIKIKI,Corona,,(tile)
AlohaTable-WAIKIKI,Hinano Beer,beer_alcohol,/static/media/food/beer_alcohol.jpg
AlohaTable-WAIKIKI,Kirin Green's Free,,(tile)
AlohaTable-WAIKIKI,Wine by The Glass (Red/White),wine_drink,/static/media/food/wine_drink.jpg
AlohaTable-WAIKIKI,Sparkling Wine by The Glass,wine_drink,/static/media/food/wine_drink.jpg
AlohaTable-WAIKIKI,Sangria by The Glass (Red/White),,(tile)
AlohaTable-WAIKIKI,MAUI BLANC by The Glass - Pineapple Wine,wine_drink,/static/media/food/wine_drink.jpg
AlohaTable-WAIKIKI,Highball Regular 470ml Glass,cocktail,/static/media/food/cocktail.jpg
AlohaTable-WAIKIKI,Highball Large 600ml Glass,cocktail,/static/media/food/cocktail.jpg
AlohaTable-WAIKIKI,Jasmine Hi Regular 470ml Glass,,(tile)
AlohaTable-WAIKIKI,Jasmine Hi Large 600ml Glass,,(tile)
AlohaTable-WAIKIKI,Oolong Hi Regular 470ml Glass,tea_matcha,/static/media/food/tea_matcha.jpg
AlohaTable-WAIKIKI,Oolong Hi Large 600ml Glass,tea_matcha,/static/media/food/tea_matcha.jpg
AlohaTable-WAIKIKI,Coke Highball Regular 470ml Glass,cocktail,/static/media/food/cocktail.jpg
AlohaTable-WAIKIKI,Coke Highball Large 600ml Glass,cocktail,/static/media/food/cocktail.jpg
AlohaTable-WAIKIKI,Lemon Sour Regular 470ml Glass,,(tile)
AlohaTable-WAIKIKI,Lemon Sour Large 600ml Glass,,(tile)
AlohaTable-WAIKIKI,Grapefruit Sour Regular 470ml Glass,,(tile)
AlohaTable-WAIKIKI,Grapefruit Sour Large 600ml Glass,,(tile)
AlohaTable-WAIKIKI,Pineapple Sour Regular 470ml Glass,,(tile)
AlohaTable-WAIKIKI,Pineapple Sour Large 600ml Glass,,(tile)
AlohaTable-WAIKIKI,Rum Coke Regular 470ml Glass,,(tile)
AlohaTable-WAIKIKI,Rum Coke Large 600ml Glass,,(tile)
AlohaTable-WAIKIKI,Malibu Pineapple Regular 470ml Glass,,(tile)
AlohaTable-WAIKIKI,Malibu Pineapple Large 600ml Glass,,(tile)
Burger-Mania,紫キャベツのコールスロー(ヨーグルトソース),salad_green,
Burger-Mania,自家製オニオンリング,onion_rings,/static/media/food/onion_rings.jpg
Burger-Mania,US 産リブアイステーキ 自家製醤油ソース [200g],steak_plate,/static/media/food/steak_plate.jpg
Burger-Mania,US 産リブアイステーキ 自家製醤油ソース [300g],steak_plate,/static/media/food/steak_plate.jpg
Burger-Mania,自家製チキンナゲット 4p,karaage_chicken,/static/media/food/karaage_chicken.jpg
Burger-Mania,自家製チキンナゲット 8p,karaage_chicken,/static/media/food/karaage_chicken.jpg
Burger-Mania,自家製チキンナゲット 16p,karaage_chicken,/static/media/food/karaage_chicken.jpg
Burger-Mania,100% 神戸牛バーガー [110g],burger_classic,/static/media/food/burger_classic.jpg
Burger-Mania,100% 神戸牛バーガー [150g],burger_classic,/static/media/food/burger_classic.jpg
Burger-Mania,紫キャベツのコールスロー,salad_green,
Burger-Mania,フレッシュガーデンサラダ,salad_green,
Burger-Mania,フレッシュガーデンサラダ スモールサイズ,salad_green,
Burger-Mania,カプレーゼサラダ,salad_green,
Burger-Mania,カプレーゼサラダ スモールサイズ,salad_green,
Burger-Mania,シーザーサラダ 自家製ベーコンのせ,salad_green,
Burger-Mania,チョップドコブサラダ,salad_green,
Burger-Mania,野菜スティック,,(tile)
Burger-Mania,自家製クラムチャウダー,soup_corn,
Burger-Mania,コーンクリームスープ,soup_miso,/static/media/food/soup_miso.jpg
Burger-Mania,オニオングラタンスープ,soup_miso,/static/media/food/soup_miso.jpg
Burger-Mania,自家製ミネストローネ,minestrone,/static/media/food/minestrone.jpg
Burger-Mania,自家製ポテトチップス(自家製サルサソース付き),french_fries,/static/media/food/french_fries.jpg
Burger-Mania,スモークミートの盛り合わせ,,(tile)
Burger-Mania,自家製ベーコン,bacon_dish,
Burger-Mania,パストラミ,,(tile)
Burger-Mania,ヴァッファローウィング (オリジナル BBQ ソース),,(tile)
Burger-Mania,自家製スパイシーナチョス,nachos,/static/media/food/nachos.jpg
Burger-Mania,フレンチフライ サワークリーム&スイートチリソース,french_fries,/static/media/food/french_fries.jpg
Burger-Mania,フレンチフライ単品,french_fries,/static/media/food/french_fries.jpg
Burger-Mania,濃厚チーズのコーンバターソテー,cheese_plate,
Burger-Mania,ケイジャンポップコーンシュリンプ&フレンチフライ,french_fries,/static/media/food/french_fries.jpg
Burger-Mania,自家製チキンナゲット 4P,karaage_chicken,/static/media/food/karaage_chicken.jpg
Burger-Mania,自家製チキンナゲット 8P,karaage_chicken,/static/media/food/karaage_chicken.jpg
Burger-Mania,自家製チキンナゲット 16P,karaage_chicken,/static/media/food/karaage_chicken.jpg
Burger-Mania,自家製ベーコンレタストマト,bacon_dish,
Burger-Mania,グリルドハムエッグアンドチーズ,cheese_plate,
Burger-Mania,グリルドチキン,karaage_chicken,/static/media/food/karaage_chicken.jpg
Burger-Mania,フレッシュベジタブル,,(tile)
Burger-Mania,エビとアボカド,salad_green,
Burger-Mania,コーンビーフ,,(tile)
Burger-Mania,クラシックパティメルト,,(tile)
Burger-Mania,ハンバーガー,burger_classic,/static/media/food/burger_classic.jpg
Burger-Mania,チーズバーガー,burger_cheese,/static/media/food/burger_cheese.jpg
Burger-Mania,てりやきバーガー,burger_classic,/static/media/food/burger_classic.jpg
Burger-Mania,グリルドベジタブルバーガー,burger_classic,/static/media/food/burger_classic.jpg
Burger-Mania,アボカドチーズバーガー,burger_cheese,/static/media/food/burger_cheese.jpg
Burger-Mania,自家製ベーコンチーズバーガー,burger_cheese,/static/media/food/burger_cheese.jpg
Burger-Mania,クアトロチーズバーガー [白金店限定],burger_cheese,/static/media/food/burger_cheese.jpg
Burger-Mania,マンゴーバーガー [白金店限定],burger_classic,/static/media/food/burger_classic.jpg
Burger-Mania,ゴールデンパインチーズバーガー [白金高輪店限定],burger_cheese,/static/media/food/burger_cheese.jpg
Burger-Mania,ウルティメットブルーチーズバーガー,burger_cheese,/static/media/food/burger_cheese.jpg
Burger-Mania,メキシカンバーガー,burger_classic,/static/media/food/burger_classic.jpg
Burger-Mania,チェリーバーガー [広尾、恵比寿店限定],burger_classic,/static/media/food/burger_classic.jpg
Burger-Mania,ローズマリーレモンバーガー,burger_classic,/static/media/food/burger_classic.jpg
Burger-Mania,ダブルチーズバーガー,burger_classic,/static/media/food/burger_classic.jpg
Burger-Mania,バーガーマニア15周年 15種のチーズバーガー,burger_classic,/static/media/food/burger_classic.jpg
Burger-Mania,100% 神戸牛バーガー PATTY 110G,burger_classic,/static/media/food/burger_classic.jpg
Burger-Mania,100% 神戸牛バーガー PATTY 150G,burger_classic,/static/media/food/burger_classic.jpg
Burger-Mania,US産リブアイステーキ 自家製醤油ソース [200G],steak_plate,/static/media/food/steak_plate.jpg
Burger-Mania,US産リブアイステーキ 自家製醤油ソース [300G],steak_plate,/static/media/food/steak_plate.jpg
Burger-Mania,タコライス 目玉焼きのせ,tacos,/static/media/food/tacos.jpg
Burger-Mania,チーズハンバーグライス 目玉焼きのせ,gohan_rice,
Burger-Mania,グリルドチーズチキンライス,gohan_rice,
Burger-Mania,ライス,gohan_rice,
Burger-Mania,トースト,toast_breakfast,/static/media/food/toast_breakfast.jpg
Burger-Mania,ミックスベリーパンケーキ,pancakes,
Burger-Mania,ストロベリー&バニラアイスパンケーキ,pancakes,
Burger-Mania,自家製クッキー,cookie,/static/media/food/cookie.jpg
Burger-Mania,自家製クッキーアイスクリーム,icecream_parfait,/static/media/food/icecream_parfait.jpg
Burger-Mania,アフォガード,,(tile)
Burger-Mania,バニラアイス,icecream_parfait,/static/media/food/icecream_parfait.jpg
Burger-Mania,自家製パンケーキ,pancakes,
Burger-Mania,パンケーキ(キャラメリゼバナナ),pancakes,
Burger-Mania,パンケーキ(ミックスベリー),pancakes,
Burger-Mania,パンケーキ(チョコバナナ&バニラアイス),pancakes,
Burger-Mania,パンケーキ(ストロベリー&バニラアイス),pancakes,
Burger-Mania,プレミアム国産クラフトジントニック,cocktail,/static/media/food/cocktail.jpg
Burger-Mania,季の美,,(tile)
Burger-Mania,小正醸造 桜島小みかん,,(tile)
Burger-Mania,養命酒醸造 香の森,beer_alcohol,/static/media/food/beer_alcohol.jpg
Burger-Mania,プレミアム国産ウィスキー,whisky,/static/media/food/whisky.jpg
Burger-Mania,知多,,(tile)
Burger-Mania,山崎,,(tile)
Burger-Mania,白州,,(tile)
Burger-Mania,響,,(tile)
Burger-Mania,梅酒,beer_alcohol,/static/media/food/beer_alcohol.jpg
Burger-Mania,焼酎,shochu,/static/media/food/shochu.jpg
Burger-Mania,ウーロンハイ,chuhai,/static/media/food/chuhai.jpg
Burger-Mania,オリジナルレモンサワー,chuhai,/static/media/food/chuhai.jpg
Burger-Mania,白ワイン GLASS,wine_drink,/static/media/food/wine_drink.jpg
Burger-Mania,白ワイン BOTTLE,wine_drink,/static/media/food/wine_drink.jpg
Burger-Mania,赤ワイン GLASS,wine_drink,/static/media/food/wine_drink.jpg
Burger-Mania,赤ワイン BOTTLE,wine_drink,/static/media/food/wine_drink.jpg
Burger-Mania,スパークリングワイン GLASS [恵比寿店限定],wine_drink,/static/media/food/wine_drink.jpg
Burger-Mania,スパークリングワイン BOTTLE,wine_drink,/static/media/food/wine_drink.jpg
Burger-Mania,ラム,,(tile)
Burger-Mania,モヒート [夏季限定4-9月],cocktail,/static/media/food/cocktail.jpg
Burger-Mania,カシス,cocktail,/static/media/food/cocktail.jpg
Burger-Mania,テキーラ,,(tile)
Burger-Mania,ウォッカ,,(tile)
Burger-Mania,自家製クラフトコーラ,cola_drink,/static/media/food/cola_drink.jpg
Burger-Mania,自家製クラフトチェリーコーラ,cola_drink,/static/media/food/cola_drink.jpg
Burger-Mania,コカコーラ,cola_drink,/static/media/food/cola_drink.jpg
Burger-Mania,ジンジャエール,,(tile)
Burger-Mania,ルートビア,,(tile)
Burger-Mania,オレンジジュース,juice_beverage,/static/media/food/juice_beverage.jpg
Burger-Mania,アップルジュース,juice_beverage,/static/media/food/juice_beverage.jpg
Burger-Mania,マンゴージュース,juice_beverage,/static/media/food/juice_beverage.jpg
Burger-Mania,グァバジュース,juice_beverage,/static/media/food/juice_beverage.jpg
Burger-Mania,ペリエ(発泡水),,(tile)
Burger-Mania,自家製ジンジャエール,,(tile)
Burger-Mania,自家製レモネード,lemonade,/static/media/food/lemonade.jpg
Burger-Mania,フレッシュミントレモネード,lemonade,/static/media/food/lemonade.jpg
Burger-Mania,バニラ,,(tile)
Burger-Mania,チョコレート,chocolate,/static/media/food/chocolate.jpg
Burger-Mania,ストロベリー,,(tile)
Burger-Mania,バナナ,,(tile)
Burger-Mania,チョコレートバナナ,chocolate,/static/media/food/chocolate.jpg
Burger-Mania,カフェラテ,coffee,/static/media/food/coffee.jpg
Burger-Mania,クッキークリーム,cookie,/static/media/food/cookie.jpg
Burger-Mania,ミルク,milk_drink,/static/media/food/milk_drink.jpg
Burger-Mania,バナナミルク,milk_drink,/static/media/food/milk_drink.jpg
Burger-Mania,ストロベリーミルク,milk_drink,/static/media/food/milk_drink.jpg
Burger-Mania,ホットコーヒー,coffee,/static/media/food/coffee.jpg
Burger-Mania,アイスコーヒー,coffee,/static/media/food/coffee.jpg
Burger-Mania,カフェラテ(ホット・アイス),coffee,/static/media/food/coffee.jpg
Burger-Mania,カプチーノ,coffee,/static/media/food/coffee.jpg
Burger-Mania,カフェモカ(ホット/アイス),icecream_parfait,/static/media/food/icecream_parfait.jpg
Burger-Mania,エスプレッソ,coffee,/static/media/food/coffee.jpg
Burger-Mania,ホットティー [アールグレイ or ダージリン],tea_matcha,/static/media/food/tea_matcha.jpg
Burger-Mania,アイスティー [アールグレイ],tea_matcha,/static/media/food/tea_matcha.jpg
Burger-Mania,ウーロン茶,oolong_tea,
Burger-Mania,ジャスミン茶,tea_matcha,/static/media/food/tea_matcha.jpg
CARDINAL-SPECIAL-洋食定食,自家製ハンバーグガーリックトマトソース,yakiniku_steak,/static/media/food/yakiniku_steak.jpg
CARDINAL-SPECIAL-洋食定食,昼食補助付プラン,,(tile)
CARDINAL-SPECIAL-洋食定食,コーヒー (HOT・ICE) または 紅茶 (HOT・ICE),coffee,/static/media/food/coffee.jpg
CICADA,Signature Course,,(tile)
CICADA,"Jamon serrano, Spain (40g)",,(tile)
CICADA,"Jamon Iberico bellota, Spain (40g)",,(tile)
CICADA,"Chorizo Iberico, Spain (40g)",,(tile)
CICADA,Spanish salami plate with salchichon and coppa,teishoku,/static/media/food/teishoku.jpg
CICADA,Fresh coriander with EVOO and lemon,,(tile)
CICADA,Fresh rucola with EVOO and lemon,juice_beverage,/static/media/food/juice_beverage.jpg
CICADA,Choice of one olive oil,,(tile)
CICADA,Chickpea hummus with grilled flat bread,,(tile)
CICADA,Chickpea hummus with spiced ground lamb and pine nut topping,,(tile)
CICADA,Dip plate – choose 2 dips,teishoku,/static/media/food/teishoku.jpg
CICADA,Dip plate – choose 3 dips,teishoku,/static/media/food/teishoku.jpg
CICADA,Dip plate – choose 4 dips,teishoku,/static/media/food/teishoku.jpg
CICADA,Your choice of cheese (each),,(tile)
CICADA,"Greek horiatiki salad with feta, tomato and kalamata olives",salad_green,
CICADA,"Kale salad with roast chicken, shaved fennel, endive, feta and honey lemon dressing",salad_green,
CICADA,Grilled seasonal vegetables with anchovy bagna cauda sauce,,(tile)
CICADA,"Grilled eggplant with bulgur tabouleh, Moroccan spice and labneh",,(tile)
CICADA,Grilled asparagus with semi-dried tomato and hazelnut salsa,,(tile)
CICADA,Parmigiano-Reggiano with roasted dates and crispy bacon (per pc),,(tile)
CICADA,Manchego with membrillo and pumpkin seeds (per pc),,(tile)
CICADA,Octopus carpaccio with green gazpacho dressing and micro herbs,,(tile)
CICADA,"Mojama, cured and dried thin sliced tuna with EVOO",,(tile)
CICADA,"Burrata with yellow peaches, jamon serrano, wild arugula and pistachios",,(tile)
CICADA,Grilled herb marinated sardines with pickled red onions and peppers,,(tile)
CICADA,Wagyu meatballs with spicy tomato sauce and herb panko,,(tile)
CICADA,Spicy Moroccan crab cakes with coriander and cumin sauce,cake_dessert,/static/media/food/cake_dessert.png
CICADA,Sautéed calamari in spicy tomato garlic sauce with brussel sprout and olive,,(tile)
CICADA,"Sautéed shrimp with garlic and chili, pil pil style",,(tile)
CICADA,Salami and mozzarella arancini with tomato sauce and Parmesan,,(tile)
CICADA,Tuna and boiled egg brik with coriander aioli,,(tile)
CICADA,Zucchini and feta cheese fritter,,(tile)
CICADA,Moorish grilled beef brochette,,(tile)
CICADA,"Patatas bravas, fried potatoes with spicy sauce",,(tile)
CICADA,Flat bread basket,toast_breakfast,/static/media/food/toast_breakfast.jpg
CICADA,Today’s fish tagine,,(tile)
CICADA,Chicken tagine with preserved lemons and green olives,,(tile)
CICADA,"Aromatic beef tagine with tomato, Moroccan beans and coriander, side cous cous",,(tile)
CICADA,Pan-roasted shrimp with farro and maitake risotto,,(tile)
CICADA,"Roasted snapper with rosemary, roasted potatoes and Nicoise olives",,(tile)
CICADA,"Grilled swordfish steak with tomato, eggplant, pepper and okra escabeche",steak_plate,/static/media/food/steak_plate.jpg
CICADA,Grilled seasonal seafood platter with herb butter and vegetables,coffee,/static/media/food/coffee.jpg
CICADA,Grilled lamb chops with anchovy and rosemary,,(tile)
CICADA,"Grilled frango chicken, spicy Portuguese style",,(tile)
CICADA,"Grilled Kirishima pork loin with salsa verde, arugula, red endive and shaved fennel",,(tile)
CICADA,Grilled F1 Japanese beef sirloin tagliata style with harissa butter and rucola,steak_plate,/static/media/food/steak_plate.jpg
CICADA,"Spaghettini with guanciale and pecorino Romano, gricia style",pasta,/static/media/food/pasta.jpg
CICADA,"Rigatoni with pork salsiccia and zucchini in Calabria chili tomato sauce, basil",,(tile)
CICADA,"Fregola pasta with shrimp, calamari, mussels, tomatoes and snap peas",pasta,/static/media/food/pasta.jpg
CICADA,Lunch Course,,(tile)
CICADA,"Weekly Lunch – Salad: Lebanese fattoush salad with romaine, cucumber, tomato, feta",salad_green,
CICADA,Weekly Lunch – Dip: Roasted eggplant baba ghanoush,,(tile)
CICADA,Weekly Lunch – Soup: Spicy clam soup with braised vegetables,soup_miso,/static/media/food/soup_miso.jpg
CICADA,"Weekly Lunch – Special Entrée: Grilled pork loin with fregola, olives and semi-dried tomato sauce",,(tile)
CICADA,"Weekly Lunch – Tagine: Today’s fish tagine / Lamb tagine with tomatoes, onions, fried okra, coriander and ginger",,(tile)
CICADA,"Weekly Lunch – Pasta: Spaghettini with whitebait, cabbage, colatura and lemon zest",juice_beverage,/static/media/food/juice_beverage.jpg
CICADA,Weekly Lunch – Mezze Plate,teishoku,/static/media/food/teishoku.jpg
CICADA,"Kadaif wrapped walnut, almond and honey baklava with vanilla gelato",sandwich,/static/media/food/sandwich.jpg
CICADA,CICADA original pistachio crème brûlée,,(tile)
CICADA,Super rich warm Valrhona 70% cacao chocolate cake with chocolate gelato,cake_dessert,/static/media/food/cake_dessert.png
CICADA,"Musk melon panna cotta with melon jelly, fresh melon and crispy tuile",,(tile)
CICADA,Classic ricotta and chocolate chip cannoli with crushed pistachios,juice_beverage,/static/media/food/juice_beverage.jpg
CICADA,CICADA’s marsala tiramisu,cake_dessert,/static/media/food/cake_dessert.png
CICADA,Double espresso affogato with gelato and amaretto,icecream_parfait,/static/media/food/icecream_parfait.jpg
CICADA,Assorted gelato and sorbet,icecream_parfait,/static/media/food/icecream_parfait.jpg
CICADA,CICADA original Moroccan mint tea,tea_matcha,/static/media/food/tea_matcha.jpg
CICADA,Cafè latte (Hot / Iced),coffee,/static/media/food/coffee.jpg
CICADA,Espresso (single),coffee,/static/media/food/coffee.jpg
CICADA,Espresso (double),coffee,/static/media/food/coffee.jpg
CICADA,Coffee,coffee,/static/media/food/coffee.jpg
CICADA,Iced coffee,coffee,/static/media/food/coffee.jpg
CICADA,Organic Darjeeling,,(tile)
CICADA,Organic Earl Grey,tea_matcha,/static/media/food/tea_matcha.jpg
CICADA,Chamomile Citrus,,(tile)
CICADA,White peach green tea,tea_matcha,/static/media/food/tea_matcha.jpg
CICADA,Organic tropical iced tea,tea_matcha,/static/media/food/tea_matcha.jpg
CICADA,"Dessert wine: Yarden, Gewürztraminer, Israel",wine_drink,/static/media/food/wine_drink.jpg
CICADA,"Dessert wine: Vin Santo, Assyrtiko, Greece",wine_drink,/static/media/food/wine_drink.jpg
CICADA,"Dessert wine: Cantine Colosi, Passito, Moscato, Sicily",wine_drink,/static/media/food/wine_drink.jpg
CICADA,"Port wine: Niepoort, Tawny Port 10y",wine_drink,/static/media/food/wine_drink.jpg
CICADA,"Port wine: Graham, Tawny Port 20y",wine_drink,/static/media/food/wine_drink.jpg
CICADA,"Limoncello: Profumi della Costiera, Amalfi",,(tile)
CICADA,Grappa: Grappa di Luce,,(tile)
CICADA,"Calvados: Christian Drouin, Calvados, Reserve",,(tile)
CICADA,"Cognac: Hennessy, V.S.O.P.",,(tile)
CICADA,"Champagne: Moet et Chandon, Brut Imperial",,(tile)
CICADA,"Greece sparkling: Karanika, Cuvee Rose, Amyndeon, Greece",,(tile)
CICADA,"Cava: Mas Oliver, Chamcalet",,(tile)
CICADA,Pale ale,beer_alcohol,/static/media/food/beer_alcohol.jpg
CICADA,Wheat ale,beer_alcohol,/static/media/food/beer_alcohol.jpg
CICADA,Seasonal brew,,(tile)
CICADA,CICADA sangria,,(tile)
CICADA,Pêche anise moni,,(tile)
CICADA,Mandarin tea fizz,tea_matcha,/static/media/food/tea_matcha.jpg
CICADA,Diamour Muscat (non-alcoholic sparkling),,(tile)
CICADA,Vallformosa Rose (non-alcoholic Rose sparkling),,(tile)
CICADA,"Bergamot noir (Merlot grape juice, earl grey tea, pomegranate)",tea_matcha,/static/media/food/tea_matcha.jpg
CICADA,Chardonnay white grape ~Alain Milliat~,wine_drink,/static/media/food/wine_drink.jpg
CICADA,Blood orange juice,juice_beverage,/static/media/food/juice_beverage.jpg
CICADA,Mineral water (Sparkling / Natural),,(tile)
CICADA,Party Course (family style menu),,(tile)
CICADA,Party Course Premium (family style menu),,(tile)
CICADA,"Free Drink Plan (2 hours, party menu only)",,(tile)
CINNABON®,レッドチェリーボン (Red Cherrybon) 単品,,(tile)
CINNABON®,レッドチェリーボン (Red Cherrybon) ドリンクセット,teishoku,/static/media/food/teishoku.jpg
CINNABON®,レッドチェリーミニボン (Red Cherry Minibon) 単品,,(tile)
CINNABON®,レッドチェリーミニボン (Red Cherry Minibon) ドリンクセット,teishoku,/static/media/food/teishoku.jpg
CINNABON®,ミニボンクラシック (Minibon® Classic) 単品,,(tile)
CINNABON®,ミニボンクラシック (Minibon® Classic) ドリンクセット,teishoku,/static/media/food/teishoku.jpg
CINNABON®,シナボンクラシック (Cinnabon® Classic) 単品,,(tile)
CINNABON®,シナボンクラシック (Cinnabon® Classic) ドリンクセット,teishoku,/static/media/food/teishoku.jpg
CINNABON®,ミニピーカンボン (Mini Pecanbon®) 単品,,(tile)
CINNABON®,ミニピーカンボン (Mini Pecanbon®) ドリンクセット,teishoku,/static/media/food/teishoku.jpg
CINNABON®,キャラメルピーカンボン (Caramel Pecanbon®) 単品,,(tile)
CINNABON®,キャラメルピーカンボン (Caramel Pecanbon®) ドリンクセット,teishoku,/static/media/food/teishoku.jpg
CINNABON®,ミニチョコボン (Mini Chocobon®) 単品,chocolate,/static/media/food/chocolate.jpg
CINNABON®,ミニチョコボン (Mini Chocobon®) ドリンクセット,chocolate,/static/media/food/chocolate.jpg
CINNABON®,ミニモカチーノボン (Mini Mochaccinobon) 単品,coffee,/static/media/food/coffee.jpg
CINNABON®,ミニモカチーノボン (Mini Mochaccinobon) ドリンクセット,teishoku,/static/media/food/teishoku.jpg
CINNABON®,チョコレート ロール・オン・ザ・ゴー (Chocolate Roll on the Go®) 単品,chocolate,/static/media/food/chocolate.jpg
CINNABON®,チョコレート ロール・オン・ザ・ゴー (Chocolate Roll on the Go®) ドリンクセット,chocolate,/static/media/food/chocolate.jpg
CINNABON®,コーヒー (Coffee) [Hot/Iced],coffee,/static/media/food/coffee.jpg
CINNABON®,紅茶 (Tea) [Hot/Iced],tea_matcha,/static/media/food/tea_matcha.jpg
CINNABON®,ラテ (Latte) [Hot/Iced],coffee,/static/media/food/coffee.jpg
CINNABON®,ミルク (Milk) [Hot/Iced],milk_drink,/static/media/food/milk_drink.jpg
CINNABON®,100%ジュース (100% Juice),juice_beverage,/static/media/food/juice_beverage.jpg
CINNABON®,イタリアンソーダ (Italian Soda),juice_beverage,/static/media/food/juice_beverage.jpg
CINNABON®,クリームチーズフロスティング (Cream Cheese Frosting),cheese_plate,
CINNABON®,アイスクリーム (Ice Cream),icecream_parfait,/static/media/food/icecream_parfait.jpg
CINNABON®,アフォガート (Affogato),icecream_parfait,/static/media/food/icecream_parfait.jpg
CINNABON®,シナボンクラシック 2個入 (Cinnabon® Classic 2 rolls),,(tile)
CINNABON®,シナボンクラシック 4個入 (Cinnabon® Classic 4 rolls),,(tile)
CINNABON®,ミニボンクラシック 3個入 (Minibon® Classic 3 rolls),,(tile)
CINNABON®,ミニボンクラシック 6個入 (Minibon® Classic 6 rolls),,(tile)
CINNABON®,ミニトリプルコンボ 3個入 (Mini Triple Combo 3 rolls),teishoku,/static/media/food/teishoku.jpg
CINNABON®,ミニトリプルコンボ 6個入 (Mini Triple Combo 6 rolls),teishoku,/static/media/food/teishoku.jpg
CINNABON®,コンボ 2個入 (Combo 2 rolls),teishoku,/static/media/food/teishoku.jpg
CINNABON®,コンボ 4個入 (Combo 4 rolls),teishoku,/static/media/food/teishoku.jpg
COCONOMA,五種鮮魚のお造り盛り合わせ。鮪、真鯛、サーモン、水蛸、甘海老,sashimi,/static/media/food/sashimi.jpg
COCONOMA,鮪といくらの枡ちらし寿司,sushi_platter,/static/media/food/sushi_platter.jpg
COCONOMA,特製「焼魚御膳」（静岡県産「あかふじサーモン」西京味噌漬け焼き）,sushi_salmon,/static/media/food/sushi_salmon.jpg
COCONOMA,特製「焼魚御膳」（国産真鯖の塩焼き）,teishoku,/static/media/food/teishoku.jpg
COCONOMA,チョコレート盛り合わせ,chocolate,/static/media/food/chocolate.jpg
COCONOMA,季節のバスクチーズケーキ,cake_dessert,/static/media/food/cake_dessert.png
COCONOMA,本日のデザート,,(tile)
COCONOMA,ニューヨークロール（チョコレート／シナモン／カスタード）,chocolate,/static/media/food/chocolate.jpg
COCONOMA,デザート２種と本日のジェラート,,(tile)
COCONOMA,ジェラート２種,,(tile)
COCONOMA,本日のフルーツ盛り合わせ,,(tile)
COCONOMA,ディナーコース,,(tile)
COCONOMA,フリーフロードリンク,,(tile)
COCONOMA,メインアップグレード,,(tile)
COCONOMA,グリーンサラダまたはシーザーサラダ (レギュラーサイズ),salad_green,
COCONOMA,グリーンサラダまたはシーザーサラダ (ハーフサイズ),salad_green,
COCONOMA,3種チーズの盛り合わせ,cheese_plate,
COCONOMA,フレッシュスライス パレタ・イベリコ・ベジョータハム,gohan_rice,
COCONOMA,静岡県産サーモンのマリネ,sushi_salmon,/static/media/food/sushi_salmon.jpg
COCONOMA,巨大タコのマリネ,sushi_platter,/static/media/food/sushi_platter.jpg
COCONOMA,アボカドとマグロのセビーチェ,sushi_tuna,/static/media/food/sushi_tuna.jpg
COCONOMA,トリュフ風味フライドポテト (レギュラーサイズ),french_fries,/static/media/food/french_fries.jpg
COCONOMA,トリュフ風味フライドポテト (ハーフサイズ),french_fries,/static/media/food/french_fries.jpg
COCONOMA,イカのクリスピーフライ,fry_seafood,/static/media/food/fry_seafood.jpg
COCONOMA,フィッシュ＆チップス,,(tile)
COCONOMA,真鯛のアクアパッツァ,,(tile)
COCONOMA,ホタテのハーブレモンソテー,sushi_platter,/static/media/food/sushi_platter.jpg
COCONOMA,アサリのワイン蒸し 5個,wine_drink,/static/media/food/wine_drink.jpg
COCONOMA,蝦夷アワビのバターソテー,,(tile)
COCONOMA,佐賀県産 有田鶏もも肉のクリスピー焼き 170g,,(tile)
COCONOMA,葉山石井ファーム 和牛A5ランク クイーンビーフ ローストまたはバーガー (100g),burger_classic,/static/media/food/burger_classic.jpg
COCONOMA,葉山石井ファーム 和牛A5ランク クイーンビーフ ローストまたはバーガー (200g),burger_classic,/static/media/food/burger_classic.jpg
COCONOMA,葉山石井ファーム 和牛A5ランク クイーンビーフ ローストまたはバーガー (300g),burger_classic,/static/media/food/burger_classic.jpg
COCONOMA,本日のパスタ,pasta,/static/media/food/pasta.jpg
COCONOMA,自家製イカ墨のタリオリーニ ペスカトーレ・ビアンコ,,(tile)
COCONOMA,フレッシュトリュフと半熟卵のチーズソース リゾットまたはパスタ,cheese_plate,
COCONOMA,濃厚ブイヤベースラーメン (グルテンフリー麺使用),ramen_shoyu,/static/media/food/ramen_shoyu.jpg
COCONOMA,ライスまたは2種類のパン,gohan_rice,
Costco,北海道ソフトクリーム,soft_serve,/static/media/food/soft_serve.jpg
Costco,ソフトクリーム（ミックス）,soft_serve,/static/media/food/soft_serve.jpg
Costco,クラムチャウダースープ,soup_miso,/static/media/food/soup_miso.jpg
Costco,サーモンポキロール,sushi_salmon,/static/media/food/sushi_salmon.jpg
Costco,チキンスティック,karaage_chicken,/static/media/food/karaage_chicken.jpg
Costco,1/4パウンドプラスホットドッグ,hotdog,/static/media/food/hotdog.jpg
Costco,ジャンボプルコギベイク,,(tile)
Costco,ピザ（ペパロニ/スライス）,pizza,/static/media/food/pizza.jpg
Costco,ピザ（ペパロニ/ホール）,pizza,/static/media/food/pizza.jpg
Costco,ピザ（コンボ/スライス）,pizza,/static/media/food/pizza.jpg
Costco,ピザ（コンボ/ホール）,pizza,/static/media/food/pizza.jpg
Costco,赤肉メロンスムージー,smoothie,/static/media/food/smoothie.jpg
Costco,ソーダ（お替り自由）,juice_beverage,/static/media/food/juice_beverage.jpg
Costco,ダブルチョコレートチャンククッキー,cookie,/static/media/food/cookie.jpg
Dipgarden-TERRACE,バターチキンセット,teishoku,/static/media/food/teishoku.jpg
Dipgarden-TERRACE,チキンフォーのセット,teishoku,/static/media/food/teishoku.jpg
Dipgarden-TERRACE,エビチャーハンセット,teishoku,/static/media/food/teishoku.jpg
Dipgarden-TERRACE,フライドポテト,french_fries,/static/media/food/french_fries.jpg
Dipgarden-TERRACE,チーズナン プレート,cheese_plate,
Dipgarden-TERRACE,バターチキンカレー,curry_rice,/static/media/food/curry_rice.jpg
Dipgarden-TERRACE,ドリンクセット,teishoku,/static/media/food/teishoku.jpg
Dipgarden-TERRACE,マサラチャイ,,(tile)
Dipgarden-TERRACE,アルコールドリンク,,(tile)
Dipgarden-TERRACE,ディップガーデン スペシャルコンボ,,(tile)
Dipgarden-TERRACE,グリーンカレー&ジャスミンライス,gohan_rice,
Dipgarden-TERRACE,カオマンガイ,,(tile)
Dipgarden-TERRACE,ガパオ,,(tile)
Dipgarden-TERRACE,パッタイ,,(tile)
Dipgarden-TERRACE,トムヤムヌードル,,(tile)
Dipgarden-TERRACE,クイッティオガイ,,(tile)
Dipgarden-TERRACE,パクチー大盛り,,(tile)
Dipgarden-TERRACE,ディップガーデン カレーセット A,teishoku,/static/media/food/teishoku.jpg
Dipgarden-TERRACE,ディップガーデン カレーセット B,teishoku,/static/media/food/teishoku.jpg
Dipgarden-TERRACE,ディップガーデン スペシャルターリー,,(tile)
Dipgarden-TERRACE,チキンビリヤニ,karaage_chicken,/static/media/food/karaage_chicken.jpg
Dipgarden-TERRACE,バターナン・チーズナン,cheese_plate,
Dipgarden-TERRACE,ジャスミン茶 追加,tea_matcha,/static/media/food/tea_matcha.jpg
Eggs-n-Things,"Banana, Whipped Cream and Macadamia Nuts / バナナ、ホイップクリームとマカダミアナッツ",nuts_snack,/static/media/food/nuts_snack.png
Eggs-n-Things,"Blueberry, Whipped Cream and Macadamia Nuts / ブルーベリー、ホイップクリームとマカダミアナッツ",nuts_snack,/static/media/food/nuts_snack.png
Eggs-n-Things,Poached Eggs & Ham / ポーチドエッグ＆ハム,,(tile)
Eggs-n-Things,"Strawberry, Whipped Cream and Macadamia Nuts / ストロベリー、ホイップクリームとマカダミアナッツ",nuts_snack,/static/media/food/nuts_snack.png
Eggs-n-Things,"Buttermilk, Whipped Cream and Macadamia Nuts / バターミルク、ホイップクリームとマカダミアナッツ",nuts_snack,/static/media/food/nuts_snack.png
Eggs-n-Things,Smoked Salmon & Avocado / スモークサーモン＆アボカド,salad_green,
Eggs-n-Things,"Pineapple, Whipped Cream and Macadamia Nuts / パイナップル、ホイップクリームとマカダミアナッツ",nuts_snack,/static/media/food/nuts_snack.png
Eggs-n-Things,Classic French Toast / クラシック・フレンチトースト,toast_breakfast,/static/media/food/toast_breakfast.jpg
Eggs-n-Things,Fruits French Toast / フルーツ・フレンチトースト,toast_breakfast,/static/media/food/toast_breakfast.jpg
Eggs-n-Things,Whipped Cream / ホイップクリーム,,(tile)
Eggs-n-Things,Chocolate Sauce / チョコレートソース,juice_beverage,/static/media/food/juice_beverage.jpg
Eggs-n-Things,Strawberry / Banana / Pineapple / ストロベリー、バナナ、パイナップル,donut,/static/media/food/donut.jpg
Eggs-n-Things,Blueberry / ブルーベリー,,(tile)
Eggs-n-Things,"Strawberry & Banana, Whipped Cream and Macadamia Nuts / ストロベリー＆バナナ、ホイップクリームとマカダミアナッツ",nuts_snack,/static/media/food/nuts_snack.png
Eggs-n-Things,Buttermilk / バターミルク,milk_drink,/static/media/food/milk_drink.jpg
Eggs-n-Things,Garlic Shrimp -North Shore Style- / ガーリックシュリンプ 〜ノースショアスタイル〜,sushi_platter,/static/media/food/sushi_platter.jpg
Eggs-n-Things,Loco Moco / ロコ・モコ,,(tile)
Eggs-n-Things,Avocado Toast / アボカドトースト,toast_breakfast,/static/media/food/toast_breakfast.jpg
Eggs-n-Things,Garlic Shrimp / ガーリックシュリンプ,,(tile)
Eggs-n-Things,Acai Bowl / アサイーボウル,,(tile)
Eggs-n-Things,Spam Caesar Salad / スパムシーザーサラダ,salad_green,
Eggs-n-Things,Ahi Poke Bowl / アヒポケボウル,,(tile)
Eggs-n-Things,Spicy Ahi Poke Bowl / スパイシーアヒポケボウル,donut,/static/media/food/donut.jpg
Eggs-n-Things,Spinach and Bacon / ホウレン草とベーコン,bacon_dish,
Eggs-n-Things,Smoked Salmon and Avocado / スモークサーモンとアボカド,salad_green,
Eggs-n-Things,Spam / スパム,,(tile)
Eggs-n-Things,Sausage / ソーセージ,sausage,/static/media/food/sausage.jpg
Eggs-n-Things,Bacon / ベーコン,bacon_dish,
Eggs-n-Things,Ahi Poke / アヒポケ,,(tile)
Eggs-n-Things,Spicy Ahi Poke / スパイシーアヒポケ,donut,/static/media/food/donut.jpg
Eggs-n-Things,Lomi Lomi Salmon / ロミロミサーモン,sushi_salmon,/static/media/food/sushi_salmon.jpg
Eggs-n-Things,Grilled Potato / グリルポテト,french_fries,/static/media/food/french_fries.jpg
Eggs-n-Things,Kona Blend Coffee [Hot] / コナコーヒーブレンド [Hot],coffee,/static/media/food/coffee.jpg
Eggs-n-Things,Earl Grey Tea [Hot or Iced] / アールグレイティー [Hot or Iced],tea_matcha,/static/media/food/tea_matcha.jpg
Eggs-n-Things,Iced Lemonade / レモネード,lemonade,/static/media/food/lemonade.jpg
Eggs-n-Things,Iced Coffee / アイスコーヒー,coffee,/static/media/food/coffee.jpg
Eggs-n-Things,Plantation Iced Tea / プランテーションアイスティー,tea_matcha,/static/media/food/tea_matcha.jpg
Eggs-n-Things,Iced Tea Lemonade / アイスティーレモネード,lemonade,/static/media/food/lemonade.jpg
Eggs-n-Things,Milk [Iced] / ミルク [Iced],milk_drink,/static/media/food/milk_drink.jpg
Eggs-n-Things,Orange Juice / オレンジジュース,juice_beverage,/static/media/food/juice_beverage.jpg
Eggs-n-Things,Guava Juice / グァバジュース,juice_beverage,/static/media/food/juice_beverage.jpg
Eggs-n-Things,Pineapple Juice / パイナップルジュース,juice_beverage,/static/media/food/juice_beverage.jpg
Eggs-n-Things,Mango Drink / マンゴードリンク,,(tile)
Eggs-n-Things,"""Big Wave"" Golden Ale / ビッグウェーブ",beer_alcohol,/static/media/food/beer_alcohol.jpg
Eggs-n-Things,"""Long Board"" Island Lager / ロングボード",beer_alcohol,/static/media/food/beer_alcohol.jpg
Eggs-n-Things,BIERE DES AMIS BLONDE 0.0% / ビア・デザミー・ブロンド 0.0%,,(tile)
Eggs-n-Things,Budweiser / バドワイザー,,(tile)
FRIDAYS,ロングアイランドアイスティー,tea_matcha,/static/media/food/tea_matcha.jpg
FRIDAYS,ジューンバグ,,(tile)
FRIDAYS,エレクトリックレモネード,lemonade,/static/media/food/lemonade.jpg
FRIDAYS,ベストフライデーズマルガリータ,fry_seafood,/static/media/food/fry_seafood.jpg
FRIDAYS,フライデーズリタブラックベリー,fry_seafood,/static/media/food/fry_seafood.jpg
FRIDAYS,ブラックベリーロングアイランドティー,tea_matcha,/static/media/food/tea_matcha.jpg
FRIDAYS,ストロベリー ダイキリ,,(tile)
FRIDAYS,エルマタドール,,(tile)
FRIDAYS,ジン ウィズ パッション,,(tile)
FRIDAYS,ブルーハワイアン,,(tile)
FRIDAYS,フローズンラバフロウ,,(tile)
FRIDAYS,ピーチサングリア,,(tile)
FRIDAYS,ベリーサングリア,,(tile)
FRIDAYS,ウルティメイトロングアイランドアイスティー,tea_matcha,/static/media/food/tea_matcha.jpg
FRIDAYS,ウルティメイト ダブルベリーモヒート,cocktail,/static/media/food/cocktail.jpg
FRIDAYS,ウルティメイト マルガリータ,,(tile)
FRIDAYS,ウルティメイトキャプテンアイランドラムパンチ,,(tile)
FRIDAYS,ウルティメイト サングリア リータ,,(tile)
FRIDAYS,ウルティメイトフライデーズモヒート,cocktail,/static/media/food/cocktail.jpg
FRIDAYS,ハイボール,whisky,/static/media/food/whisky.jpg
FRIDAYS,ジンジャーハイボール,whisky,/static/media/food/whisky.jpg
FRIDAYS,プレミアム ハイボール,whisky,/static/media/food/whisky.jpg
FRIDAYS,ジントニック,cocktail,/static/media/food/cocktail.jpg
FRIDAYS,レッドブル ウォッカ,,(tile)
FRIDAYS,シャンディガフ,,(tile)
FRIDAYS,アオ (WHISKY),,(tile)
FRIDAYS,イチローズモルト (WHISKY),,(tile)
FRIDAYS,ロク (GIN),,(tile)
FRIDAYS,カールスバーグ,,(tile)
FRIDAYS,バドワイザー,,(tile)
FRIDAYS,ハイネケン,,(tile)
FRIDAYS,コロナ,,(tile)
FRIDAYS,ステラ アルトア,,(tile)
FRIDAYS,ギネス,,(tile)
FRIDAYS,ザ・プレミアムモルツ [S],,(tile)
FRIDAYS,ザ・プレミアムモルツ [R],,(tile)
FRIDAYS,ザ・プレミアムモルツ [L],,(tile)
FRIDAYS,ザ・プレミアムモルツ黒,,(tile)
FRIDAYS,ハーフ&ハーフ,,(tile)
FRIDAYS,ヘイジー・ジェーン,,(tile)
FRIDAYS,ヒューガルデンホワイト,,(tile)
FRIDAYS,ブルックリン ラガー,,(tile)
FRIDAYS,エルビス ジュース,juice_beverage,/static/media/food/juice_beverage.jpg
FRIDAYS,ブルームーン,,(tile)
FRIDAYS,サントリー オールフリー(アルコールゼロ),,(tile)
FRIDAYS,ガロ ファミリー ヴィンヤード グラス,,(tile)
FRIDAYS,ガロ ファミリー ヴィンヤード ボトル,,(tile)
FRIDAYS,サンタ カロリーナ ソーヴィニヨン・ブラン レセルヴァ ボトル,,(tile)
FRIDAYS,ダークホース シャルドネ ボトル,,(tile)
FRIDAYS,ダークホース ボトル,,(tile)
FRIDAYS,アンジュエール ブラン ハーフボトル,,(tile)
FRIDAYS,ローラン・ペリエ ブリュット ラ・キュヴェ ボトル,,(tile)
FRIDAYS,フォルタン リトラル メルロ ボトル,,(tile)
FRIDAYS,サンタ カロリーナ カベルネ ソーヴィニヨン レセルヴァ ボトル,,(tile)
FRIDAYS,ダークホース カベルネ・ソーヴィニヨン ボトル,,(tile)
FRIDAYS,フライデーズ フレッシュ レモネード,fry_seafood,/static/media/food/fry_seafood.jpg
FRIDAYS,ブルー ラズベリー スラッシュ,,(tile)
FRIDAYS,マンゴー ピーチ レモネード スラッシュ,lemonade,/static/media/food/lemonade.jpg
FRIDAYS,ストロベリー レモネード スラッシュ,lemonade,/static/media/food/lemonade.jpg
FRIDAYS,パラダイスパンチ,,(tile)
FRIDAYS,サンフランシスコ,,(tile)
FRIDAYS,ノベンバーシーブリーズ,,(tile)
FRIDAYS,オレンジ ジュリオ,,(tile)
FRIDAYS,トロピカル ラズベリー ティー,tea_matcha,/static/media/food/tea_matcha.jpg
FRIDAYS,ブラックベリー ポメグラネイト ティー,tea_matcha,/static/media/food/tea_matcha.jpg
FRIDAYS,ORANGE,,(tile)
FRIDAYS,APPLE,,(tile)
FRIDAYS,TOMATO,,(tile)
FRIDAYS,GRAPEFRUIT,,(tile)
FRIDAYS,PINEAPPLE,,(tile)
FRIDAYS,マンゴー パッション スムージー,smoothie,/static/media/food/smoothie.jpg
FRIDAYS,トリプル ベリー スムージー,smoothie,/static/media/food/smoothie.jpg
FRIDAYS,ストロベリー バナナ スムージー,smoothie,/static/media/food/smoothie.jpg
FRIDAYS,ウルティメイト フレッシュ ブラックベリーレモンジュース,juice_beverage,/static/media/food/juice_beverage.jpg
FRIDAYS,ウルティメイト パイナップル サンシャイン,donut,/static/media/food/donut.jpg
FRIDAYS,ウルティメイト フレッシュ レモンジュース,juice_beverage,/static/media/food/juice_beverage.jpg
FRIDAYS,PEPSI,,(tile)
FRIDAYS,PEPSI ZERO,,(tile)
FRIDAYS,TONIC WATER,,(tile)
FRIDAYS,HOT COFFEE,coffee,/static/media/food/coffee.jpg
FRIDAYS,ICED COFFEE,coffee,/static/media/food/coffee.jpg
FRIDAYS,HOT TEA,tea_matcha,/static/media/food/tea_matcha.jpg
FRIDAYS,GINGER ALE,juice_beverage,/static/media/food/juice_beverage.jpg
FRIDAYS,ICED TEA,tea_matcha,/static/media/food/tea_matcha.jpg
FRIDAYS,HOT ORANGE SPICED TEA,tea_matcha,/static/media/food/tea_matcha.jpg
FRIDAYS,7UP,,(tile)
FRIDAYS,OOLONG TEA,tea_matcha,/static/media/food/tea_matcha.jpg
FRIDAYS,フライデーズ オニオンリング,fry_seafood,/static/media/food/fry_seafood.jpg
FRIDAYS,フライデーズ マッシュルーム,fry_seafood,/static/media/food/fry_seafood.jpg
FRIDAYS,フライド モッツァレラ,fry_seafood,/static/media/food/fry_seafood.jpg
FRIDAYS,フライデーズ シグネチャー チキンストリップ,fry_seafood,/static/media/food/fry_seafood.jpg
FRIDAYS,ブルスケッタ,bruschetta,/static/media/food/bruschetta.jpg
FRIDAYS,フィッシュ&チップス,fish_and_chips,/static/media/food/fish_and_chips.jpg
FRIDAYS,チキンフィンガー,karaage_chicken,/static/media/food/karaage_chicken.jpg
FRIDAYS,ケソ フォンディード,,(tile)
FRIDAYS,トラディショナル,,(tile)
FRIDAYS,テーブルサイド ガカモレ,,(tile)
FRIDAYS,フライデーズ シュリンプ,fry_seafood,/static/media/food/fry_seafood.jpg
FRIDAYS,チキン ケサディア,karaage_chicken,/static/media/food/karaage_chicken.jpg
FRIDAYS,フライド カラマリ,fry_seafood,/static/media/food/fry_seafood.jpg
FRIDAYS,フライデーズ ナチョス,fry_seafood,/static/media/food/fry_seafood.jpg
FRIDAYS,フライデーズ スリーフォーオール,fry_seafood,/static/media/food/fry_seafood.jpg
FRIDAYS,シーザーサラダ レギュラーサイズ,salad_green,
FRIDAYS,シーザーサラダ ハーフサイズ,salad_green,
FRIDAYS,ケイジャンフライドチキンサラダ レギュラーサイズ,salad_green,
FRIDAYS,ケイジャンフライドチキンサラダ ハーフサイズ,salad_green,
FRIDAYS,コブサラダ レギュラーサイズ,salad_green,
FRIDAYS,コブサラダ ハーフサイズ,salad_green,
FRIDAYS,チポトレユカタンチキンサラダ レギュラーサイズ,salad_green,
FRIDAYS,チポトレユカタンチキンサラダ ハーフサイズ,salad_green,
FRIDAYS,フレンチ オニオン スープ,soup_miso,/static/media/food/soup_miso.jpg
FRIDAYS,クリーミーバッファローチキンパスタ,pasta,/static/media/food/pasta.jpg
FRIDAYS,ケイジャン シュリンプ&チキン パスタ,pasta,/static/media/food/pasta.jpg
FRIDAYS,テクスメクス マック&チーズ パスタ,pasta,/static/media/food/pasta.jpg
FRIDAYS,シズリングチキン&チーズ,cheese_plate,
FRIDAYS,シズリングニューイングランドシュリンプ,,(tile)
FRIDAYS,クリスピーチキンフィンガータコス,tacos,/static/media/food/tacos.jpg
FRIDAYS,ブラッケンシュリンプタコス,tacos,/static/media/food/tacos.jpg
FRIDAYS,ブラッケン シュリンプ メキシボウル,,(tile)
FRIDAYS,グリルド チキン メキシボウル,karaage_chicken,/static/media/food/karaage_chicken.jpg
FRIDAYS,ウルティメイト フライデーズ シグネチャー バーガー,burger_classic,/static/media/food/burger_classic.jpg
FRIDAYS,フライデーズ シグネチャー バーガー,fry_seafood,/static/media/food/fry_seafood.jpg
FRIDAYS,フライデーズ チーズバーガー,fry_seafood,/static/media/food/fry_seafood.jpg
FRIDAYS,ベーコン チーズバーガー,bacon_dish,
FRIDAYS,バーベキューバーガー,burger_classic,/static/media/food/burger_classic.jpg
FRIDAYS,トゥーブルー ベーコンバーガー,burger_classic,/static/media/food/burger_classic.jpg
FRIDAYS,チキンフィンガーBLT サンドウィッチ,sandwich,/static/media/food/sandwich.jpg
FRIDAYS,ベーコン,bacon_dish,
FRIDAYS,ハラペーニョ,,(tile)
FRIDAYS,ガカモレ,,(tile)
FRIDAYS,ピコデガヨ,,(tile)
FRIDAYS,チェダーチーズ,cheese_plate,
FRIDAYS,モッツァレラチーズ,cheese_plate,
FRIDAYS,フライデーズ シグネチャー チキン,fry_seafood,/static/media/food/fry_seafood.jpg
FRIDAYS,フライデーズ シグネチャー リブ&チキン コンボ,fry_seafood,/static/media/food/fry_seafood.jpg
FRIDAYS,フライデーズ シグネチャー グレイズド リブ,fry_seafood,/static/media/food/fry_seafood.jpg
FRIDAYS,フライデーズ シグネチャー ニューヨーク ストリップ ステーキ,fry_seafood,/static/media/food/fry_seafood.jpg
FRIDAYS,ベイビーバック リブ,,(tile)
FRIDAYS,チャンピオンシップ バーベキューリブ,,(tile)
FRIDAYS,ニューヨーク ストリップ ステーキ,steak_plate,/static/media/food/steak_plate.jpg
FRIDAYS,テキサスリブアイステーキ,steak_plate,/static/media/food/steak_plate.jpg
FRIDAYS,オレオマッドネス 1P,,(tile)
FRIDAYS,オレオマッドネス 2P,,(tile)
FRIDAYS,ブラウニー オブセッション,,(tile)
FRIDAYS,ニューヨークチーズケーキ,cake_dessert,/static/media/food/cake_dessert.png
FRIDAYS,フライデーズ サンデー,fry_seafood,/static/media/food/fry_seafood.jpg
GLOBAL-DINING-Original-BREAD-BARTIZAN-BREAD-FACTORY,農園野菜のバーニャカウダ (BAGNA CAUDA WITH FARM VEGETABLES),,(tile)
GLOBAL-DINING-Original-BREAD-BARTIZAN-BREAD-FACTORY,北海だこのマリネ (MARINATED OCTOPUS),,(tile)
GLOBAL-DINING-Original-BREAD-BARTIZAN-BREAD-FACTORY,海老とアボカドのタルタル (SHRIMP & AVOCADO TARTARE),salad_green,
GLOBAL-DINING-Original-BREAD-BARTIZAN-BREAD-FACTORY,鮮魚のカルパッチョ (SEAFOOD CARPACCIO),carpaccio,/static/media/food/carpaccio.jpg
GLOBAL-DINING-Original-BREAD-BARTIZAN-BREAD-FACTORY,旬野菜のピクルス (SEASONAL PICKLES),,(tile)
GLOBAL-DINING-Original-BREAD-BARTIZAN-BREAD-FACTORY,シチリア産生オリーブ (SICILIAN OLIVES),olive,/static/media/food/olive.jpg
GLOBAL-DINING-Original-BREAD-BARTIZAN-BREAD-FACTORY,チーズ各種 (CHEESE),cheese_plate,
GLOBAL-DINING-Original-BREAD-BARTIZAN-BREAD-FACTORY,牡蠣の香草バター焼き (BUTTERED GRILLED OYSTER WITH HERB BREADCRUMBS) (1 piece),,(tile)
GLOBAL-DINING-Original-BREAD-BARTIZAN-BREAD-FACTORY,キャベツのアンチョビガーリックソテー (SAUTEED CABBAGE WITH GARLIC ANCHOVIES),,(tile)
GLOBAL-DINING-Original-BREAD-BARTIZAN-BREAD-FACTORY,小ヤリイカのリング揚げ (DEEP FRIED CALAMARI),,(tile)
GLOBAL-DINING-Original-BREAD-BARTIZAN-BREAD-FACTORY,アンチョビフライドポテト (ANCHOVY FRENCH FRIES),french_fries,/static/media/food/french_fries.jpg
GLOBAL-DINING-Original-BREAD-BARTIZAN-BREAD-FACTORY,もちもちジャガイモのニョッキ (GNOCCHI),,(tile)
GLOBAL-DINING-Original-BREAD-BARTIZAN-BREAD-FACTORY,"仔羊のソーセージ“メルゲーズ” (""MERGUEZ"" LAMB SAUSAGE) (1 piece)",sausage,/static/media/food/sausage.jpg
GLOBAL-DINING-Original-BREAD-BARTIZAN-BREAD-FACTORY,エミリア風ラザニア (LASAGNA),gratin,/static/media/food/gratin.jpg
GLOBAL-DINING-Original-BREAD-BARTIZAN-BREAD-FACTORY,海老とマッシュルームのアヒージョ (SHRIMP & MUSHROOM AJILLO),ajillo,/static/media/food/ajillo.jpg
GLOBAL-DINING-Original-BREAD-BARTIZAN-BREAD-FACTORY,トリュフのチーズオーブンオムレツ (CHEESE OMELETTE WITH TRUFFLE),cheese_plate,
GLOBAL-DINING-Original-BREAD-BARTIZAN-BREAD-FACTORY,バッファローチキンウィング (BUFFALO CHICKEN WINGS) (10 pieces),karaage_chicken,/static/media/food/karaage_chicken.jpg
GLOBAL-DINING-Original-BREAD-BARTIZAN-BREAD-FACTORY,自家製天然酵母種サワードウブレッド (SOURDOUGH BREAD) (2 pieces),toast_breakfast,/static/media/food/toast_breakfast.jpg
GLOBAL-DINING-Original-BREAD-BARTIZAN-BREAD-FACTORY,自家製天然酵母種サワードウブレッド (SOURDOUGH BREAD) (4 pieces),toast_breakfast,/static/media/food/toast_breakfast.jpg
GLOBAL-DINING-Original-BREAD-BARTIZAN-BREAD-FACTORY,ガーリックトースト (GARLIC TOAST),toast_breakfast,/static/media/food/toast_breakfast.jpg
GLOBAL-DINING-Original-BREAD-BARTIZAN-BREAD-FACTORY,バター (BUTTER),,(tile)
GLOBAL-DINING-Original-BREAD-BARTIZAN-BREAD-FACTORY,厳選 ハムとサラミの5種盛り合わせ ~シャルキュトリー~ (CHARCUTERIE),prosciutto,
GLOBAL-DINING-Original-BREAD-BARTIZAN-BREAD-FACTORY,ブラータチーズのカプレーゼ 『Burrata Cheese』 (CAPRESE),cheese_plate,
GLOBAL-DINING-Original-BREAD-BARTIZAN-BREAD-FACTORY,ケールとキヌアのヴィーガンチョップサラダ (KALE & QUINOA VEGAN CHOPPED SALAD),salad_green,
GLOBAL-DINING-Original-BREAD-BARTIZAN-BREAD-FACTORY,ほうれん草とベーコンのサラダ (FRESH SPINACH & BACON SALAD),salad_green,
GLOBAL-DINING-Original-BREAD-BARTIZAN-BREAD-FACTORY,シーザースサラダ (CAESAR SALAD),salad_green,
GLOBAL-DINING-Original-BREAD-BARTIZAN-BREAD-FACTORY,"ベーコン、アボカド (Bacon, Avocado)",bacon_dish,
GLOBAL-DINING-Original-BREAD-BARTIZAN-BREAD-FACTORY,"グリルチキン、生ハム (Grilled Chicken, Prosciutto)",karaage_chicken,/static/media/food/karaage_chicken.jpg
GLOBAL-DINING-Original-BREAD-BARTIZAN-BREAD-FACTORY,ミネストローネ (MINESTRONE),minestrone,/static/media/food/minestrone.jpg
GLOBAL-DINING-Original-BREAD-BARTIZAN-BREAD-FACTORY,釜揚げしらすと岩海苔のクリームソース (WHITEBAIT & SEAWEED Cream Sauce),udon,/static/media/food/udon.jpg
GLOBAL-DINING-Original-BREAD-BARTIZAN-BREAD-FACTORY,ラ・ボエム ミックス (LA BOHEME MIX),,(tile)
GLOBAL-DINING-Original-BREAD-BARTIZAN-BREAD-FACTORY,ゴルゴンゾーラ 蜂蜜添え (GORGONZOLA Served with Honey),,(tile)
GLOBAL-DINING-Original-BREAD-BARTIZAN-BREAD-FACTORY,マルゲリータ 水牛モッツァレラ使用 (MARGHERITA),pizza,/static/media/food/pizza.jpg
GLOBAL-DINING-Original-BREAD-BARTIZAN-BREAD-FACTORY,生ハムとルッコラ (DRY-CURED HAM & RUCOLA),prosciutto,
GLOBAL-DINING-Original-BREAD-BARTIZAN-BREAD-FACTORY,サーモンとマスカルポーネのガーリックパン粉焼き (GRILLED SALMON & MASCARPONE WITH GARLIC BREADCRUMBS),sushi_salmon,/static/media/food/sushi_salmon.jpg
GLOBAL-DINING-Original-BREAD-BARTIZAN-BREAD-FACTORY,大山鶏トマホークのローストチキン (ROASTED DAISEN CHICKEN) (HALF),karaage_chicken,/static/media/food/karaage_chicken.jpg
GLOBAL-DINING-Original-BREAD-BARTIZAN-BREAD-FACTORY,仔牛のカツレツ ミラネーゼ (VEAL CUTLET),tonkatsu_pork,/static/media/food/tonkatsu_pork.jpg
GLOBAL-DINING-Original-BREAD-BARTIZAN-BREAD-FACTORY,USプレミアムビーフ ステーキ (U.S. PREMIUM BEEF STEAK GARLIC SOY SAUCE) (S 150g),steak_plate,/static/media/food/steak_plate.jpg
GLOBAL-DINING-Original-BREAD-BARTIZAN-BREAD-FACTORY,USプレミアムビーフ ステーキ (U.S. PREMIUM BEEF STEAK GARLIC SOY SAUCE) (L 300g),steak_plate,/static/media/food/steak_plate.jpg
GLOBAL-DINING-Original-BREAD-BARTIZAN-BREAD-FACTORY,パスタグレードアップ (PASTA GRADE UP),pasta,/static/media/food/pasta.jpg
GLOBAL-DINING-Original-BREAD-BARTIZAN-BREAD-FACTORY,グルテンフリーパスタ (GLUTEN-FREE PASTA),pasta,/static/media/food/pasta.jpg
GLOBAL-DINING-Original-BREAD-BARTIZAN-BREAD-FACTORY,本日のパスタ (TODAY'S PASTA),pasta,/static/media/food/pasta.jpg
GLOBAL-DINING-Original-BREAD-BARTIZAN-BREAD-FACTORY,ペペロンチーノ (PEPERONCINO),pasta,/static/media/food/pasta.jpg
GLOBAL-DINING-Original-BREAD-BARTIZAN-BREAD-FACTORY,完熟トマトのアラビアータ (ARRABBIATA),pasta,/static/media/food/pasta.jpg
GLOBAL-DINING-Original-BREAD-BARTIZAN-BREAD-FACTORY,元祖辛子明太子 (MENTAIKO),pasta,/static/media/food/pasta.jpg
GLOBAL-DINING-Original-BREAD-BARTIZAN-BREAD-FACTORY,小海老と青じそ (SHRIMP & AOJISO),sushi_shrimp,
GLOBAL-DINING-Original-BREAD-BARTIZAN-BREAD-FACTORY,メランツァーネ (MELANZANE),,(tile)
GLOBAL-DINING-Original-BREAD-BARTIZAN-BREAD-FACTORY,しらすのジェノベーゼ (WHITEBAIT GENOVESE),,(tile)
GLOBAL-DINING-Original-BREAD-BARTIZAN-BREAD-FACTORY,蒸し鶏と青ネギの和風ソース (STEAMED CHICKEN & GREEN ONION),,(tile)
GLOBAL-DINING-Original-BREAD-BARTIZAN-BREAD-FACTORY,小海老とマスカルポーネのトマトソース (SHRIMP TOMATO SAUCE TOPPED WITH MASCARPONE),sushi_shrimp,
GLOBAL-DINING-Original-BREAD-BARTIZAN-BREAD-FACTORY,カルボナーラ (CARBONARA),pasta,/static/media/food/pasta.jpg
GLOBAL-DINING-Original-BREAD-BARTIZAN-BREAD-FACTORY,ボロネーズ (BOLOGNESE),pasta,/static/media/food/pasta.jpg
GLOBAL-DINING-Original-BREAD-BARTIZAN-BREAD-FACTORY,サーモンとほうれん草のクリームソース (SALMON & SPINACH IN CREAM SAUCE),sushi_salmon,/static/media/food/sushi_salmon.jpg
GLOBAL-DINING-Original-BREAD-BARTIZAN-BREAD-FACTORY,完熟トマトとモッツァレラ (TOMATO & MOZZARELLA),,(tile)
GLOBAL-DINING-Original-BREAD-BARTIZAN-BREAD-FACTORY,ポルチーニ茸のリゾット (PORCINI RISOTTO),risotto,/static/media/food/risotto.jpg
GLOBAL-DINING-Original-BREAD-BARTIZAN-BREAD-FACTORY,熟成パルミジャーノチーズリゾット (PARMIGIANO CHEESE RISOTTO),risotto,/static/media/food/risotto.jpg
GLOBAL-DINING-Original-BREAD-BARTIZAN-BREAD-FACTORY,納豆 (Natto),natto,/static/media/food/natto.jpg
GLOBAL-DINING-Original-BREAD-BARTIZAN-BREAD-FACTORY,青じそ (Aojiso),,(tile)
GLOBAL-DINING-Original-BREAD-BARTIZAN-BREAD-FACTORY,ほうれん草 (Spinach),,(tile)
GLOBAL-DINING-Original-BREAD-BARTIZAN-BREAD-FACTORY,グリルチキン (Grilled Chicken),karaage_chicken,/static/media/food/karaage_chicken.jpg
GLOBAL-DINING-Original-BREAD-BARTIZAN-BREAD-FACTORY,大根おろし (Grated Daikon Radish),,(tile)
GLOBAL-DINING-Original-BREAD-BARTIZAN-BREAD-FACTORY,茄子 (Eggplant),,(tile)
GLOBAL-DINING-Original-BREAD-BARTIZAN-BREAD-FACTORY,ベーコン (Bacon),bacon_dish,
GLOBAL-DINING-Original-BREAD-BARTIZAN-BREAD-FACTORY,生ハム (Dry-Cured Ham),prosciutto,
GLOBAL-DINING-Original-BREAD-BARTIZAN-BREAD-FACTORY,温泉卵 (Poached Egg),tamago_egg,/static/media/food/tamago_egg.jpg
GLOBAL-DINING-Original-BREAD-BARTIZAN-BREAD-FACTORY,辛子明太子 (Spicy Cod Roe),pasta,/static/media/food/pasta.jpg
GLOBAL-DINING-Original-BREAD-BARTIZAN-BREAD-FACTORY,海老 (Shrimp),sushi_shrimp,
GLOBAL-DINING-Original-BREAD-BARTIZAN-BREAD-FACTORY,しらす (Whitebait),,(tile)
GOKUGOKU,金の房 プレミアムバナナミルク,milk_drink,/static/media/food/milk_drink.jpg
GOKUGOKU,完熟バナナミルク,milk_drink,/static/media/food/milk_drink.jpg
GOKUGOKU,つぶつぶいちごバナナミルク,milk_drink,/static/media/food/milk_drink.jpg
GOKUGOKU,トロピカルマンゴーミックス,,(tile)
GOKUGOKU,ケールバナナ,,(tile)
GOKUGOKU,アサイースムージー,smoothie,/static/media/food/smoothie.jpg
GOKUGOKU,果実たっぷりオレンジパイン,donut,/static/media/food/donut.jpg
GOKUGOKU,つぶつぶキウイオレンジパイン,donut,/static/media/food/donut.jpg
GOKUGOKU,ベリーベリーオレンジココナッツ,nuts_snack,/static/media/food/nuts_snack.png
GOKUGOKU,つぶつぶマンゴーミルク,milk_drink,/static/media/food/milk_drink.jpg
GOKUGOKU,ごろごろキウイ,,(tile)
GOKUGOKU,ゴクゴク レモネードソーダ,juice_beverage,/static/media/food/juice_beverage.jpg
GOKUGOKU,搾りたて レモンライムソーダ,juice_beverage,/static/media/food/juice_beverage.jpg
GOKUGOKU,搾りたて ピンクグレープフルーツソーダ,juice_beverage,/static/media/food/juice_beverage.jpg
GOKUGOKU,つぶつぶいちご,,(tile)
GOKUGOKU,つぶつぶキウイ,,(tile)
GOKUGOKU,つぶつぶマンゴー,,(tile)
Hakone-Sand,プレーン,,(tile)
Hakone-Sand,ダブルチョコレート,chocolate,/static/media/food/chocolate.jpg
Hakone-Sand,ピスタチオ&ベリー,,(tile)
Hakone-Sand,抹茶,tea_matcha,/static/media/food/tea_matcha.jpg
Hakone-Sand,キャラメル (5個セット),teishoku,/static/media/food/teishoku.jpg
Hakone-Sand,ミックスベリー (5個セット),teishoku,/static/media/food/teishoku.jpg
Hakone-Sand,抹茶&オレンジ (5個セット),tea_matcha,/static/media/food/tea_matcha.jpg
IKEA-2,サーモンフィレ ヤンニョムチーズソース,sushi_salmon,/static/media/food/sushi_salmon.jpg
IKEA-2,サーモンフィレ レモンディルソース,sushi_salmon,/static/media/food/sushi_salmon.jpg
IKEA-2,スウェーデンミートボール8個,,(tile)
IKEA-2,チキンレッグ 特製ジンジャーソース,karaage_chicken,/static/media/food/karaage_chicken.jpg
IKEA-2,ファラフェルボール 8個 アイオリソース クスクス添え,,(tile)
IKEA-2,フィッシュ＆チップス タルタルソース,,(tile)
IKEA-2,フィレローストビーフ,roast_beef,/static/media/food/roast_beef.jpg
IKEA-2,プラントベースカレー,curry_rice,/static/media/food/curry_rice.jpg
IKEA-2,プラントボール ヤンニョムチーズソース,cheese_plate,
IKEA-2,プラントボール8個,,(tile)
IKEA-2,"ミックスプレート
フィレローストビーフ&チキンカツ",tonkatsu_pork,/static/media/food/tonkatsu_pork.jpg
IKEA-2,プラントベース ベビーカステラ,,(tile)
IKEA-2,プラントベース ベビーカステラ５粒 ソフトクリーム付き,soft_serve,/static/media/food/soft_serve.jpg
IKEA-2,プラントベースソフトクリーム,soft_serve,/static/media/food/soft_serve.jpg
IKEA-2,ハッシュドポテト,french_fries,/static/media/food/french_fries.jpg
IKEA-2,ベジドッグトッピング,hotdog,/static/media/food/hotdog.jpg
IKEA-2,ホットドッグ トッピング,hotdog,/static/media/food/hotdog.jpg
IKEA-2,モーニング Aセット,toast_breakfast,/static/media/food/toast_breakfast.jpg
IKEA-2,モーニング Bセット,toast_breakfast,/static/media/food/toast_breakfast.jpg
IKEA-2,モーニング Cセット,toast_breakfast,/static/media/food/toast_breakfast.jpg
IKEA-2,キーマカレー丼,curry_rice,/static/media/food/curry_rice.jpg
IKEA-2,チキンカツ丼,katsudon,/static/media/food/katsudon.jpg
IKEA-2,ローストビーフ丼,donburi_rice,/static/media/food/donburi_rice.jpg
IKEA-2,キッズゼリー,,(tile)
IKEA-2,キッズファラフェルボール ゼリー付き,,(tile)
IKEA-2,キッズプラントボール ゼリー付き,,(tile)
IKEA-2,キッズプレート,,(tile)
IKEA-2,キッズミートボール ゼリー付き,,(tile)
IKEA-2,プラントベースキッズカレー ゼリー付き,curry_rice,/static/media/food/curry_rice.jpg
IKEA-2,オーガニック トマトスープ,soup_miso,/static/media/food/soup_miso.jpg
IKEA-2,オーガニック ビーツスープ,soup_miso,/static/media/food/soup_miso.jpg
IKEA-2,オマール海老のビスク,sushi_shrimp,
IKEA-2,コーンスープ,soup_corn,
IKEA-2,キーマカレードッグ,hotdog,/static/media/food/hotdog.jpg
IKEA-2,サルサドッグ,hotdog,/static/media/food/hotdog.jpg
IKEA-2,フィッシュドッグ,hotdog,/static/media/food/hotdog.jpg
IKEA-2,ベジドッグ,hotdog,/static/media/food/hotdog.jpg
IKEA-2,ホットドッグ,hotdog,/static/media/food/hotdog.jpg
IKEA-2,サーモンマリネ,sushi_salmon,/static/media/food/sushi_salmon.jpg
IKEA-2,サーモン シンブレッドロール,sushi_salmon,/static/media/food/sushi_salmon.jpg
IKEA-2,アークティックブレッド,toast_breakfast,/static/media/food/toast_breakfast.jpg
IKEA-2,アーモンドチョコレートケーキ,cake_dessert,/static/media/food/cake_dessert.png
IKEA-2,あんこクロワッサン,toast_breakfast,/static/media/food/toast_breakfast.jpg
IKEA-2,カルダモンロール,,(tile)
IKEA-2,ザクっとシュガーのベルギーワッフル,waffle,
IKEA-2,シナモンロール,,(tile)
IKEA-2,ショコラナッツスワール,nuts_snack,/static/media/food/nuts_snack.png
IKEA-2,スウェーデンアップルケーキ,cake_dessert,/static/media/food/cake_dessert.png
IKEA-2,スウェーデンガトーショコラ,chocolate,/static/media/food/chocolate.jpg
IKEA-2,チーズと野菜のキッシュ風デニッシュ,cheese_plate,
IKEA-2,ディナーロール,,(tile)
IKEA-2,ナッツ入りキャロットケーキ,cake_dessert,/static/media/food/cake_dessert.png
IKEA-2,バタープレッツェル,,(tile)
IKEA-2,ブレッドロール,toast_breakfast,/static/media/food/toast_breakfast.jpg
IKEA-2,ベリーベリーチーズケーキ,cake_dessert,/static/media/food/cake_dessert.png
IKEA-2,ミニクロワッサン,toast_breakfast,/static/media/food/toast_breakfast.jpg
IKEA-2,メープルナッツデニッシュ,nuts_snack,/static/media/food/nuts_snack.png
IKEA-2,ラズベリータルト,cake_dessert,/static/media/food/cake_dessert.png
IKEA-2,クスクスサラダ バジルイタリアンドレッシング,salad_green,
IKEA-2,グリーンサラダ,salad_green,
IKEA-2,シュリンプサラダ,salad_green,
IKEA-2,グレイビーソース,,(tile)
IKEA-2,タルタルソース,,(tile)
IKEA-2,チーズソース,cheese_plate,
IKEA-2,ガーリックトースト,toast_breakfast,/static/media/food/toast_breakfast.jpg
IKEA-2,スウェーデンミートボール 4個,,(tile)
IKEA-2,チキンカツ,tonkatsu_pork,/static/media/food/tonkatsu_pork.jpg
IKEA-2,ツイストフライドポテト R,french_fries,/static/media/food/french_fries.jpg
IKEA-2,ツイストフライドポテト S,french_fries,/static/media/food/french_fries.jpg
IKEA-2,ファラフェルボール 4個,,(tile)
IKEA-2,フィッシュナゲット,karaage_chicken,/static/media/food/karaage_chicken.jpg
IKEA-2,フライドチキン,karaage_chicken,/static/media/food/karaage_chicken.jpg
IKEA-2,プラントベース唐揚げ,karaage_chicken,/static/media/food/karaage_chicken.jpg
IKEA-2,プラントボール 4個,,(tile)
IKEA-2,ベジタブルメダリオン,,(tile)
IKEA-2,ポークソーセージ,sausage,/static/media/food/sausage.jpg
IKEA-2,マッシュポテト グレイビーソース,french_fries,/static/media/food/french_fries.jpg
IKEA-2,ライス L,gohan_rice,
IKEA-2,ライス R,gohan_rice,
IKEA-2,ORGANIC JASMINE TEA,tea_matcha,/static/media/food/tea_matcha.jpg
IKEA-2,ORGANIC OOLONG TEA,tea_matcha,/static/media/food/tea_matcha.jpg
IKEA-2,ORGANIC PU'ER TEA,tea_matcha,/static/media/food/tea_matcha.jpg
IKEA-2,ドリンクバー,,(tile)
IKEA-2,生ビール,beer_alcohol,/static/media/food/beer_alcohol.jpg
IKEA-2,白ワイン ミニボトル,wine_drink,/static/media/food/wine_drink.jpg
IKEA-2,赤ワイン ミニボトル,wine_drink,/static/media/food/wine_drink.jpg
IVY-PLACE,IVY big breakfast combo plate,teishoku,/static/media/food/teishoku.jpg
IVY-PLACE,Classic buttermilk pancakes,pancakes,
IVY-PLACE,"Buttermilk pancakes with strawberries, matcha",pancakes,
IVY-PLACE,Today's fruits,,(tile)
IVY-PLACE,Today's soup,soup_miso,/static/media/food/soup_miso.jpg
IVY-PLACE,"Homemade granola, fresh fruit, honey and greek yogurt",,(tile)
IVY-PLACE,"Kale salad with quinoa, grilled corn, snap peas, and tomatoes with ginger carrot dressing",salad_green,
IVY-PLACE,Arroz caldo,,(tile)
IVY-PLACE,"Three egg cheddar cheese, ham and onion omelette with roasted potatoes",omurice,/static/media/food/omurice.jpg
IVY-PLACE,IVY acai fruit bowl,,(tile)
IVY-PLACE,Smoked salmon and avocado toast tartine with a poached egg and dill sour cream,cake_dessert,/static/media/food/cake_dessert.png
IVY-PLACE,Toasted bread with homemade jam and whipped butter,toast_breakfast,/static/media/food/toast_breakfast.jpg
IVY-PLACE,Set for lunch - Today's small soup,soup_miso,/static/media/food/soup_miso.jpg
IVY-PLACE,Set for lunch - Today's small salad,salad_green,
IVY-PLACE,Short course,,(tile)
IVY-PLACE,Lunch course,,(tile)
IVY-PLACE,Weekend lunch course,,(tile)
IVY-PLACE,This week's salad: Smoked duck salad,salad_green,
IVY-PLACE,"This week's pizza: Mixed mushrooms with mozzarella, crispy bacon and onions",pizza,/static/media/food/pizza.jpg
IVY-PLACE,"This week's pasta: Spaghettini with swordfish, black olives, capers and basil in tomato sauce",pasta,/static/media/food/pasta.jpg
IVY-PLACE,Today's special pasta,pasta,/static/media/food/pasta.jpg
IVY-PLACE,This week's main dish: Grilled Cajun shrimp with coriander rice and black bean salsa,,(tile)
IVY-PLACE,"Myanmar style spiced pork stew with basmati rice, marinated red cabbage and chili shrimp oil",,(tile)
IVY-PLACE,B.L.T.A.C on toasted wheat bread with mayo and fries,french_fries,/static/media/food/french_fries.jpg
IVY-PLACE,"Pork carnitas tacos with blue corn tortillas, coriander, guacamole, salsa fresca and salsa roja",tacos,/static/media/food/tacos.jpg
IVY-PLACE,Homemade bread “ciabatta” from breadworks,,(tile)
IVY-PLACE,Charcuterie board,,(tile)
IVY-PLACE,Spanish chorizo salami,,(tile)
IVY-PLACE,Jamon serrano,,(tile)
IVY-PLACE,Coppa salami,,(tile)
IVY-PLACE,Mortadella ham,,(tile)
IVY-PLACE,Country style pork pate de campagne with pistachios,,(tile)
IVY-PLACE,1 Cheese,,(tile)
IVY-PLACE,3 Cheese,,(tile)
IVY-PLACE,"Fresh snapper carpaccio with soy sauce koji, sudachi dressing, shiso and shaved red core radish",,(tile)
IVY-PLACE,"Split pea hummus topped with crunchy garbanzo and za'atar spice, pita bread",,(tile)
IVY-PLACE,"Burrata, smoked salmon and tomato salad with shaved fennel and lemon dressing",salad_green,
IVY-PLACE,Thai style fried shrimp cakes tod mun pla with sweet chili sauce,cake_dessert,/static/media/food/cake_dessert.png
IVY-PLACE,"Teriyaki chicken and mozzarella quesadilla with red peppers, corn, onions and black shichimi aioli",tacos,/static/media/food/tacos.jpg
IVY-PLACE,"Steamed black mussels with tomatoes, green chili, coriander and lemongrass",,(tile)
IVY-PLACE,Crispy fried calamari with sweet chili,,(tile)
IVY-PLACE,"Crunchy Thai salad with shrimp, bean sprouts and chili lime dressing",salad_green,
IVY-PLACE,Hawaiian style garlic and furikake shoestring fries,french_fries,/static/media/food/french_fries.jpg
IVY-PLACE,"Margherita pizza with mozzarella, tomato sauce and fresh basil",pizza,/static/media/food/pizza.jpg
IVY-PLACE,"Four cheese pizza with gorgonzola, ricotta, mozzarella and Grana Padano",pizza,/static/media/food/pizza.jpg
IVY-PLACE,"Sakura shrimp, fresh mozzarella, fresh tomatoes and basil pesto sauce",,(tile)
IVY-PLACE,"Jack cheeseburger with smoked bacon onion pepper sauce, fries",burger_cheese,/static/media/food/burger_cheese.jpg
IVY-PLACE,"Plant base cheeze burger with soy mayonnaise on a milk bun, fries",burger_classic,/static/media/food/burger_classic.jpg
IVY-PLACE,Red curry marinated grilled swordfish steak with seasonal vegetables,steak_plate,/static/media/food/steak_plate.jpg
IVY-PLACE,"Grilled rare tuna steak with quinoa, eggplant and tamari balsamic sauce",steak_plate,/static/media/food/steak_plate.jpg
IVY-PLACE,"Spiced panko chicken cutlet with Maribo cheese, mashed potatoes and wild arugula",,(tile)
IVY-PLACE,Grilled koji marinated Kirishima pork loin with sauteed zucchini and tomatoes,,(tile)
IVY-PLACE,Grilled lamb chops with spiced cowboy butter and roasted seasonal vegetables and potatoes,,(tile)
IVY-PLACE,Grilled Japanese F1 sirloin with mushroom soy dust and wild arugula salad,steak_plate,/static/media/food/steak_plate.jpg
IVY-PLACE,"Spaghetti with grilled chicken, manganji chili, green harissa and Japanese parsley lemon butter sauce",pasta,/static/media/food/pasta.jpg
IVY-PLACE,"Linguine with chirimen-jako dried baby sardines, bottarga and shiso pesto sauce",pasta,/static/media/food/pasta.jpg
IVY-PLACE,"Spaghettini with vegan bolognese, eggplant, shiitake and vegan parmesan",pasta,/static/media/food/pasta.jpg
IVY-PLACE,Mexican spiced tomato risotto with jumbo shrimp and shaved fennel,,(tile)
IVY-PLACE,Dinner course,,(tile)
IVY-PLACE,"Tiramisu pavlova with mascarpone cream, coffee meringue and dark cherry compote",cake_dessert,/static/media/food/cake_dessert.png
IVY-PLACE,Chamomile and honey crème brulee with milk gelato,icecream_parfait,/static/media/food/icecream_parfait.jpg
IVY-PLACE,Chai chiffon cake with caramel whipped cream,cake_dessert,/static/media/food/cake_dessert.png
IVY-PLACE,Maple cheesecake with caramelized walnuts and vanilla gelato,cake_dessert,/static/media/food/cake_dessert.png
IVY-PLACE,Today's selection of gelato and sorbet,icecream_parfait,/static/media/food/icecream_parfait.jpg
IVY-PLACE,Apricot mousse and white chocolate cream millefeuille,juice_beverage,/static/media/food/juice_beverage.jpg
IVY-PLACE,"Buttermilk pancakes with strawberries, matcha, white chocolate sauce, shiratama mochi balls and whipped cream",pancakes,
IVY-PLACE,Seasonal single origin drip coffee,coffee,/static/media/food/coffee.jpg
IVY-PLACE,Cold brew coffee,coffee,/static/media/food/coffee.jpg
IVY-PLACE,Roaster's selection single origin French press coffee,coffee,/static/media/food/coffee.jpg
IVY-PLACE,Decaf coffee,coffee,/static/media/food/coffee.jpg
IVY-PLACE,Café latte,coffee,/static/media/food/coffee.jpg
IVY-PLACE,Matcha latte,coffee,/static/media/food/coffee.jpg
IVY-PLACE,Earl grey,tea_matcha,/static/media/food/tea_matcha.jpg
IVY-PLACE,Darjeeling,,(tile)
IVY-PLACE,Chamomile citrus,,(tile)
IVY-PLACE,Tropical iced rooibos tea,tea_matcha,/static/media/food/tea_matcha.jpg
IVY-PLACE,Iced mint green tea,tea_matcha,/static/media/food/tea_matcha.jpg
IVY-PLACE,Ginger peach iced tea,tea_matcha,/static/media/food/tea_matcha.jpg
IVY-PLACE,Breakfast fruit power,,(tile)
IVY-PLACE,IVY Green Smoothie ~drinkalicious~,smoothie,/static/media/food/smoothie.jpg
IVY-PLACE,Diamour Muscat,,(tile)
IVY-PLACE,SHIP Kombucha,,(tile)
IVY-PLACE,Mandarin juice from Ehime,juice_beverage,/static/media/food/juice_beverage.jpg
IVY-PLACE,Peach juice from Nagano,juice_beverage,/static/media/food/juice_beverage.jpg
IVY-PLACE,Apple juice from Nagano,juice_beverage,/static/media/food/juice_beverage.jpg
IVY-PLACE,Bankan citrus juice from Ehime,juice_beverage,/static/media/food/juice_beverage.jpg
IVY-PLACE,Mineral water (Sparkling or Natural) 750ml,,(tile)
IVY-PLACE,Pink sour squash,,(tile)
IVY-PLACE,Lemongrass lemonade,juice_beverage,/static/media/food/juice_beverage.jpg
IVY-PLACE,Fresh orange juice,juice_beverage,/static/media/food/juice_beverage.jpg
IVY-PLACE,Pale Ale (S),beer_alcohol,/static/media/food/beer_alcohol.jpg
IVY-PLACE,Pale Ale (M),beer_alcohol,/static/media/food/beer_alcohol.jpg
IVY-PLACE,Wheat Ale (S),beer_alcohol,/static/media/food/beer_alcohol.jpg
IVY-PLACE,Wheat Ale (M),beer_alcohol,/static/media/food/beer_alcohol.jpg
IVY-PLACE,Amber Ale (S),beer_alcohol,/static/media/food/beer_alcohol.jpg
IVY-PLACE,Amber Ale (M),beer_alcohol,/static/media/food/beer_alcohol.jpg
IVY-PLACE,Imperial Stout (S),beer_alcohol,/static/media/food/beer_alcohol.jpg
IVY-PLACE,Imperial Stout (M),beer_alcohol,/static/media/food/beer_alcohol.jpg
IVY-PLACE,IPA (S),beer_alcohol,/static/media/food/beer_alcohol.jpg
IVY-PLACE,IPA (M),beer_alcohol,/static/media/food/beer_alcohol.jpg
IVY-PLACE,Citron Voile (S),,(tile)
IVY-PLACE,Citron Voile (M),,(tile)
IVY-PLACE,Fresh summer mimosa,,(tile)
IVY-PLACE,Suisen oolong tea bellini,tea_matcha,/static/media/food/tea_matcha.jpg
IVY-PLACE,Harbal screwdriver,,(tile)
IVY-PLACE,Forest highball,cocktail,/static/media/food/cocktail.jpg
IVY-PLACE,Kiwi gimlet,,(tile)
IVY-PLACE,Craft gin soda,juice_beverage,/static/media/food/juice_beverage.jpg
IVY-PLACE,David bloody mary,,(tile)
IVY-PLACE,NOZY COFFEE Espresso martini,cocktail,/static/media/food/cocktail.jpg
IVY-PLACE,Non-alcoholic gin & tonic - IVY style -,,(tile)
IVY-PLACE,Craft ginger buck,,(tile)
IVY-PLACE,Woodford Reserve,,(tile)
IVY-PLACE,Templeton Rye,,(tile)
IVY-PLACE,"Caol Ila, Islay 12y",,(tile)
IVY-PLACE,"Laphroaig, Islay 10y",,(tile)
IVY-PLACE,"The Macallan double cask, High Land 12y",,(tile)
IVY-PLACE,Ichiro's Malt & Grain,,(tile)
IVY-PLACE,Pure Malt Yamazakura,,(tile)
IVY-PLACE,"Prosecco Contarini Extra Dry '23, Veneto, ITA",wine_drink,/static/media/food/wine_drink.jpg
IVY-PLACE,"Domaine Chandon Brut, Yarra Valley, AUS",,(tile)
IVY-PLACE,"Maggio Family Vineyards '22, Sauvignon Blanc, California, USA",wine_drink,/static/media/food/wine_drink.jpg
IVY-PLACE,"Granit '23, Alvarinho, Vinho Verde, PRT",,(tile)
IVY-PLACE,"Indomita, Duette Premium, Chardonnay, Casablanca, CHI",wine_drink,/static/media/food/wine_drink.jpg
IVY-PLACE,"Pikes Wines '23, Sangiovese, Clare Valley, AUS",wine_drink,/static/media/food/wine_drink.jpg
IVY-PLACE,"Ati '22, Sangiovese, Tuscany, ITA",,(tile)
IVY-PLACE,"Concha y Toro '21, Pinot Noir, Limari Valley, CHI",,(tile)
IVY-PLACE,"Cathedral Creek '23, Cab Sauv, California, USA",,(tile)
IVY-PLACE,"Pirramimma '21, Shiraz, McLaren Vale, AUS",,(tile)
IVY-PLACE,"Spring Seed Wines, McLaren Vale, AUS",wine_drink,/static/media/food/wine_drink.jpg
IVY-PLACE,"Chandon Brut, Yarra Valley, AUS",,(tile)
IVY-PLACE,"Thienot Cuvee Brut, Champagne, FRA",,(tile)
IVY-PLACE,"Takeda Winery Sans Soufre '24, Delaware, Yamagata, JPN",wine_drink,/static/media/food/wine_drink.jpg
IVY-PLACE,"Mirabelle Brut, California, USA",,(tile)
IVY-PLACE,"Telmont Reserve Brut, Champagne, FRA",,(tile)
IVY-PLACE,"Ruinart Blanc de Blancs, Champagne, FRA",,(tile)
IVY-PLACE,"Dom Perignon '12, Champagne, FRA",,(tile)
IVY-PLACE,"Krug Grand Cuvee, Champagne, FRA",,(tile)
IVY-PLACE,"Akakies Rose Sparkling '22, Xinomavro, Macedonia, GRC",,(tile)
IVY-PLACE,"Moet e Chandon Rose '15, Champagne, FRA",,(tile)
IVY-PLACE,"Donelli, Lambrusco blend, Emilia-Romagna, ITA",,(tile)
IVY-PLACE,"Domaine Tempier '22, Mourvedre blend, Provence, FRA",,(tile)
IVY-PLACE,"Hanging Rock '24, Riesling, Victoria, AUS",,(tile)
IVY-PLACE,"Bodkin '22, Sauvignon Blanc, California, USA",wine_drink,/static/media/food/wine_drink.jpg
IVY-PLACE,"Rhinorun '23, Chenin Blanc, Western Cape, S-AFR",,(tile)
IVY-PLACE,"Sainte Fleur '21, Viognier, Provence, FRA",,(tile)
IVY-PLACE,"Urlar '22, Sauvignon Blanc, Wairarapa, NZ",wine_drink,/static/media/food/wine_drink.jpg
IVY-PLACE,"Felix '23, Gruner Veltliner, Kamptal, AUT",,(tile)
IVY-PLACE,"Herve Villemade '23, Sauvignon Blanc, Loire, FRA",wine_drink,/static/media/food/wine_drink.jpg
IVY-PLACE,"Hoddles Creek '23, Pinot Gris, Yarra Valley, AUS",,(tile)
IVY-PLACE,"Ca'Viola '23, Arneis, Piemonte, ITA",,(tile)
IVY-PLACE,"Arugano Bosque '20, Koshu, Yamanashi, JPN",,(tile)
IVY-PLACE,"Bogle Vineyards '22, Chardonnay, California, USA",wine_drink,/static/media/food/wine_drink.jpg
IVY-PLACE,"Yelland & Papps '22, Roussanne, Barossa, AUS",,(tile)
IVY-PLACE,"Andre Vatan '23, Sauvignon Blanc, Sancerre, FRA",wine_drink,/static/media/food/wine_drink.jpg
IVY-PLACE,"Tatomer '19, Riesling, Santa Barbara, USA",,(tile)
IVY-PLACE,"Paul Hobbs '21, Chardonnay, Russian River Valley, CA, USA",wine_drink,/static/media/food/wine_drink.jpg
IVY-PLACE,"Koyle '21, Cinsault, Itata Valley, CHI",,(tile)
IVY-PLACE,"Gaznata '22, Garnacha, Castilla y Leon, ESP",,(tile)
IVY-PLACE,"Anto Takayamamura '23, Merlot, Nagano, JPN",wine_drink,/static/media/food/wine_drink.jpg
IVY-PLACE,"Closerie des Lys '22, Pinot Noir, Languedoc, FRA",,(tile)
IVY-PLACE,"Coyam '21, Syrah/Carmenere blend, Colchagua Valley, CHI",,(tile)
IVY-PLACE,"Ultraviolet '21, Cab Sauv blend, California, USA",,(tile)
IVY-PLACE,"Yelland & Papps '23, Grenache blend, Barossa, AUS",,(tile)
IVY-PLACE,"Casa Smith '22, Barbera, Washington, USA",,(tile)
IVY-PLACE,"Mahi '22, Pinot Noir, Marlborough, NZ",,(tile)
IVY-PLACE,"Cristom Vineyards '23, Pinot Noir, Oregon, USA",,(tile)
IVY-PLACE,"Muga Reserva '20, Tempranillo blend, Rioja, ESP",,(tile)
IVY-PLACE,"Le Corti, Cortevecchia, Chianti Classico Riserva '19, Toscana, ITA",,(tile)
IVY-PLACE,"Dunham Cellars '20, Cab Sauv, Washington, USA",,(tile)
IVY-PLACE,"Barolo Massolino '20, Nebbiolo, Piemonte, ITA",,(tile)
KICHI,数量限定 三色丼,donburi_rice,/static/media/food/donburi_rice.jpg
KICHI,三色丼,donburi_rice,/static/media/food/donburi_rice.jpg
KICHI,二色丼,donburi_rice,/static/media/food/donburi_rice.jpg
KICHI,ゆでしらす丼,donburi_rice,/static/media/food/donburi_rice.jpg
KICHI,しらすのピザトースト,toast_breakfast,/static/media/food/toast_breakfast.jpg
KICHI,ジャムトースト,toast_breakfast,/static/media/food/toast_breakfast.jpg
KICHI,自家製 バニラアイス,icecream_parfait,/static/media/food/icecream_parfait.jpg
KICHI,パーフェクト静岡麦酒 生ビール (グラス中),beer_alcohol,/static/media/food/beer_alcohol.jpg
KICHI,パーフェクト静岡麦酒 生ビール (グラス小),beer_alcohol,/static/media/food/beer_alcohol.jpg
KICHI,熱海だいだいビール,beer_alcohol,/static/media/food/beer_alcohol.jpg
KICHI,シャンディガフ,,(tile)
KICHI,ライジングサン ペールエール,,(tile)
KICHI,伊豆の丘プロローグ・ホワイト,,(tile)
KICHI,ハイボール,whisky,/static/media/food/whisky.jpg
KICHI,白隠正宗 辛口純米,sake_drink,/static/media/food/sake_drink.jpg
KICHI,モレッティー・ゼロ,tea_matcha,/static/media/food/tea_matcha.jpg
KICHI,エルダーフラワー トニックウォーター,,(tile)
KICHI,焼津マグロの生ハムカルパッチョ仕立て,carpaccio,/static/media/food/carpaccio.jpg
KICHI,海のソーセージ盛り合わせ,sausage,/static/media/food/sausage.jpg
KICHI,黒いわさび漬けで食べる板わさ,,(tile)
KICHI,しらすのアヒージョ,ajillo,/static/media/food/ajillo.jpg
KICHI,駿河湾産 生桜海老,sushi_shrimp,
KICHI,生しらす/ゆでしらす/ゆで桜海老,sushi_shrimp,
KICHI,自家製 ピクルス,,(tile)
KICHI,熱海だいだいジュース,juice_beverage,/static/media/food/juice_beverage.jpg
KICHI,熱海だいだいスカッシュ,,(tile)
KICHI,自家製 ジンジャーエール,cola_drink,/static/media/food/cola_drink.jpg
KICHI,生姜湯,,(tile)
KICHI,トニックジンジャーエール,cola_drink,/static/media/food/cola_drink.jpg
KICHI,100%みかんジュース,juice_beverage,/static/media/food/juice_beverage.jpg
KICHI,珈琲,coffee,/static/media/food/coffee.jpg
KICHI,カフェオレ,,(tile)
KICHI,紅茶,tea_matcha,/static/media/food/tea_matcha.jpg
La-Terrazza,生ハムとモルタデッラハムの盛り合わせ,prosciutto,
La-Terrazza,アンジョレッティ,,(tile)
La-Terrazza,水ダコの吸盤のクルード,,(tile)
La-Terrazza,天然本マグロのタルターレ,sushi_tuna,/static/media/food/sushi_tuna.jpg
La-Terrazza,ハーブグリーンサラダ バルサミコドレッシング,salad_green,
La-Terrazza,“富士山湧き水クレソン”と季節のフルーツ、ゴルゴンゾーラのサラダ,salad_green,
La-Terrazza,箱根西麓三島野菜のシーザーサラダ,salad_green,
La-Terrazza,季節のトマトと伊豆ベビーバジル、ブラータチーズのカプレーゼ,cheese_plate,
La-Terrazza,ペンネアラビアータ トラディツィオナーレ,,(tile)
La-Terrazza,伊豆ベビーバジルとアーモンドのトラパネーゼ ペンネ,nuts_snack,/static/media/food/nuts_snack.png
La-Terrazza,ゴルゴンゾーラソース リガトーニ,,(tile)
La-Terrazza,自家製パンチェッタのアマトリチャーナ リガトーニ,,(tile)
La-Terrazza,ブロッコリーとロマネスコ、カラスミのアーリオオーリオ スパゲッティ,pasta,/static/media/food/pasta.jpg
La-Terrazza,カチョエペペ、生ハムと白トリュフの香り スパゲッティ,pasta,/static/media/food/pasta.jpg
La-Terrazza,国産牛のボロネーゼ フェットチーネ,pasta,/static/media/food/pasta.jpg
La-Terrazza,本日の鮮魚のアクアパッツァ,,(tile)
La-Terrazza,天然南マグロの軽い煮込み シチリア風,sushi_tuna,/static/media/food/sushi_tuna.jpg
La-Terrazza,和豚もち豚骨付きリブのロースト メイプルマスタード,yakiniku_steak,/static/media/food/yakiniku_steak.jpg
La-Terrazza,国産牛のビステッカ 箱根西麓三島野菜のグリリア,,(tile)
La-Terrazza,骨付き仔羊のロースト、フムス添え,yakiniku_steak,/static/media/food/yakiniku_steak.jpg
La-Terrazza,あおさのゼッポリーネ,,(tile)
La-Terrazza,イカスミのゼッポリーネ,,(tile)
La-Terrazza,モッツァレラチーズのフリット,cheese_plate,
La-Terrazza,箱根西麓三島野菜のフリット,,(tile)
La-Terrazza,箱根西麓三島野菜と海老のフリット,sushi_shrimp,
La-Terrazza,季節のスープ,soup_miso,/static/media/food/soup_miso.jpg
La-Terrazza,自家製パン,,(tile)
La-Terrazza,自家製フォカッチャ,,(tile)
La-Terrazza,マリナーラ,,(tile)
La-Terrazza,アッチュガーナ,,(tile)
La-Terrazza,コサッカ,,(tile)
La-Terrazza,マルゲリータ,pizza,/static/media/food/pizza.jpg
La-Terrazza,ビアンケッティ,,(tile)
La-Terrazza,サンタアナスタシア,,(tile)
La-Terrazza,ロマーナ,,(tile)
La-Terrazza,プッタネスカ,,(tile)
La-Terrazza,ディアヴォラ,,(tile)
La-Terrazza,フォルナイオ,,(tile)
La-Terrazza,マルゲリータ コン プローヴォラ,pizza,/static/media/food/pizza.jpg
La-Terrazza,ディアヴォラ コン プローヴォラ,,(tile)
La-Terrazza,カプリチョーサ,,(tile)
La-Terrazza,ピッツァ ラサーニャ,pizza,/static/media/food/pizza.jpg
La-Terrazza,ラノティッツァ,,(tile)
La-Terrazza,マルゲリータ D.O.C,pizza,/static/media/food/pizza.jpg
La-Terrazza,パンナ エ サルシッチャ,,(tile)
La-Terrazza,シェフ,,(tile)
La-Terrazza,バンナ エ マイス,,(tile)
La-Terrazza,ピッツァ サクラマス,pizza,/static/media/food/pizza.jpg
La-Terrazza,エンツォ,,(tile)
La-Terrazza,ピッツァ カプレーゼ,pizza,/static/media/food/pizza.jpg
La-Terrazza,スキャッチャータ,,(tile)
La-Terrazza,クワットロフォルマッジ,,(tile)
La-Terrazza,ピッツァ ビアンカ コン プローヴォラ,pizza,/static/media/food/pizza.jpg
La-Terrazza,ピッツァ ラサーニャ ビアンカ,pizza,/static/media/food/pizza.jpg
La-Terrazza,プロシュット エルーコラ,,(tile)
La-Terrazza,リビエノ,,(tile)
La-Terrazza,チーロ ペディア,,(tile)
La-Terrazza,玉葱,,(tile)
La-Terrazza,アンチョビ、コーン オリーブ、ケイパー,olive,/static/media/food/olive.jpg
La-Terrazza,きのこ、トマト ルーコラ,,(tile)
La-Terrazza,ハム、サラミ,prosciutto,
La-Terrazza,生ハム,prosciutto,
La-Terrazza,モッツァレラチーズ,cheese_plate,
MARUYA,Pork Tongue (タン),,(tile)
MARUYA,Pork Liver (レバー),horumon,
MARUYA,Pork Diaphragm (ハラミ),yakiniku_steak,/static/media/food/yakiniku_steak.jpg
MARUYA,Pork Small Intestines (シロ),,(tile)
MARUYA,Pork Root of Tongue (タンシタ),,(tile)
MARUYA,Vienna Sausage (ウインナー),sausage,/static/media/food/sausage.jpg
MARUYA,Pork Belly (バラ),,(tile)
MARUYA,Chicken Meat Ball (ツクネ),,(tile)
MARUYA,Chicken and Leek (ネギマ),,(tile)
MARUYA,Chicken Tail (ボンジリ),,(tile)
MARUYA,Chicken Neck Meat (セセリ),,(tile)
MARUYA,Tomato Wrapped in Pork (ニクマキトマト),sandwich,/static/media/food/sandwich.jpg
MARUYA,Steamed Potato with Butter (ジャガバター),,(tile)
MARUYA,Eggplant (なす),,(tile)
MARUYA,Grilled ray fin (えいひれ),,(tile)
MARUYA,Welsh Onion (ネギ),,(tile)
MARUYA,Onion (タマネギ),,(tile)
MARUYA,Garlic Shoot (ニンニクノメ),,(tile)
MARUYA,Garlic (ニンニク),,(tile)
MARUYA,Shiitake Mushrooms (シイタケ),,(tile)
MARUYA,Ginko Nuts (ギンナン),,(tile)
MARUYA,Macaroni Salad (マカロニサラダ),salad_green,
MARUYA,Chilled Tofu (ヤッコ),,(tile)
MARUYA,Edamame (えだまめ),edamame,/static/media/food/edamame.jpg
MARUYA,Boiled Pig Stomach with Seasoning (ミミガー酢味噌和え),,(tile)
MARUYA,Cucumber with Miso (自家製味噌),,(tile)
MARUYA,Chilled Tomato (ヒヤシトマト),,(tile)
MARUYA,Marinated Cream cheese in Soy sauce (クリームチーズたまり醤油漬け),cheese_plate,
MARUYA,Pickled Japanese Horseradish (わさび漬け) (長いも),,(tile)
MARUYA,Chicken Nuggets (からあげ),karaage_chicken,/static/media/food/karaage_chicken.jpg
MARUYA,Sweet Potato Stick (さつまいもスティック),,(tile)
MARUYA,肉巻きトマト,sushi_roll,/static/media/food/sushi_roll.jpg
MARUYA,ジャガバター,,(tile)
MARUYA,なす焼,,(tile)
MARUYA,えいひれ,,(tile)
MARUYA,ししろ,,(tile)
MARUYA,はらみ,,(tile)
MARUYA,たん,,(tile)
MARUYA,たんした,,(tile)
MARUYA,ウインナー,sausage,/static/media/food/sausage.jpg
MARUYA,ばら,,(tile)
MARUYA,つくね,yakitori,/static/media/food/yakitori.jpg
MARUYA,ねぎま,yakitori,/static/media/food/yakitori.jpg
MARUYA,ぼんじり,,(tile)
MARUYA,せせり,horumon,
MARUYA,ねぎ,,(tile)
MARUYA,玉ねぎ,,(tile)
MARUYA,にんにくの芽,,(tile)
MARUYA,にんにく,,(tile)
MARUYA,しいたけ,,(tile)
MARUYA,ぎんなん,,(tile)
MARUYA,マカロニサラダ,salad_green,
MARUYA,クリームチーズたまり醤油漬け,cheese_plate,
MARUYA,自家製味噌,,(tile)
MARUYA,冷やしトマト,,(tile)
MARUYA,ミミガー酢味噌,,(tile)
MARUYA,からあげ,karaage_chicken,/static/media/food/karaage_chicken.jpg
MARUYA,さつまいもスティック,,(tile)
MARUYA,パーフェクト黒ラベル,,(tile)
MARUYA,サッポロラガービール,beer_alcohol,/static/media/food/beer_alcohol.jpg
MARUYA,冷酒,sake_drink,/static/media/food/sake_drink.jpg
MARUYA,熱燗,sake_drink,/static/media/food/sake_drink.jpg
MARUYA,金宮キンミヤ,,(tile)
MARUYA,伊佐大泉,,(tile)
MARUYA,黒霧島,,(tile)
MARUYA,兼八,,(tile)
MARUYA,さとの黒,,(tile)
MARUYA,デュワーズハイボール,whisky,/static/media/food/whisky.jpg
MARUYA,バカルディラムハイボール,whisky,/static/media/food/whisky.jpg
MARUYA,コークハイボール,whisky,/static/media/food/whisky.jpg
MARUYA,ジンジャーハイボール,whisky,/static/media/food/whisky.jpg
MARUYA,梅酒,beer_alcohol,/static/media/food/beer_alcohol.jpg
MARUYA,麦ハイボール,whisky,/static/media/food/whisky.jpg
MARUYA,ホッピーセット 白,teishoku,/static/media/food/teishoku.jpg
MARUYA,ホッピーセット 黒,teishoku,/static/media/food/teishoku.jpg
MARUYA,ホッピー中,,(tile)
MARUYA,生レモン,,(tile)
MARUYA,生グレープフルーツ,,(tile)
MARUYA,梅干し,,(tile)
MARUYA,バイスサワー,chuhai,/static/media/food/chuhai.jpg
MARUYA,ウーロン茶,oolong_tea,
MARUYA,緑茶,green_tea,/static/media/food/green_tea.jpg
MARUYA,トマトジュース,juice_beverage,/static/media/food/juice_beverage.jpg
MARUYA,紅茶,tea_matcha,/static/media/food/tea_matcha.jpg
MARUYA,コーラ,cola_drink,/static/media/food/cola_drink.jpg
MARUYA,ジンジャーエール,cola_drink,/static/media/food/cola_drink.jpg
OH!-TORO-KITCHEN-Lunch,上鉄火丼 (Premium Tekkadon),donburi_rice,/static/media/food/donburi_rice.jpg
OH!-TORO-KITCHEN-Lunch,マグロとネギトロのハーフ&ハーフボウル (Tuna and Negitoro Half & Half Bowl),sushi_tuna,/static/media/food/sushi_tuna.jpg
OH!-TORO-KITCHEN-Lunch,漬けマグロセサミボウル (Marinated Tuna Sesame Bowl),sushi_tuna,/static/media/food/sushi_tuna.jpg
OH!-TORO-KITCHEN-Lunch,マグロユッケボウル (Tuna Yukke Bowl),sushi_tuna,/static/media/food/sushi_tuna.jpg
OH!-TORO-KITCHEN-Lunch,マグロぶつ定食 並盛100g (Tuna Chunks Set Meal Regular 100g),teishoku,/static/media/food/teishoku.jpg
OH!-TORO-KITCHEN-Lunch,マグロぶつ定食 大盛130g (Tuna Chunks Set Meal Large 130g),teishoku,/static/media/food/teishoku.jpg
OH!-TORO-KITCHEN-Lunch,マグロぶつ定食 特盛160g (Tuna Chunks Set Meal Special 160g),teishoku,/static/media/food/teishoku.jpg
OH!-TORO-KITCHEN-Lunch,マグロのキンパ (Tuna Kimbap),sushi_tuna,/static/media/food/sushi_tuna.jpg
OH!-TORO-KITCHEN-Lunch,マグロブラッディータルタル定食 (Tuna Bloody Tartar Set Meal),teishoku,/static/media/food/teishoku.jpg
OH!-TORO-KITCHEN-Lunch,マグロはらみステーキ定食 (Tuna Belly Steak Set Meal),teishoku,/static/media/food/teishoku.jpg
OH!-TORO-KITCHEN-Lunch,かきフライ定食 (Fried Oyster Set Meal),teishoku,/static/media/food/teishoku.jpg
OH!-TORO-KITCHEN-Lunch,鉄火丼 (Tekkadon),donburi_rice,/static/media/food/donburi_rice.jpg
ORE-NO-HAMBURG,俺のハンバーグ,yakiniku_steak,/static/media/food/yakiniku_steak.jpg
ORE-NO-HAMBURG,フレッシュハンバーグ,yakiniku_steak,/static/media/food/yakiniku_steak.jpg
ORE-NO-HAMBURG,ガーリックハンバーグ,yakiniku_steak,/static/media/food/yakiniku_steak.jpg
ORE-NO-HAMBURG,森のきのこハンバーグ,yakiniku_steak,/static/media/food/yakiniku_steak.jpg
ORE-NO-HAMBURG,おろしハンバーグ,yakiniku_steak,/static/media/food/yakiniku_steak.jpg
ORE-NO-HAMBURG,目玉焼きハンバーグ,yakiniku_steak,/static/media/food/yakiniku_steak.jpg
ORE-NO-HAMBURG,アボカドチーズハンバーグ,yakiniku_steak,/static/media/food/yakiniku_steak.jpg
ORE-NO-HAMBURG,イタリアンチーズハンバーグ,yakiniku_steak,/static/media/food/yakiniku_steak.jpg
ORE-NO-HAMBURG,カリーライス,gohan_rice,
ORE-NO-HAMBURG,ハヤシライス,gohan_rice,
ORE-NO-HAMBURG,俺ハンサラダ,salad_green,
ORE-NO-HAMBURG,シェフのお任せミニサラダ,salad_green,
ORE-NO-HAMBURG,おかわりミニサラダ,salad_green,
ORE-NO-HAMBURG,おいしいごはん,gohan_rice,
ORE-NO-HAMBURG,月替わりスープ,soup_miso,/static/media/food/soup_miso.jpg
ORE-NO-HAMBURG,カレールー,curry_rice,/static/media/food/curry_rice.jpg
ORE-NO-HAMBURG,ソーセージ,sausage,/static/media/food/sausage.jpg
ORE-NO-HAMBURG,大根おろし,,(tile)
ORE-NO-HAMBURG,チーズ,cheese_plate,
ORE-NO-HAMBURG,目玉焼き,tamago_egg,/static/media/food/tamago_egg.jpg
ORE-NO-HAMBURG,フライドガーリック,fry_seafood,/static/media/food/fry_seafood.jpg
ORE-NO-HAMBURG,にんにくソース,,(tile)
ORE-NO-HAMBURG,アボカド,salad_green,
ORE-NO-HAMBURG,ハンバーグ追加,yakiniku_steak,/static/media/food/yakiniku_steak.jpg
ORE-NO-HAMBURG,俺セット,teishoku,/static/media/food/teishoku.jpg
Restaurant-Dazzle,Carpaccio del Pesce,,(tile)
Restaurant-Dazzle,Fegato di'Anatra e Frutti di Mare,,(tile)
Restaurant-Dazzle,Asparagi Bianchi,,(tile)
Restaurant-Dazzle,Pasta del Giorno (Pasta of the Day),pasta,/static/media/food/pasta.jpg
Restaurant-Dazzle,Ricci di Mare,,(tile)
Restaurant-Dazzle,Polpo,,(tile)
Restaurant-Dazzle,Aragosta,,(tile)
Restaurant-Dazzle,Pesce del Giorno,,(tile)
Restaurant-Dazzle,Maiale,,(tile)
Restaurant-Dazzle,Vitello,,(tile)
Restaurant-Dazzle,Baba,,(tile)
Restaurant-Dazzle,Formaggio,,(tile)
Restaurant-Dazzle,Fusello di Manzo Giapponese,,(tile)
Restaurant-Dazzle,Orecchia di Mare,,(tile)
Restaurant-Dazzle,Carbonara,pasta,/static/media/food/pasta.jpg
Restaurant-Dazzle,Bolognese,pasta,/static/media/food/pasta.jpg
Restaurant-Dazzle,Granchio,,(tile)
Restaurant-Dazzle,Granchio e Gamberetti,,(tile)
Restaurant-Dazzle,Controfiletto di Manzo Giapponese A4,,(tile)
Restaurant-Dazzle,Filetto di Manzo Giapponese A4,,(tile)
Restaurant-Dazzle,Olive Confit,,(tile)
Restaurant-Dazzle,House Bread Assortment,,(tile)
Restaurant-Dazzle,Mixed Nuts,,(tile)
Restaurant-Dazzle,Chocolate Ganache,juice_beverage,/static/media/food/juice_beverage.jpg
Restaurant-Dazzle,Formaggio (Half Caprese),,(tile)
Restaurant-Dazzle,Assorted Mortadella & Prosciutto,,(tile)
Restaurant-Dazzle,Today's Cheese Selection (for two),,(tile)
Restaurant-Dazzle,Trippa alla Fiorentina,,(tile)
Ricky-Takano,本日の鮮魚三点盛り,,(tile)
Ricky-Takano,アイナメ刺身,sashimi,/static/media/food/sashimi.jpg
Ricky-Takano,にんにく天,,(tile)
Ricky-Takano,新じゃがバター,,(tile)
Ricky-Takano,さつま揚げ,,(tile)
Ricky-Takano,イカメンチ,,(tile)
Ricky-Takano,厚切りベーコンステーキ,steak_plate,/static/media/food/steak_plate.jpg
Ricky-Takano,紅ショウガちくわ天,,(tile)
Ricky-Takano,豆苗とベーコンの炒め,bacon_dish,
Ricky-Takano,海老と大葉のチーズフライ,fry_seafood,/static/media/food/fry_seafood.jpg
Ricky-Takano,はまぐりとかきの酒蒸し,beer_alcohol,/static/media/food/beer_alcohol.jpg
Ricky-Takano,ハラペーニョのピザ,pizza,/static/media/food/pizza.jpg
Ricky-Takano,大学いも,,(tile)
Ricky-Takano,Option クリームチーズ (バニラアイス),icecream_parfait,/static/media/food/icecream_parfait.jpg
Ricky-Takano,いぶりがっこ,,(tile)
Ricky-Takano,浅漬けザーサイ,tsukemono,/static/media/food/tsukemono.jpg
Ricky-Takano,梅水晶,,(tile)
Ricky-Takano,おつまみガリ,,(tile)
SMOKEHOUSE,"House smoked nuts with almonds, cashews and pecans",,(tile)
SMOKEHOUSE,House smoked cheese with whole wheat crisps,,(tile)
SMOKEHOUSE,David's smoky deviled eggs,,(tile)
SMOKEHOUSE,Bowl of Texas style smoked meat chili with cornbread,,(tile)
SMOKEHOUSE,House smoked Tasmanian salmon with dill cream and whole wheat crisps,,(tile)
SMOKEHOUSE,"Spicy Cajun shrimp tacos with salsa fresca, avocado and coriander sour cream",tacos,/static/media/food/tacos.jpg
SMOKEHOUSE,Today's soup,soup_miso,/static/media/food/soup_miso.jpg
SMOKEHOUSE,Jumbo onion rings with BBQ sauce,onion_rings,/static/media/food/onion_rings.jpg
SMOKEHOUSE,Smoked tomato and jalapeno dip with house fried potato chips,,(tile)
SMOKEHOUSE,Texas style smoked meat chili and cheese fries,french_fries,/static/media/food/french_fries.jpg
SMOKEHOUSE,"SMOKEHOUSE nachos with tortilla chips, BBQ meat, cheddar cheese, guacamole, salsa fresca, jalapenos, coriander and sour cream",tacos,/static/media/food/tacos.jpg
SMOKEHOUSE,"Nashville HOT buttermilk fried chicken tenders, classic or extra hot (5pc)",karaage_chicken,/static/media/food/karaage_chicken.jpg
SMOKEHOUSE,"Nashville HOT buttermilk fried chicken tenders, classic or extra hot (10pc)",karaage_chicken,/static/media/food/karaage_chicken.jpg
SMOKEHOUSE,"Iceberg wedge, blue cheese dressing, bacon chunks, croutons",,(tile)
SMOKEHOUSE,"BBQ chicken salad with black beans, corn, coriander, Colby Jack cheese, ranch dressing",salad_green,
SMOKEHOUSE,"Smoky Korean choregi salad with smoked tofu, kimchi, cucumbers, rice crackers, nori and sesame dressing",salad_green,
SMOKEHOUSE,"Pulled BBQ pork, Carolina spicy vinegar",,(tile)
SMOKEHOUSE,"Smoked chicken, two boneless thighs, tender and juicy with BBQ sauce",,(tile)
SMOKEHOUSE,Smoked Cajun style spicy andouille sausage & homemade smoked bacon (100g),,(tile)
SMOKEHOUSE,Kansas City style pork spare ribs (quarter),,(tile)
SMOKEHOUSE,Kansas City style pork spare ribs (half),,(tile)
SMOKEHOUSE,Kansas City style pork spare ribs (full),,(tile)
SMOKEHOUSE,Beef short plate brisket burnt ends with white bread and coleslaw,salad_green,
SMOKEHOUSE,"Espresso BBQ spice rubbed short plate brisket, smoked low and slow, with white bread and coleslaw",coffee,/static/media/food/coffee.jpg
SMOKEHOUSE,BBQ combo platter of 3 meats + choose 2 sides-n-fixings,coffee,/static/media/food/coffee.jpg
SMOKEHOUSE,BBQ combo platter of 4 meats + choose 2 sides-n-fixings,coffee,/static/media/food/coffee.jpg
SMOKEHOUSE,BBQ combo platter of 5 meats + choose 2 sides-n-fixings,coffee,/static/media/food/coffee.jpg
SMOKEHOUSE,Coleslaw,salad_green,
SMOKEHOUSE,French fries,french_fries,/static/media/food/french_fries.jpg
SMOKEHOUSE,Crispy fried smoked zucchini sticks with ranch dressing,,(tile)
SMOKEHOUSE,Seasonal green veggie special,,(tile)
SMOKEHOUSE,Classic mayo mustard potato salad,salad_green,
SMOKEHOUSE,Okra and corn succotash with red peppers and edamame,edamame,/static/media/food/edamame.jpg
SMOKEHOUSE,Homemade smoked pickles,,(tile)
SMOKEHOUSE,Home style mac-n-cheese,,(tile)
SMOKEHOUSE,Homemade cornbread (1P),,(tile)
SMOKEHOUSE,"SMOKEHOUSE Wagyu cheeseburger with special sauce, lettuce, tomato and onions on potato buns",burger_cheese,/static/media/food/burger_cheese.jpg
SMOKEHOUSE,SMOKEHOUSE meatless veggie burger with lettuce and tomato on potato buns,burger_classic,/static/media/food/burger_classic.jpg
SMOKEHOUSE,Pulled BBQ pork with coleslaw on potato buns,salad_green,
SMOKEHOUSE,David's Nashville hot fried chicken sandwich with cheddar cheese and ranch dressing on potato buns,sandwich,/static/media/food/sandwich.jpg
SMOKEHOUSE,Grilled smoked pork sausage on a potato hot dog bun,hotdog,/static/media/food/hotdog.jpg
SMOKEHOUSE,Double smoked bacon BLT on toasted whole wheat,sandwich,/static/media/food/sandwich.jpg
SMOKEHOUSE,Burnt end short plate brisket with coleslaw on potato buns,salad_green,
SMOKEHOUSE,Banana pudding tiramisu with cocoa powder,cake_dessert,/static/media/food/cake_dessert.png
SMOKEHOUSE,Lemon layer cake with lemon mascarpone frosting and vanilla ice cream,cake_dessert,/static/media/food/cake_dessert.png
SMOKEHOUSE,Pecan pie with vanilla ice cream,icecream_parfait,/static/media/food/icecream_parfait.jpg
SMOKEHOUSE,"Today's assorted gelato, 3 scoops",icecream_parfait,/static/media/food/icecream_parfait.jpg
SMOKEHOUSE,"Chocolate and espresso blackout cake sundae with chocolate ice cream, oranges and smoked nuts",juice_beverage,/static/media/food/juice_beverage.jpg
SMOKEHOUSE,"Coffee by NOZY COFFEE, Hot (refill free) / Cold",coffee,/static/media/food/coffee.jpg
SMOKEHOUSE,Whiskey shake (Bourbon),smoothie,/static/media/food/smoothie.jpg
SMOKEHOUSE,Monthly shake,smoothie,/static/media/food/smoothie.jpg
SMOKEHOUSE,Vanilla milkshake,smoothie,/static/media/food/smoothie.jpg
SMOKEHOUSE,Chocolate milkshake,smoothie,/static/media/food/smoothie.jpg
SMOKEHOUSE,Strawberry milkshake,smoothie,/static/media/food/smoothie.jpg
SMOKEHOUSE,Banana milkshake,smoothie,/static/media/food/smoothie.jpg
SMOKEHOUSE,"Craft beer tasting set, 4 kinds (Pale Ale, Wheat Ale, Amber Ale + 1 your choice)",beer_alcohol,/static/media/food/beer_alcohol.jpg
SMOKEHOUSE,Pale Ale (S),beer_alcohol,/static/media/food/beer_alcohol.jpg
SMOKEHOUSE,Pale Ale (M),beer_alcohol,/static/media/food/beer_alcohol.jpg
SMOKEHOUSE,Pale Ale (L),beer_alcohol,/static/media/food/beer_alcohol.jpg
SMOKEHOUSE,Wheat Ale (S),beer_alcohol,/static/media/food/beer_alcohol.jpg
SMOKEHOUSE,Wheat Ale (M),beer_alcohol,/static/media/food/beer_alcohol.jpg
SMOKEHOUSE,Wheat Ale (L),beer_alcohol,/static/media/food/beer_alcohol.jpg
SMOKEHOUSE,Amber Ale (S),beer_alcohol,/static/media/food/beer_alcohol.jpg
SMOKEHOUSE,Amber Ale (M),beer_alcohol,/static/media/food/beer_alcohol.jpg
SMOKEHOUSE,Amber Ale (L),beer_alcohol,/static/media/food/beer_alcohol.jpg
SMOKEHOUSE,IPA (S),beer_alcohol,/static/media/food/beer_alcohol.jpg
SMOKEHOUSE,IPA (M),beer_alcohol,/static/media/food/beer_alcohol.jpg
SMOKEHOUSE,IPA (L),beer_alcohol,/static/media/food/beer_alcohol.jpg
SMOKEHOUSE,Imperial Stout (S),beer_alcohol,/static/media/food/beer_alcohol.jpg
SMOKEHOUSE,Imperial Stout (M),beer_alcohol,/static/media/food/beer_alcohol.jpg
SMOKEHOUSE,Imperial Stout (L),beer_alcohol,/static/media/food/beer_alcohol.jpg
SMOKEHOUSE,Citron Vollé (S),,(tile)
SMOKEHOUSE,Citron Vollé (M),,(tile)
SMOKEHOUSE,Citron Vollé (L),,(tile)
SMOKEHOUSE,Spring Echo (S),,(tile)
SMOKEHOUSE,Spring Echo (M),,(tile)
SMOKEHOUSE,Spring Echo (L),,(tile)
SMOKEHOUSE,Cola Red IPA (S),beer_alcohol,/static/media/food/beer_alcohol.jpg
SMOKEHOUSE,Cola Red IPA (M),beer_alcohol,/static/media/food/beer_alcohol.jpg
SMOKEHOUSE,Cola Red IPA (L),beer_alcohol,/static/media/food/beer_alcohol.jpg
SMOKEHOUSE,Abe-chan Nama Bitter (S),,(tile)
SMOKEHOUSE,Abe-chan Nama Bitter (M),,(tile)
SMOKEHOUSE,Abe-chan Nama Bitter (L),,(tile)
SMOKEHOUSE,Chilli Break Water (S),,(tile)
SMOKEHOUSE,Chilli Break Water (M),,(tile)
SMOKEHOUSE,Chilli Break Water (L),,(tile)
SMOKEHOUSE,"Grand Cru Vineyards, Chardonnay (white, glass)",wine_drink,/static/media/food/wine_drink.jpg
SMOKEHOUSE,"McManis, Viognier (white, bottle)",,(tile)
SMOKEHOUSE,"Ca'Momi, Sauvignon Blanc (white, bottle)",wine_drink,/static/media/food/wine_drink.jpg
SMOKEHOUSE,"Cannonball, Chardonnay (white, bottle)",wine_drink,/static/media/food/wine_drink.jpg
SMOKEHOUSE,"Grand Cru Vineyards, Merlot (red, glass)",wine_drink,/static/media/food/wine_drink.jpg
SMOKEHOUSE,"Bos, Cabernet Sauvignon (red, bottle)",wine_drink,/static/media/food/wine_drink.jpg
SMOKEHOUSE,"Bogle Vineyards, Zinfandel (red, bottle)",,(tile)
SMOKEHOUSE,"Ballard Lane, Central Coast, Cabernet Sauvignon (red, bottle)",wine_drink,/static/media/food/wine_drink.jpg
SMOKEHOUSE,"Seaglass, Pinot Noir (red, bottle)",,(tile)
SMOKEHOUSE,"Odd Lot, Syrah Cabernet (red, bottle)",wine_drink,/static/media/food/wine_drink.jpg
SMOKEHOUSE,"Freakshow, Cabernet Sauvignon (red, bottle)",wine_drink,/static/media/food/wine_drink.jpg
SMOKEHOUSE,"Bogle Juggernaut, Russian River Valley, Pinot Noir (red, bottle)",,(tile)
SMOKEHOUSE,"Blacksmith, Cabernet Sauvignon, C.L.R.t, Napa Valley (red, bottle)",wine_drink,/static/media/food/wine_drink.jpg
SMOKEHOUSE,Woodford Reserve (Kentucky),,(tile)
SMOKEHOUSE,Buffalo Trace (Kentucky),,(tile)
SMOKEHOUSE,Gentleman Jack (Tennessee),,(tile)
SMOKEHOUSE,Eagle Rare 10yr (Kentucky),,(tile)
SMOKEHOUSE,Pure X.0 (Kentucky),,(tile)
SMOKEHOUSE,Nelson's Green Brier Sour Mash (Tennessee),,(tile)
SMOKEHOUSE,James E. Pepper 1776 Unfiltered (Kentucky),,(tile)
SMOKEHOUSE,Maker's Mark 46 (Kentucky),,(tile)
SMOKEHOUSE,Knob Creek (Kentucky),,(tile)
SMOKEHOUSE,Basil Hayden (Kentucky),,(tile)
SMOKEHOUSE,Rowan's Creek (Kentucky),,(tile)
SMOKEHOUSE,Michter's Sour Mash (Kentucky),,(tile)
SMOKEHOUSE,Koval Four Grain (Illinois),,(tile)
SMOKEHOUSE,Jack Daniel's Single Barrel Select (Tennessee),,(tile)
SMOKEHOUSE,High West Bourbon (Utah),,(tile)
SMOKEHOUSE,Templeton (Iowa),,(tile)
SMOKEHOUSE,Michter's (Kentucky),,(tile)
SMOKEHOUSE,Koval (Illinois),,(tile)
SMOKEHOUSE,Sazerac (Louisiana),,(tile)
SMOKEHOUSE,WhistlePig Old World Rye 12y (Vermont),,(tile)
SMOKEHOUSE,Angel's Envy Port Wine Cask Finished (Kentucky),wine_drink,/static/media/food/wine_drink.jpg
SMOKEHOUSE,Very Olde St. Nick Ancient Cask 13 Holy Order (Kentucky),,(tile)
SMOKEHOUSE,Blanton's Gold Edition (Kentucky),,(tile)
SMOKEHOUSE,Wild Turkey Master's Keep Voyage (Kentucky),,(tile)
SMOKEHOUSE,Bluecoat Gin (Pennsylvania),,(tile)
SMOKEHOUSE,Farmers Gin (Idaho),,(tile)
SMOKEHOUSE,Tito's Vodka (Texas),,(tile)
SMOKEHOUSE,Koval Cranberry Gin (Illinois),,(tile)
SMOKEHOUSE,Buffalo Lemonade,juice_beverage,/static/media/food/juice_beverage.jpg
SMOKEHOUSE,Tropical Sunrise Beer,beer_alcohol,/static/media/food/beer_alcohol.jpg
SMOKEHOUSE,Apple Juniper Highball,cocktail,/static/media/food/cocktail.jpg
SMOKEHOUSE,Watermelon Mojito,cocktail,/static/media/food/cocktail.jpg
SMOKEHOUSE,Classic Sazerac,,(tile)
SMOKEHOUSE,SMOKEHOUSE BBQ Bloody Mary,,(tile)
SMOKEHOUSE,Coke / Coke Zero,,(tile)
SMOKEHOUSE,Coke / Coke Zero (unlimited refills),,(tile)
SMOKEHOUSE,Ginger Ale,juice_beverage,/static/media/food/juice_beverage.jpg
SMOKEHOUSE,100% cold pressed orange juice,juice_beverage,/static/media/food/juice_beverage.jpg
SMOKEHOUSE,Homemade lemonade,juice_beverage,/static/media/food/juice_beverage.jpg
SMOKEHOUSE,Classic Arnold Palmer,,(tile)
SMOKEHOUSE,Raspberry rhubarb soda,juice_beverage,/static/media/food/juice_beverage.jpg
SMOKEHOUSE,Craft ginger beer -Reed's-,beer_alcohol,/static/media/food/beer_alcohol.jpg
SMOKEHOUSE,"Party food course (appetizers, salads, BBQ combo platter of 4 meats, sides & dessert)",coffee,/static/media/food/coffee.jpg
SMOKEHOUSE,"Party drink plan (craft beers, American craft spirits, wine, seasonal brew & soft drinks)",wine_drink,/static/media/food/wine_drink.jpg
Soba-Sakaba-Sennen,ビール 生,beer_alcohol,/static/media/food/beer_alcohol.jpg
Soba-Sakaba-Sennen,ビール 瓶 (大),beer_alcohol,/static/media/food/beer_alcohol.jpg
Soba-Sakaba-Sennen,ノンアルコール アサヒドライゼロ,,(tile)
Soba-Sakaba-Sennen,あらごし梅酒,beer_alcohol,/static/media/food/beer_alcohol.jpg
Soba-Sakaba-Sennen,カクテル,cocktail,/static/media/food/cocktail.jpg
Soba-Sakaba-Sennen,竹鶴 ハイボール (ロック・水割り),whisky,/static/media/food/whisky.jpg
Soba-Sakaba-Sennen,ワイン (赤・白),wine_drink,/static/media/food/wine_drink.jpg
Soba-Sakaba-Sennen,ハーフワインボトル (赤・白),wine_drink,/static/media/food/wine_drink.jpg
Soba-Sakaba-Sennen,熱燗 真剣勝負 一合,sake_drink,/static/media/food/sake_drink.jpg
Soba-Sakaba-Sennen,熱燗 真剣勝負 二合,sake_drink,/static/media/food/sake_drink.jpg
Soba-Sakaba-Sennen,熱燗 大七 一合,sake_drink,/static/media/food/sake_drink.jpg
Soba-Sakaba-Sennen,熱燗 大七 二合,sake_drink,/static/media/food/sake_drink.jpg
Soba-Sakaba-Sennen,冷酒 真剣勝負,sake_drink,/static/media/food/sake_drink.jpg
Soba-Sakaba-Sennen,冷酒 八海山,sake_drink,/static/media/food/sake_drink.jpg
Soba-Sakaba-Sennen,冷酒 七冠馬,sake_drink,/static/media/food/sake_drink.jpg
Soba-Sakaba-Sennen,サワー 各種,chuhai,/static/media/food/chuhai.jpg
Soba-Sakaba-Sennen,酎ハイ 各種,chuhai,/static/media/food/chuhai.jpg
Soba-Sakaba-Sennen,本日のオススメのお酒,beer_alcohol,/static/media/food/beer_alcohol.jpg
Soba-Sakaba-Sennen,勇者 (麦),,(tile)
Soba-Sakaba-Sennen,八重桜 (蕎麦),soba,/static/media/food/soba.jpg
Soba-Sakaba-Sennen,ホッピー,,(tile)
Soba-Sakaba-Sennen,中,,(tile)
Soba-Sakaba-Sennen,千年ボトル 720ml (芋・麦・蕎麦),soba,/static/media/food/soba.jpg
Soba-Sakaba-Sennen,ボトルセット,teishoku,/static/media/food/teishoku.jpg
Soba-Sakaba-Sennen,お刺身 三点盛り,sashimi,/static/media/food/sashimi.jpg
Soba-Sakaba-Sennen,蕎麦チップ,soba,/static/media/food/soba.jpg
Soba-Sakaba-Sennen,冷しトマト,,(tile)
Soba-Sakaba-Sennen,漬物盛合わせ,tsukemono,/static/media/food/tsukemono.jpg
Soba-Sakaba-Sennen,胡瓜一本漬け,,(tile)
Soba-Sakaba-Sennen,エイヒレ,,(tile)
Soba-Sakaba-Sennen,揚げたこ焼き,takoyaki,/static/media/food/takoyaki.jpg
Soba-Sakaba-Sennen,自家製さつま揚げ,,(tile)
Soba-Sakaba-Sennen,だし巻玉子,tamago_egg,/static/media/food/tamago_egg.jpg
Soba-Sakaba-Sennen,厚切りベーコン炙り焼き,bacon_dish,
Soba-Sakaba-Sennen,じゃが芋明太チーズ焼き,cheese_plate,
Soba-Sakaba-Sennen,アボカドサラダ,salad_green,
Soba-Sakaba-Sennen,岩中豚おろしポン酢サラダ,salad_green,
Soba-Sakaba-Sennen,じゃこパリサラダ,salad_green,
Soba-Sakaba-Sennen,秘密のキャベツサラダ,salad_green,
Soba-Sakaba-Sennen,鶏柚子胡椒焼き,,(tile)
Soba-Sakaba-Sennen,豚トロ焼き,,(tile)
Soba-Sakaba-Sennen,天ぷら盛り合わせ,tempura,/static/media/food/tempura.jpg
Soba-Sakaba-Sennen,カリカリチーズ,cheese_plate,
Soba-Sakaba-Sennen,ごぼう唐揚げ,karaage_chicken,/static/media/food/karaage_chicken.jpg
Soba-Sakaba-Sennen,揚げ物二種盛り,,(tile)
Soba-Sakaba-Sennen,ポテトフライ,fry_seafood,/static/media/food/fry_seafood.jpg
Soba-Sakaba-Sennen,信州せいろ,,(tile)
Soba-Sakaba-Sennen,ミニせいろ,,(tile)
Soba-Sakaba-Sennen,だったんせいろ,,(tile)
Soba-Sakaba-Sennen,ミニだったんせいろ,,(tile)
Soba-Sakaba-Sennen,仕上げの板そば,soba,/static/media/food/soba.jpg
T.Y.HARBOR,TYオリジナルビーフチリビーンのナチョス、チェダーチーズとワカモレ,nachos,/static/media/food/nachos.jpg
T.Y.HARBOR,スパイシーNYチキンウィング、ブルーチーズディップ、セロリスティック (4 Pieces),karaage_chicken,/static/media/food/karaage_chicken.jpg
T.Y.HARBOR,スパイシーNYチキンウィング、ブルーチーズディップ、セロリスティック (10 Pieces),karaage_chicken,/static/media/food/karaage_chicken.jpg
T.Y.HARBOR,グリルソーセージの盛り合わせ、クレオールマスタードとポテトチップ,sausage,/static/media/food/sausage.jpg
T.Y.HARBOR,ジャンボシュリンプカクテル、カクテルチリソース (4 Pieces),cocktail,/static/media/food/cocktail.jpg
T.Y.HARBOR,マグロとアボカドの韓国風ポキタワー、キムチのアイオリと寿司飯,salad_green,
T.Y.HARBOR,本日鮮魚のカルパッチョ,carpaccio,/static/media/food/carpaccio.jpg
T.Y.HARBOR,ニューイングランドクラムチャウダー,soup_corn,
T.Y.HARBOR,スウィートフライドポテト、メープルベーコンディップ,french_fries,/static/media/food/french_fries.jpg
T.Y.HARBOR,乱切りポテト、サワークリームとチャツネ,french_fries,/static/media/food/french_fries.jpg
T.Y.HARBOR,アボカドと枝豆ディップ、ピタブレッド,edamame,/static/media/food/edamame.jpg
T.Y.HARBOR,アスパラガスのグリル、豆腐と味噌のソースと紫蘇スパイス,donut,/static/media/food/donut.jpg
T.Y.HARBOR,TYオリジナルビアバッタ (2 Pieces),,(tile)
T.Y.HARBOR,シーザーサラダ (2-3 ppl),salad_green,
T.Y.HARBOR,シーザーサラダ (4-6 ppl),salad_green,
T.Y.HARBOR,ミックスベリーとリコタサラータのケールサラダ、スパイシーアーモンドとホワイトバルサミコドレッシング,salad_green,
T.Y.HARBOR,T.Y.ブッダボウルサラダ、レモンタヒニドレッシング,salad_green,
T.Y.HARBOR,和牛のフレンチディップサンド、和牛のローストビーフと出汁ディップ,burger_classic,/static/media/food/burger_classic.jpg
T.Y.HARBOR,クリスピーバターミルクフライドチキンサンド、デイヴィッドスペシャルソース,burger_classic,/static/media/food/burger_classic.jpg
T.Y.HARBOR,バーベキューリブ、カンザススタイルオリジナルソース、パルメザンワッフルポテトとコールスローサラダ (2-4 ppl),salad_green,
T.Y.HARBOR,バーベキューリブ、カンザススタイルオリジナルソース、パルメザンワッフルポテトとコールスローサラダ (4-6 ppl),salad_green,
T.Y.HARBOR,アンバーエールでマリネした清流鶏のロースト、ローストオニオンとブロッコリー,yakiniku_steak,/static/media/food/yakiniku_steak.jpg
T.Y.HARBOR,ハーブでマリネした霧島豚のグリル、ローストポテトとトマト (250g),french_fries,/static/media/food/french_fries.jpg
T.Y.HARBOR,和牛F1サーロインステーキ、タイ風スパイシータマリンドソースとグリーンパパイヤサラダ,steak_plate,/static/media/food/steak_plate.jpg
T.Y.HARBOR,手作りブレッドの盛り合わせ、ホイップバター,toast_breakfast,/static/media/food/toast_breakfast.jpg
T.Y.HARBOR,T.Y. ハーバー バーガー (170g),burger_classic,/static/media/food/burger_classic.jpg
T.Y.HARBOR,T.Y. ハーバー バーガー (250g),burger_classic,/static/media/food/burger_classic.jpg
T.Y.HARBOR,BBQプルドチキンとジャックチーズのケサディア、トマトサルサとサワークリーム,cheese_plate,
T.Y.HARBOR,T.Y. オリジナルベジタブルサンド（ケール、オニオンピクルス、ジャックチーズ）、レモンアイオリ、ウィートブレッド,toast_breakfast,/static/media/food/toast_breakfast.jpg
T.Y.HARBOR,B.L.T.A. (ベーコン、レタス、トマト、アボカド) ウィートブレッドサンド,burger_classic,/static/media/food/burger_classic.jpg
T.Y.HARBOR,メカジキのグリル、レモンリゾットと季節野菜のグリル,risotto,/static/media/food/risotto.jpg
T.Y.HARBOR,ディヴィッドのニューヨークチーズケーキ,cake_dessert,/static/media/food/cake_dessert.png
T.Y.HARBOR,パンプキンプリンとバニラアイスクリーム,icecream_parfait,/static/media/food/icecream_parfait.jpg
T.Y.HARBOR,ブラックアウトチョコレートケーキとバニラアイスクリーム,icecream_parfait,/static/media/food/icecream_parfait.jpg
T.Y.HARBOR,ジャスミン茶のクレームブリュレ、バニラアイスクリーム,tea_matcha,/static/media/food/tea_matcha.jpg
T.Y.HARBOR,本日のジェラート盛り合わせ,,(tile)
T.Y.HARBOR,コーヒー（ホット or アイス）,coffee,/static/media/food/coffee.jpg
T.Y.HARBOR,リモンチェロ アマルフィ,,(tile)
T.Y.HARBOR,テイラー、ビンテージポート,,(tile)
T.Y.HARBOR,フォンセカ、トウニー ポート 20年,,(tile)
T.Y.HARBOR,レミーマルタン V.S.O.P.,,(tile)
T.Y.HARBOR,ブラー、カルバドス ペイドージュ,,(tile)
T.Y.HARBOR,クールドリヨン、カルバドス ペイドージュ,,(tile)
T.Y.HARBOR,マローロ グラッパ ディ モスカート 5年,,(tile)
T.Y.HARBOR,ペールエール / Pale Ale (S 250ml),beer_alcohol,/static/media/food/beer_alcohol.jpg
T.Y.HARBOR,ペールエール / Pale Ale (M 420ml),beer_alcohol,/static/media/food/beer_alcohol.jpg
T.Y.HARBOR,"ペールエール / Pale Ale (Pitcher 1,800ml)",beer_alcohol,/static/media/food/beer_alcohol.jpg
T.Y.HARBOR,ウィートエール / Wheat Ale (S 250ml),beer_alcohol,/static/media/food/beer_alcohol.jpg
T.Y.HARBOR,ウィートエール / Wheat Ale (M 420ml),beer_alcohol,/static/media/food/beer_alcohol.jpg
T.Y.HARBOR,"ウィートエール / Wheat Ale (Pitcher 1,800ml)",beer_alcohol,/static/media/food/beer_alcohol.jpg
T.Y.HARBOR,アンバーエール / Amber Ale (S 250ml),beer_alcohol,/static/media/food/beer_alcohol.jpg
T.Y.HARBOR,アンバーエール / Amber Ale (M 420ml),beer_alcohol,/static/media/food/beer_alcohol.jpg
T.Y.HARBOR,"アンバーエール / Amber Ale (Pitcher 1,800ml)",beer_alcohol,/static/media/food/beer_alcohol.jpg
T.Y.HARBOR,インディアペールエール / IPA (S 250ml),beer_alcohol,/static/media/food/beer_alcohol.jpg
T.Y.HARBOR,インディアペールエール / IPA (M 420ml),beer_alcohol,/static/media/food/beer_alcohol.jpg
T.Y.HARBOR,"インディアペールエール / IPA (Pitcher 1,800ml)",beer_alcohol,/static/media/food/beer_alcohol.jpg
T.Y.HARBOR,インペリアルスタウト / Imperial Stout (S 250ml),beer_alcohol,/static/media/food/beer_alcohol.jpg
T.Y.HARBOR,インペリアルスタウト / Imperial Stout (M 420ml),beer_alcohol,/static/media/food/beer_alcohol.jpg
T.Y.HARBOR,"インペリアルスタウト / Imperial Stout (Pitcher 1,800ml)",beer_alcohol,/static/media/food/beer_alcohol.jpg
T.Y.HARBOR,シーズナルブリュー / Seasonal Brew (S 250ml),,(tile)
T.Y.HARBOR,シーズナルブリュー / Seasonal Brew (M 420ml),,(tile)
T.Y.HARBOR,"シーズナルブリュー / Seasonal Brew (Pitcher 1,800ml)",,(tile)
T.Y.HARBOR,ビア アメリカーノ,,(tile)
T.Y.HARBOR,トロピカル ビア コラーダ,,(tile)
T.Y.HARBOR,アンバー シャンディガフ,,(tile)
T.Y.HARBOR,ホッピー ジンソーダ,juice_beverage,/static/media/food/juice_beverage.jpg
T.Y.HARBOR,ダブル シトラス モヒート,cocktail,/static/media/food/cocktail.jpg
T.Y.HARBOR,ビターホップ レモンサワー,chuhai,/static/media/food/chuhai.jpg
T.Y.HARBOR,ボタニカル ジントニック,cocktail,/static/media/food/cocktail.jpg
T.Y.HARBOR,シトラス ウィスキー ハイボール,whisky,/static/media/food/whisky.jpg
T.Y.HARBOR,ハーバー サイド サングリア レッド,,(tile)
T.Y.HARBOR,ハーバー サイド サングリア ホワイト,,(tile)
T.Y.HARBOR,ディアムール マスカット スパークリングワイン (ノンアルコール),wine_drink,/static/media/food/wine_drink.jpg
T.Y.HARBOR,パッションレモネード,lemonade,/static/media/food/lemonade.jpg
T.Y.HARBOR,シックスブレンデッド ジンジャエール,,(tile)
T.Y.HARBOR,アップルジュース,juice_beverage,/static/media/food/juice_beverage.jpg
T.Y.HARBOR,ピーチジュース,juice_beverage,/static/media/food/juice_beverage.jpg
T.Y.HARBOR,トマトジュース,juice_beverage,/static/media/food/juice_beverage.jpg
T.Y.HARBOR,グアバジュース,juice_beverage,/static/media/food/juice_beverage.jpg
T.Y.HARBOR,リリコイ パッション,,(tile)
T.Y.HARBOR,ドメーヌ シャンドン、ヤラ ヴァレー、オーストラリア (Glass),,(tile)
T.Y.HARBOR,ドメーヌ シャンドン、ヤラ ヴァレー、オーストラリア (Bottle),,(tile)
T.Y.HARBOR,ジャン ピエール、ロゼスパークリング ブリュット、ヴィクトリア、オーストラリア (Bottle),champagne,/static/media/food/champagne.jpg
T.Y.HARBOR,ラック アンド リドル、カリフォルニア (Bottle),,(tile)
T.Y.HARBOR,モエ エ シャンドン ブリュット アンペリアル、シャンパーニュ、フランス (Bottle),,(tile)
T.Y.HARBOR,モエ エ シャンドン ロゼ アンペリアル、シャンパーニュ、フランス (Bottle),,(tile)
T.Y.HARBOR,ビッグチャーン、カリフォルニア '23 - シャルドネ (Glass),,(tile)
T.Y.HARBOR,ビッグチャーン、カリフォルニア '23 - シャルドネ (Carafe),,(tile)
T.Y.HARBOR,ビッグチャーン、カリフォルニア '23 - シャルドネ (Bottle),,(tile)
T.Y.HARBOR,ドメーヌ デュ マージュ、ガスコーニュ、フランス '23 (Bottle),,(tile)
T.Y.HARBOR,キャノンボール、カリフォルニア '23 (Bottle),,(tile)
T.Y.HARBOR,フリークショー、カリフォルニア '23 (Bottle),,(tile)
T.Y.HARBOR,アメリア、リマリ ヴァレー、チリ '21 (Bottle),,(tile)
T.Y.HARBOR,ボーグル ヴィンヤーズ、ソーヴィニヨン ブラン、カリフォルニア '24 (Glass),,(tile)
T.Y.HARBOR,ボーグル ヴィンヤーズ、ソーヴィニヨン ブラン、カリフォルニア '24 (Carafe),,(tile)
T.Y.HARBOR,ボーグル ヴィンヤーズ、ソーヴィニヨン ブラン、カリフォルニア '24 (Bottle),,(tile)
T.Y.HARBOR,アルクーミ、リースリング、オーストラリア '24 (Bottle),,(tile)
T.Y.HARBOR,マルケス デ カーサ コンチャ、リマリ ヴァレー、チリ '21 - ピノ ノワール (Glass),,(tile)
T.Y.HARBOR,マルケス デ カーサ コンチャ、リマリ ヴァレー、チリ '21 - ピノ ノワール (Carafe),,(tile)
T.Y.HARBOR,マルケス デ カーサ コンチャ、リマリ ヴァレー、チリ '21 - ピノ ノワール (Bottle),,(tile)
T.Y.HARBOR,ボデガ フィン デル ムンド、パタゴニア、アルゼンチン '21 - ピノ ノワール (Bottle),,(tile)
T.Y.HARBOR,ディヴァム、カリフォルニア '22 - ピノ ノワール (Bottle),,(tile)
T.Y.HARBOR,トータスクリーク、カリフォルニア '21 - ピノ ノワール (Bottle),,(tile)
T.Y.HARBOR,ヒッチング ポスト、サンタ バーバラ、カリフォルニア '21 - ピノ ノワール (Bottle),,(tile)
T.Y.HARBOR,カセドラル クリーク、カリフォルニア '23 - カベルネ ソーヴィニヨン (Glass),,(tile)
T.Y.HARBOR,カセドラル クリーク、カリフォルニア '23 - カベルネ ソーヴィニヨン (Carafe),,(tile)
T.Y.HARBOR,カセドラル クリーク、カリフォルニア '23 - カベルネ ソーヴィニヨン (Bottle),,(tile)
T.Y.HARBOR,ナビゲーター、カリフォルニア '23 (Bottle),,(tile)
T.Y.HARBOR,ピラミマ、マクラーレン ヴェイル、オーストラリア '20 (Bottle),,(tile)
T.Y.HARBOR,ビッグスムース、ナパ ヴァレー、カリフォルニア '23 (Bottle),,(tile)
T.Y.HARBOR,フリークショー CSブレンド、カリフォルニア '23 (Bottle),,(tile)
T.Y.HARBOR,クロ デュ ヴァル、ナパ ヴァレー、カリフォルニア '21 (Bottle),,(tile)
TACO-R!CO,グリルチキン,karaage_chicken,/static/media/food/karaage_chicken.jpg
TACO-R!CO,アボカドたっぷりチキン,karaage_chicken,/static/media/food/karaage_chicken.jpg
TACO-R!CO,カーニタス(ポーク),tonkatsu_pork,/static/media/food/tonkatsu_pork.jpg
TACO-R!CO,バーベキューポーク,tonkatsu_pork,/static/media/food/tonkatsu_pork.jpg
TACO-R!CO,ビステック(ビーフ),,(tile)
TACO-R!CO,アボカドシュリンプ,salad_green,
TACO-R!CO,エリンギステーキ&アボカド,salad_green,
TACO-R!CO,ビステック,,(tile)
TACO-R!CO,チーズ&グリルチキン,karaage_chicken,/static/media/food/karaage_chicken.jpg
TACO-R!CO,チーズ&カーニタス(ポーク),cheese_plate,
TACO-R!CO,チップス,,(tile)
TACO-R!CO,チップス&サルサメヒカーナ,,(tile)
TACO-R!CO,チップス&ワカモレ(アボカドソース),salad_green,
TACO-R!CO,メキシカントマトスープ,soup_miso,/static/media/food/soup_miso.jpg
TACO-R!CO,自家製フレッシュジュース,juice_beverage,/static/media/food/juice_beverage.jpg
TACO-R!CO,リモンナダ(メキシカンレモネード) M,lemonade,/static/media/food/lemonade.jpg
TACO-R!CO,リモンナダ(メキシカンレモネード) L,lemonade,/static/media/food/lemonade.jpg
TACO-R!CO,ハイビスカスティ M,,(tile)
TACO-R!CO,ハイビスカスティ L,,(tile)
TACO-R!CO,リモンナダハイビスカス M,,(tile)
TACO-R!CO,リモンナダハイビスカス L,,(tile)
TACO-R!CO,ソフトドリンク,,(tile)
TACO-R!CO,ソフトドリンク M,,(tile)
TACO-R!CO,ソフトドリンク L,,(tile)
TACO-R!CO,フェアトレードコーヒー(ホット/アイス),coffee,/static/media/food/coffee.jpg
TACO-R!CO,キッズアップルジュース,juice_beverage,/static/media/food/juice_beverage.jpg
TACO-R!CO,メキシカンビール(コロナ/テカテ),beer_alcohol,/static/media/food/beer_alcohol.jpg
TACO-R!CO,リモンナダテキーラカクテル,cocktail,/static/media/food/cocktail.jpg
TACO-R!CO,キッズセット,teishoku,/static/media/food/teishoku.jpg
TACO-R!CO,ブリトーボックス,burrito,
TACO-R!CO,タコリッコボックス,sushi_platter,/static/media/food/sushi_platter.jpg
TACO-R!CO,パーティーコブサラダ,salad_green,
TACO-R!CO,ワカモレ(アボカドソース),salad_green,
TACO-R!CO,アボカドグリーンサルサ,salad_green,
TACO-R!CO,エキストラミート(グリルチキン、カーニタス、BBQポーク、シュリンプ),tonkatsu_pork,/static/media/food/tonkatsu_pork.jpg
TACO-R!CO,エキストラミート(ビステック),,(tile)
TACO-R!CO,ダブルミート(グリルチキン、カーニタス、BBQポーク、シュリンプ),tonkatsu_pork,/static/media/food/tonkatsu_pork.jpg
TACO-R!CO,ダブルミート(ビステック),,(tile)
TACO-R!CO,エリンギステーキ,steak_plate,/static/media/food/steak_plate.jpg
TACO-R!CO,ハラペーニョ,,(tile)
TACO-R!CO,ライムライス、ビーンズ、チーズ、サワークリーム、メキシカンライム、レタス、ファヒータ,gohan_rice,
TGI-FRIDAYS-KIDS,KIDS BURGER,burger_classic,/static/media/food/burger_classic.jpg
TGI-FRIDAYS-KIDS,KIDS CHICKEN FINGERS,,(tile)
TGI-FRIDAYS-KIDS,KIDS MEATSAUCE PASTA,pasta,/static/media/food/pasta.jpg
TGI-FRIDAYS-KIDS,KIDS RICE OMELETTE,omurice,/static/media/food/omurice.jpg
TGI-FRIDAYS-KIDS,KIDS CRAFT BURGER,burger_classic,/static/media/food/burger_classic.jpg
TGI-FRIDAYS-KIDS,KIDS SUNDAE,icecream_parfait,/static/media/food/icecream_parfait.jpg
TGI-FRIDAYS-KIDS,VANILLA ICE (Single),,(tile)
TGI-FRIDAYS-KIDS,VANILLA ICE (Double),,(tile)
TGI-FRIDAYS-KIDS,STRAWBERRY ICE (Single),,(tile)
TGI-FRIDAYS-KIDS,STRAWBERRY ICE (Double),,(tile)
TGI-FRIDAYS-KIDS,OREO CREAM SANDWICH,sandwich,/static/media/food/sandwich.jpg
TGI-FRIDAYS-KIDS,BLUE RASPBERRY SLUSH,,(tile)
TGI-FRIDAYS-KIDS,MANGO PEACH LEMONADE SLUSH,juice_beverage,/static/media/food/juice_beverage.jpg
TGI-FRIDAYS-KIDS,STRAWBERRY LEMONADE SLUSH,juice_beverage,/static/media/food/juice_beverage.jpg
TGI-FRIDAYS-KIDS,VANILLA MILK SHAKE,smoothie,/static/media/food/smoothie.jpg
TGI-FRIDAYS-KIDS,BANANA MILK SHAKE,smoothie,/static/media/food/smoothie.jpg
TGI-FRIDAYS-KIDS,CHOCOLATE MILK SHAKE,smoothie,/static/media/food/smoothie.jpg
TGI-FRIDAYS-KIDS,STRAWBERRY MILK SHAKE,smoothie,/static/media/food/smoothie.jpg
TGI-FRIDAYS-KIDS,ORANGE JUICE,juice_beverage,/static/media/food/juice_beverage.jpg
TGI-FRIDAYS-KIDS,APPLE JUICE,juice_beverage,/static/media/food/juice_beverage.jpg
TGI-FRIDAYS-KIDS,PINEAPPLE JUICE,juice_beverage,/static/media/food/juice_beverage.jpg
TGI-FRIDAYS-KIDS,TOMATO JUICE,juice_beverage,/static/media/food/juice_beverage.jpg
TGI-FRIDAYS-KIDS,GRAPEFRUIT JUICE,juice_beverage,/static/media/food/juice_beverage.jpg
TGI-FRIDAYS-KIDS,PEPSI®,,(tile)
TGI-FRIDAYS-KIDS,OOLONG TEA,tea_matcha,/static/media/food/tea_matcha.jpg
TGI-FRIDAYS-KIDS,PEPSI® ZERO,,(tile)
TGI-FRIDAYS-KIDS,ICED TEA,tea_matcha,/static/media/food/tea_matcha.jpg
TGI-FRIDAYS-KIDS,7UP,,(tile)
TGI-FRIDAYS-KIDS,GINGER ALE,juice_beverage,/static/media/food/juice_beverage.jpg
THE-ROASTERY,エスプレッソ / ESPRESSO,coffee,/static/media/food/coffee.jpg
THE-ROASTERY,アメリカーノ / AMERICANO,coffee,/static/media/food/coffee.jpg
THE-ROASTERY,カフェラテ / CAFE LATTE,coffee,/static/media/food/coffee.jpg
THE-ROASTERY,ハンドブリュー / HAND BREW,,(tile)
THE-ROASTERY,エスプレッソマティーニ / ESPRESSO MARTINI,tea_matcha,/static/media/food/tea_matcha.jpg
THE-ROASTERY,エスプレッソジントニック / ESPRESSO GIN AND TONIC,cocktail,/static/media/food/cocktail.jpg
THE-ROASTERY,アイリッシュコーヒー / IRISH COFFEE,coffee,/static/media/food/coffee.jpg
THE-ROASTERY,チャイラテ / CHAI LATTE (HOT/ICED),coffee,/static/media/food/coffee.jpg
THE-ROASTERY,レモネード / LEMONADE (HOT/ICED),lemonade,/static/media/food/lemonade.jpg
THE-ROASTERY,レモンスカッシュ / LEMON SQUASH (ICED),lemonade,/static/media/food/lemonade.jpg
THE-ROASTERY,カモミールティー / CHAMOMILE TEA,tea_matcha,/static/media/food/tea_matcha.jpg
THE-ROASTERY,ルイボスティー / ROOIBOS TEA,tea_matcha,/static/media/food/tea_matcha.jpg
THE-ROASTERY,エスプレッソソフト / ESPRESSO,coffee,/static/media/food/coffee.jpg
THE-ROASTERY,カフェラテソフト / CAFE LATTE,coffee,/static/media/food/coffee.jpg
THE-ROASTERY,ミルクソフト / MILK,milk_drink,/static/media/food/milk_drink.jpg
TULLY-S-COFFEE-TEA-BEVERAGES,クオリティ ダージリン,,(tile)
TULLY-S-COFFEE-TEA-BEVERAGES,アッサム,,(tile)
TULLY-S-COFFEE-TEA-BEVERAGES,アールグレイ クラシック,,(tile)
TULLY-S-COFFEE-TEA-BEVERAGES,オリジナル マラウイ&ダージリン,,(tile)
TULLY-S-COFFEE-TEA-BEVERAGES,水出しアイスティー,tea_matcha,/static/media/food/tea_matcha.jpg
TULLY-S-COFFEE-TEA-BEVERAGES,ルイボスティー,tea_matcha,/static/media/food/tea_matcha.jpg
TULLY-S-COFFEE-TEA-BEVERAGES,ウィズ スチームミルク,milk_drink,/static/media/food/milk_drink.jpg
TULLY-S-COFFEE-TEA-BEVERAGES,ハニーロイヤルミルクティー,tea_matcha,/static/media/food/tea_matcha.jpg
TULLY-S-COFFEE-TEA-BEVERAGES,フレンチバニラロイヤルミルクティー,tea_matcha,/static/media/food/tea_matcha.jpg
TULLY-S-COFFEE-TEA-BEVERAGES,チャイミルクティー,tea_matcha,/static/media/food/tea_matcha.jpg
TULLY-S-COFFEE-TEA-BEVERAGES,ロイヤルミルクティー,tea_matcha,/static/media/food/tea_matcha.jpg
TULLY-S-COFFEE-TEA-BEVERAGES,ルイボスロイヤルミルクティー,tea_matcha,/static/media/food/tea_matcha.jpg
TULLY-S-COFFEE-TEA-BEVERAGES,ブラッドオレンジティー,tea_matcha,/static/media/food/tea_matcha.jpg
TULLY-S-COFFEE-TEA-BEVERAGES,ルイボスブラッドオレンジティー,tea_matcha,/static/media/food/tea_matcha.jpg
TULLY-S-COFFEE-TEA-BEVERAGES,ロシアンティーオリジナル ハニーフルーツ,tea_matcha,/static/media/food/tea_matcha.jpg
TULLY-S-COFFEE-TEA-BEVERAGES,ベリーベリーアールグレイ,,(tile)
TULLY-S-COFFEE-TEA-BEVERAGES,ピーチグリーンティー,tea_matcha,/static/media/food/tea_matcha.jpg
TULLY-S-COFFEE-TEA-BEVERAGES,ココアテ,cocoa_drink,/static/media/food/cocoa_drink.jpg
TULLY-S-COFFEE-TEA-BEVERAGES,ミルク,milk_drink,/static/media/food/milk_drink.jpg
TULLY-S-COFFEE-TEA-BEVERAGES,ヨーグルト & アサイー,,(tile)
TULLY-S-COFFEE-TEA-BEVERAGES,ブラッドオレンジジュース,juice_beverage,/static/media/food/juice_beverage.jpg
TULLY-S-COFFEE-TEA-BEVERAGES,宇治抹茶ラテ,coffee,/static/media/food/coffee.jpg
TULLY-S-COFFEE-TEA-BEVERAGES,ほうじ茶ラテ,coffee,/static/media/food/coffee.jpg
TULLY-S-COFFEE-TEA-BEVERAGES,カフェラテ,coffee,/static/media/food/coffee.jpg
TULLY-S-COFFEE-TEA-BEVERAGES,ソイラテ,coffee,/static/media/food/coffee.jpg
TULLY-S-COFFEE-TEA-BEVERAGES,ハニーミルクラテ,coffee,/static/media/food/coffee.jpg
TULLY-S-COFFEE-TEA-BEVERAGES,カフェアメリカーノ,,(tile)
TULLY-S-COFFEE-TEA-BEVERAGES,カプチーノ,coffee,/static/media/food/coffee.jpg
TULLY-S-COFFEE-TEA-BEVERAGES,モカマキアート,,(tile)
TULLY-S-COFFEE-TEA-BEVERAGES,本日のコーヒー,coffee,/static/media/food/coffee.jpg
TULLY-S-COFFEE-TEA-BEVERAGES,デカフェコーヒー,coffee,/static/media/food/coffee.jpg
TULLY-S-COFFEE-TEA-BEVERAGES,アイスコーヒー,coffee,/static/media/food/coffee.jpg
TULLY-S-COFFEE-TEA-BEVERAGES,エスプレッソシェイク,smoothie,/static/media/food/smoothie.jpg
TULLY-S-COFFEE-TEA-BEVERAGES,ティーリスタ アールグレイ,tea_matcha,/static/media/food/tea_matcha.jpg
TULLY-S-COFFEE-TEA-BEVERAGES,チョコリスタ。,chocolate,/static/media/food/chocolate.jpg
TULLY-S-COFFEE-TEA-BEVERAGES,抹茶リスタ。,tea_matcha,/static/media/food/tea_matcha.jpg
TULLY-S-COFFEE-TEA-BEVERAGES,ほうじ茶リスタ。,green_tea,/static/media/food/green_tea.jpg
Teas-Uniwa-白金-斎庭-Salon-de-the-|白金ゆにわ-|港区-白金|オーガニックカフェ,まほう、のゆに弁,,(tile)
Teas-Uniwa-白金-斎庭-Salon-de-the-|白金ゆにわ-|港区-白金|オーガニックカフェ,ハヤシライス,gohan_rice,
Teas-Uniwa-白金-斎庭-Salon-de-the-|白金ゆにわ-|港区-白金|オーガニックカフェ,薬膳鶏ベジカレー,curry_rice,/static/media/food/curry_rice.jpg
Teas-Uniwa-白金-斎庭-Salon-de-the-|白金ゆにわ-|港区-白金|オーガニックカフェ,春の梅のお茶漬け,tea_matcha,/static/media/food/tea_matcha.jpg
Teas-Uniwa-白金-斎庭-Salon-de-the-|白金ゆにわ-|港区-白金|オーガニックカフェ,オムレツサンド,burger_classic,/static/media/food/burger_classic.jpg
Teas-Uniwa-白金-斎庭-Salon-de-the-|白金ゆにわ-|港区-白金|オーガニックカフェ,B.L.T.サンド,burger_classic,/static/media/food/burger_classic.jpg
Teas-Uniwa-白金-斎庭-Salon-de-the-|白金ゆにわ-|港区-白金|オーガニックカフェ,えびアボカドサンド,burger_classic,/static/media/food/burger_classic.jpg
Teas-Uniwa-白金-斎庭-Salon-de-the-|白金ゆにわ-|港区-白金|オーガニックカフェ,フルーツサンド,burger_classic,/static/media/food/burger_classic.jpg
Teas-Uniwa-白金-斎庭-Salon-de-the-|白金ゆにわ-|港区-白金|オーガニックカフェ,ダージリンティ HOT/ICE,,(tile)
Teas-Uniwa-白金-斎庭-Salon-de-the-|白金ゆにわ-|港区-白金|オーガニックカフェ,ロイヤルミルクティー HOT/ICE,tea_matcha,/static/media/food/tea_matcha.jpg
Teas-Uniwa-白金-斎庭-Salon-de-the-|白金ゆにわ-|港区-白金|オーガニックカフェ,ロイヤルフレーバーミルクティ,milk_drink,/static/media/food/milk_drink.jpg
Teas-Uniwa-白金-斎庭-Salon-de-the-|白金ゆにわ-|港区-白金|オーガニックカフェ,びわの葉の薬膳茶 HOT,tea_matcha,/static/media/food/tea_matcha.jpg
Teas-Uniwa-白金-斎庭-Salon-de-the-|白金ゆにわ-|港区-白金|オーガニックカフェ,べに花薬膳茶 HOT,tea_matcha,/static/media/food/tea_matcha.jpg
Teas-Uniwa-白金-斎庭-Salon-de-the-|白金ゆにわ-|港区-白金|オーガニックカフェ,菊の薬膳茶 HOT,tea_matcha,/static/media/food/tea_matcha.jpg
Teas-Uniwa-白金-斎庭-Salon-de-the-|白金ゆにわ-|港区-白金|オーガニックカフェ,ジャスミン茶 HOT/ICE,tea_matcha,/static/media/food/tea_matcha.jpg
Teas-Uniwa-白金-斎庭-Salon-de-the-|白金ゆにわ-|港区-白金|オーガニックカフェ,コーヒー HOT/ICE,coffee,/static/media/food/coffee.jpg
Teas-Uniwa-白金-斎庭-Salon-de-the-|白金ゆにわ-|港区-白金|オーガニックカフェ,カプチーノ HOT/ICE,coffee,/static/media/food/coffee.jpg
Teas-Uniwa-白金-斎庭-Salon-de-the-|白金ゆにわ-|港区-白金|オーガニックカフェ,スムージー アサイーベリー ICE,smoothie,/static/media/food/smoothie.jpg
Teas-Uniwa-白金-斎庭-Salon-de-the-|白金ゆにわ-|港区-白金|オーガニックカフェ,スムージー マンゴーオレンジ ICE,smoothie,/static/media/food/smoothie.jpg
Teas-Uniwa-白金-斎庭-Salon-de-the-|白金ゆにわ-|港区-白金|オーガニックカフェ,スムージー アボカドグリーン ICE,smoothie,/static/media/food/smoothie.jpg
Teas-Uniwa-白金-斎庭-Salon-de-the-|白金ゆにわ-|港区-白金|オーガニックカフェ,スムージー 黒ごま豆乳 ICE,smoothie,/static/media/food/smoothie.jpg
Teas-Uniwa-白金-斎庭-Salon-de-the-|白金ゆにわ-|港区-白金|オーガニックカフェ,スムージー ブルーベリーライム ICE,smoothie,/static/media/food/smoothie.jpg
Teas-Uniwa-白金-斎庭-Salon-de-the-|白金ゆにわ-|港区-白金|オーガニックカフェ,トリニティワイン ロゼ・赤・白 ボトル,wine_drink,/static/media/food/wine_drink.jpg
Teas-Uniwa-白金-斎庭-Salon-de-the-|白金ゆにわ-|港区-白金|オーガニックカフェ,トリニティワイン ロゼ・赤・白 グラス,wine_drink,/static/media/food/wine_drink.jpg
Teas-Uniwa-白金-斎庭-Salon-de-the-|白金ゆにわ-|港区-白金|オーガニックカフェ,アルリアワイン 赤 2021 ボトル,wine_drink,/static/media/food/wine_drink.jpg
Teas-Uniwa-白金-斎庭-Salon-de-the-|白金ゆにわ-|港区-白金|オーガニックカフェ,アルリアワイン 赤 2021 グラス,wine_drink,/static/media/food/wine_drink.jpg
Teas-Uniwa-白金-斎庭-Salon-de-the-|白金ゆにわ-|港区-白金|オーガニックカフェ,アルリアワイン 赤 2019 ボトル,wine_drink,/static/media/food/wine_drink.jpg
Teas-Uniwa-白金-斎庭-Salon-de-the-|白金ゆにわ-|港区-白金|オーガニックカフェ,アルリアワイン 赤 2019 グラス,wine_drink,/static/media/food/wine_drink.jpg
Teas-Uniwa-白金-斎庭-Salon-de-the-|白金ゆにわ-|港区-白金|オーガニックカフェ,アルリアワイン 白 2021 ボトル,wine_drink,/static/media/food/wine_drink.jpg
Teas-Uniwa-白金-斎庭-Salon-de-the-|白金ゆにわ-|港区-白金|オーガニックカフェ,アルリアワイン 白 2021 グラス,wine_drink,/static/media/food/wine_drink.jpg
Teas-Uniwa-白金-斎庭-Salon-de-the-|白金ゆにわ-|港区-白金|オーガニックカフェ,アルリアワイン 白 2019 ボトル,wine_drink,/static/media/food/wine_drink.jpg
Teas-Uniwa-白金-斎庭-Salon-de-the-|白金ゆにわ-|港区-白金|オーガニックカフェ,アルリアワイン 白 2019 グラス,wine_drink,/static/media/food/wine_drink.jpg
Teas-Uniwa-白金-斎庭-Salon-de-the-|白金ゆにわ-|港区-白金|オーガニックカフェ,ラクロワワイン 赤 ボトル,wine_drink,/static/media/food/wine_drink.jpg
Teas-Uniwa-白金-斎庭-Salon-de-the-|白金ゆにわ-|港区-白金|オーガニックカフェ,ラクロワワイン 赤 グラス,wine_drink,/static/media/food/wine_drink.jpg
Teas-Uniwa-白金-斎庭-Salon-de-the-|白金ゆにわ-|港区-白金|オーガニックカフェ,ラクロワワイン 白 ボトル,wine_drink,/static/media/food/wine_drink.jpg
Teas-Uniwa-白金-斎庭-Salon-de-the-|白金ゆにわ-|港区-白金|オーガニックカフェ,ラクロワワイン 白 グラス,wine_drink,/static/media/food/wine_drink.jpg
Teas-Uniwa-白金-斎庭-Salon-de-the-|白金ゆにわ-|港区-白金|オーガニックカフェ,ラクロワ スパークリングワイン ボトル,wine_drink,/static/media/food/wine_drink.jpg
Teas-Uniwa-白金-斎庭-Salon-de-the-|白金ゆにわ-|港区-白金|オーガニックカフェ,春の梅ソーダ,juice_beverage,/static/media/food/juice_beverage.jpg
Teas-Uniwa-白金-斎庭-Salon-de-the-|白金ゆにわ-|港区-白金|オーガニックカフェ,自然発酵オーガニックビール A (エース),beer_alcohol,/static/media/food/beer_alcohol.jpg
Teas-Uniwa-白金-斎庭-Salon-de-the-|白金ゆにわ-|港区-白金|オーガニックカフェ,プリンア・ラ・モード,pudding,
Teas-Uniwa-白金-斎庭-Salon-de-the-|白金ゆにわ-|港区-白金|オーガニックカフェ,ガトー・オ・フロマージュ,,(tile)
Teas-Uniwa-白金-斎庭-Salon-de-the-|白金ゆにわ-|港区-白金|オーガニックカフェ,クレーム ガナッシュ,,(tile)
Teas-Uniwa-白金-斎庭-Salon-de-the-|白金ゆにわ-|港区-白金|オーガニックカフェ,ガレット・ブルトンヌ,,(tile)
Teas-Uniwa-白金-斎庭-Salon-de-the-|白金ゆにわ-|港区-白金|オーガニックカフェ,ゆにわケーキ,cake_dessert,/static/media/food/cake_dessert.png
Teas-Uniwa-白金-斎庭-Salon-de-the-|白金ゆにわ-|港区-白金|オーガニックカフェ,ショートケーキ 1カット,shortcake,/static/media/food/shortcake.jpg
Teas-Uniwa-白金-斎庭-Salon-de-the-|白金ゆにわ-|港区-白金|オーガニックカフェ,ショートケーキ 16cmホール,shortcake,/static/media/food/shortcake.jpg
Teas-Uniwa-白金-斎庭-Salon-de-the-|白金ゆにわ-|港区-白金|オーガニックカフェ,お持ち帰り用スイーツ,,(tile)
The-3rd-Burger,ハンバーガー,burger_classic,/static/media/food/burger_classic.jpg
The-3rd-Burger,チキンバーガー,burger_chicken,
The-3rd-Burger,チーズバーガー,burger_cheese,/static/media/food/burger_cheese.jpg
The-3rd-Burger,チキンアボカドバーガー,burger_chicken,
The-3rd-Burger,テリヤキバーガー,burger_classic,/static/media/food/burger_classic.jpg
The-3rd-Burger,ベーコンチーズバーガー,burger_cheese,/static/media/food/burger_cheese.jpg
The-3rd-Burger,アボカドバーガー,burger_classic,/static/media/food/burger_classic.jpg
The-3rd-Burger,ダブルチーズバーガー,burger_classic,/static/media/food/burger_classic.jpg
The-3rd-Burger,モッツァレラバジルバーガー,burger_classic,/static/media/food/burger_classic.jpg
The-3rd-Burger,チリコンカン バーガーボウル,burger_classic,/static/media/food/burger_classic.jpg
The-3rd-Burger,サルサチキン バーガーボウル,karaage_chicken,/static/media/food/karaage_chicken.jpg
The-3rd-Burger,サラダチキン バーガーボウル,karaage_chicken,/static/media/food/karaage_chicken.jpg
The-3rd-Burger,チーズ (2枚),cheese_plate,
The-3rd-Burger,グリルドエッグ,,(tile)
The-3rd-Burger,アボカド,salad_green,
The-3rd-Burger,小松菜マリネ,,(tile)
The-3rd-Burger,グリルドチキン,karaage_chicken,/static/media/food/karaage_chicken.jpg
The-3rd-Burger,パティ,,(tile)
The-3rd-Burger,テリヤキビーフ,,(tile)
The-3rd-Burger,ポテト＆ドリンク S セット,french_fries,/static/media/food/french_fries.jpg
The-3rd-Burger,ナゲット＆ドリンク S セット,karaage_chicken,/static/media/food/karaage_chicken.jpg
The-3rd-Burger,サラダ＆ドリンク S セット,salad_green,
The-3rd-Burger,ポテト S,french_fries,/static/media/food/french_fries.jpg
The-3rd-Burger,ポテト M,french_fries,/static/media/food/french_fries.jpg
The-3rd-Burger,ポテト L,french_fries,/static/media/food/french_fries.jpg
The-3rd-Burger,チキンナゲット (5個),karaage_chicken,/static/media/food/karaage_chicken.jpg
The-3rd-Burger,追加のソース,,(tile)
The-3rd-Burger,サイドサラダ,salad_green,
The-3rd-Burger,カフェオレ S (アイス/ホット),icecream_parfait,/static/media/food/icecream_parfait.jpg
The-3rd-Burger,カフェオレ M (アイス/ホット),icecream_parfait,/static/media/food/icecream_parfait.jpg
The-3rd-Burger,カフェオレ L (アイス/ホット),icecream_parfait,/static/media/food/icecream_parfait.jpg
The-3rd-Burger,the 3rdプレミアムコーヒー S (アイス/ホット),icecream_parfait,/static/media/food/icecream_parfait.jpg
The-3rd-Burger,the 3rdプレミアムコーヒー M (アイス/ホット),icecream_parfait,/static/media/food/icecream_parfait.jpg
The-3rd-Burger,the 3rdプレミアムコーヒー L (アイス/ホット),icecream_parfait,/static/media/food/icecream_parfait.jpg
The-3rd-Burger,100%オレンジジュース S,juice_beverage,/static/media/food/juice_beverage.jpg
The-3rd-Burger,100%オレンジジュース M,juice_beverage,/static/media/food/juice_beverage.jpg
The-3rd-Burger,100%オレンジジュース L,juice_beverage,/static/media/food/juice_beverage.jpg
The-3rd-Burger,ウーロン茶 S,oolong_tea,
The-3rd-Burger,ウーロン茶 M,oolong_tea,
The-3rd-Burger,ウーロン茶 L,oolong_tea,
The-3rd-Burger,ティー S (アイス/ホット),tea_matcha,/static/media/food/tea_matcha.jpg
The-3rd-Burger,ティー M (アイス/ホット),tea_matcha,/static/media/food/tea_matcha.jpg
The-3rd-Burger,ティー L (アイス/ホット),tea_matcha,/static/media/food/tea_matcha.jpg
The-3rd-Burger,ペプシコーラ S,cola_drink,/static/media/food/cola_drink.jpg
The-3rd-Burger,ペプシコーラ M,cola_drink,/static/media/food/cola_drink.jpg
The-3rd-Burger,ペプシコーラ L,cola_drink,/static/media/food/cola_drink.jpg
The-3rd-Burger,ペプシコーラZERO S,cola_drink,/static/media/food/cola_drink.jpg
The-3rd-Burger,ペプシコーラZERO M,cola_drink,/static/media/food/cola_drink.jpg
The-3rd-Burger,ペプシコーラZERO L,cola_drink,/static/media/food/cola_drink.jpg
The-3rd-Burger,ジンジャーエール S,cola_drink,/static/media/food/cola_drink.jpg
The-3rd-Burger,ジンジャーエール M,cola_drink,/static/media/food/cola_drink.jpg
The-3rd-Burger,ジンジャーエール L,cola_drink,/static/media/food/cola_drink.jpg
The-3rd-Burger,スムージー,smoothie,/static/media/food/smoothie.jpg
The-3rd-Burger,苺 スムージー,smoothie,/static/media/food/smoothie.jpg
The-3rd-Burger,the 3rd (小松菜) スムージー,smoothie,/static/media/food/smoothie.jpg
The-3rd-Burger,アーモンド スムージー,nuts_snack,/static/media/food/nuts_snack.png
The-3rd-Burger,自家製レモネード S (アイス/ホット),lemonade,/static/media/food/lemonade.jpg
The-3rd-Burger,自家製レモネード M (アイス/ホット),lemonade,/static/media/food/lemonade.jpg
The-3rd-Burger,自家製レモネード L (アイス/ホット),lemonade,/static/media/food/lemonade.jpg
The-3rd-Burger,自家製ローズヒップレモネードソーダ S,juice_beverage,/static/media/food/juice_beverage.jpg
The-3rd-Burger,自家製ローズヒップレモネードソーダ M,juice_beverage,/static/media/food/juice_beverage.jpg
The-3rd-Burger,自家製ローズヒップレモネードソーダ L,juice_beverage,/static/media/food/juice_beverage.jpg
The-3rd-Burger,アサヒスーパードライ (中ジョッキ),,(tile)
The-3rd-Burger,角ハイボール,whisky,/static/media/food/whisky.jpg
The-3rd-Burger,コーラ角ハイボール,whisky,/static/media/food/whisky.jpg
The-3rd-Burger,ジンジャー角ハイボール,whisky,/static/media/food/whisky.jpg
Verve-Coffee-Roasters,コーヒー,coffee,/static/media/food/coffee.jpg
Verve-Coffee-Roasters,アイスコーヒー,coffee,/static/media/food/coffee.jpg
Verve-Coffee-Roasters,カフェオレ,,(tile)
Verve-Coffee-Roasters,水出しコーヒー,coffee,/static/media/food/coffee.jpg
Verve-Coffee-Roasters,水出しアイスコーヒー,coffee,/static/media/food/coffee.jpg
Verve-Coffee-Roasters,ニトロブリュー,,(tile)
Verve-Coffee-Roasters,エスプレッソ,coffee,/static/media/food/coffee.jpg
Verve-Coffee-Roasters,ラテ,coffee,/static/media/food/coffee.jpg
Verve-Coffee-Roasters,アイスラテ,coffee,/static/media/food/coffee.jpg
Verve-Coffee-Roasters,カプチーノ,coffee,/static/media/food/coffee.jpg
Verve-Coffee-Roasters,ラテ ショコラ ヴァレンシア,coffee,/static/media/food/coffee.jpg
Verve-Coffee-Roasters,カルーア・カプチーノ,coffee,/static/media/food/coffee.jpg
Verve-Coffee-Roasters,ルシラ ボラノス,,(tile)
Verve-Coffee-Roasters,アサヒスーパードライ 瞬冷辛口,,(tile)
Verve-Coffee-Roasters,クロワッサン,toast_breakfast,/static/media/food/toast_breakfast.jpg
Verve-Coffee-Roasters,カリフォルニアクロワッサン,toast_breakfast,/static/media/food/toast_breakfast.jpg
Verve-Coffee-Roasters,パンオショコラ,,(tile)
Verve-Coffee-Roasters,ドーナッツ,nuts_snack,/static/media/food/nuts_snack.png
Verve-Coffee-Roasters,パウンドケーキ,cake_dessert,/static/media/food/cake_dessert.png
Verve-Coffee-Roasters,シュガーワッフルのコーヒーマスカルポーネ,coffee,/static/media/food/coffee.jpg
WOLFGANG-S-STEAK-HOUSE,SEAFOOD PLATTER FOR TWO,coffee,/static/media/food/coffee.jpg
WOLFGANG-S-STEAK-HOUSE,JUMBO SHRIMP COCKTAIL,cocktail,/static/media/food/cocktail.jpg
WOLFGANG-S-STEAK-HOUSE,LOBSTER COCKTAIL,cocktail,/static/media/food/cocktail.jpg
WOLFGANG-S-STEAK-HOUSE,FRESH OYSTERS ON THE HALF SHELL,,(tile)
WOLFGANG-S-STEAK-HOUSE,WOLFGANG'S CRAB CAKE,cake_dessert,/static/media/food/cake_dessert.png
WOLFGANG-S-STEAK-HOUSE,SIZZLING BACON - EXTRA THICK BY THE SLICE,,(tile)
WOLFGANG-S-STEAK-HOUSE,TUNA TARTAR,cake_dessert,/static/media/food/cake_dessert.png
WOLFGANG-S-STEAK-HOUSE,FRESH CAVIAR PLATE 25g (Beluga),,(tile)
WOLFGANG-S-STEAK-HOUSE,SOUP OF THE DAY,soup_miso,/static/media/food/soup_miso.jpg
WOLFGANG-S-STEAK-HOUSE,LOBSTER BISQUE,soup_corn,
WOLFGANG-S-STEAK-HOUSE,MIXED GREEN SALAD,salad_green,
WOLFGANG-S-STEAK-HOUSE,"CAESAR SALAD, WITH OUR CLASSIC CAESAR DRESSING",salad_green,
WOLFGANG-S-STEAK-HOUSE,"ARUGULA SALAD, WITH PARMESAN CHEESE AND SLICED APPLES",salad_green,
WOLFGANG-S-STEAK-HOUSE,WOLFGANG'S SALAD,salad_green,
WOLFGANG-S-STEAK-HOUSE,BEVERLY HILLS CHOPPED SALAD,salad_green,
WOLFGANG-S-STEAK-HOUSE,QUINOA SALAD,salad_green,
WOLFGANG-S-STEAK-HOUSE,SLICED BEEFSTEAK TOMATO AND ONIONS,steak_plate,/static/media/food/steak_plate.jpg
WOLFGANG-S-STEAK-HOUSE,FRESH MOZZARELLA AND BEEFSTEAK TOMATOES,steak_plate,/static/media/food/steak_plate.jpg
WOLFGANG-S-STEAK-HOUSE,STEAK FOR TWO,steak_plate,/static/media/food/steak_plate.jpg
WOLFGANG-S-STEAK-HOUSE,FOR THREE,,(tile)
WOLFGANG-S-STEAK-HOUSE,FOR FOUR,,(tile)
WOLFGANG-S-STEAK-HOUSE,NEW YORK SIRLOIN,steak_plate,/static/media/food/steak_plate.jpg
WOLFGANG-S-STEAK-HOUSE,RIB EYE STEAK,steak_plate,/static/media/food/steak_plate.jpg
WOLFGANG-S-STEAK-HOUSE,PRIME FILET MIGNON,,(tile)
WOLFGANG-S-STEAK-HOUSE,PRIME PETIT FILET MIGNON,,(tile)
WOLFGANG-S-STEAK-HOUSE,US LOIN LAMB CHOPS,,(tile)
WOLFGANG-S-STEAK-HOUSE,FRESH CATCH OF THE DAY,,(tile)
WOLFGANG-S-STEAK-HOUSE,BROILED SALMON,,(tile)
WOLFGANG-S-STEAK-HOUSE,GRILLED YELLOWFIN TUNA,,(tile)
WOLFGANG-S-STEAK-HOUSE,JUMBO LOBSTER 3LB - BROILED or STEAMED,,(tile)
WOLFGANG-S-STEAK-HOUSE,GERMAN POTATOES,,(tile)
WOLFGANG-S-STEAK-HOUSE,STEAK FRIES,french_fries,/static/media/food/french_fries.jpg
WOLFGANG-S-STEAK-HOUSE,MASHED POTATOES,,(tile)
WOLFGANG-S-STEAK-HOUSE,BAKED POTATO,,(tile)
WOLFGANG-S-STEAK-HOUSE,CREAMED SPINACH,,(tile)
WOLFGANG-S-STEAK-HOUSE,SPINACH - GARLIC SAUTÉED or BOILED,,(tile)
WOLFGANG-S-STEAK-HOUSE,ASPARAGUS - GRILLED or BOILED,,(tile)
WOLFGANG-S-STEAK-HOUSE,BROCCOLI - SAUTÉED or BOILED,,(tile)
WOLFGANG-S-STEAK-HOUSE,LOBSTER MAC N' CHEESE,,(tile)
WOLFGANG-S-STEAK-HOUSE,SAUTÉED ONIONS,,(tile)
WOLFGANG-S-STEAK-HOUSE,FRIED ONION RINGS,onion_rings,/static/media/food/onion_rings.jpg
WOLFGANG-S-STEAK-HOUSE,SAUTÉED MUSHROOMS,,(tile)
WOLFGANG-S-STEAK-HOUSE,SAUTÉED PEAS & ONIONS,,(tile)
WOLFGANG-S-STEAK-HOUSE,CREAM OF CORN,,(tile)
WOLFGANG-S-STEAK-HOUSE,GARLIC RICE,,(tile)
WOLFGANG-S-STEAK-HOUSE,RICE,,(tile)
ZEST-AMIGO,メキシカン ピクルス,,(tile)
ZEST-AMIGO,3種サルサ&チップス,,(tile)
ZEST-AMIGO,フレッシュワカモレ,,(tile)
ZEST-AMIGO,メカジキとアボカドの柚子ハバネロセヴィーチェ,salad_green,
ZEST-AMIGO,タコとオレンジのマリネ チポトレ風味,sushi_platter,/static/media/food/sushi_platter.jpg
ZEST-AMIGO,ハラペーニョ ポッパー,,(tile)
ZEST-AMIGO,チーズナチョス,nachos,/static/media/food/nachos.jpg
ZEST-AMIGO,フライドポテト(プレーン or メキシカンスパイス),french_fries,/static/media/food/french_fries.jpg
ZEST-AMIGO,チチャロン,,(tile)
ZEST-AMIGO,シュリンプタキートス,,(tile)
ZEST-AMIGO,仔羊のスパイシーソーセージ,sausage,/static/media/food/sausage.jpg
ZEST-AMIGO,スパイシーポークとパイナップルのグリンガ,donut,/static/media/food/donut.jpg
ZEST-AMIGO,アボカドチーズオムレツ,cheese_plate,
ZEST-AMIGO,ケサディーヤ,,(tile)
ZEST-AMIGO,海老とマッシュルームのアヒージョ,ajillo,/static/media/food/ajillo.jpg
ZEST-AMIGO,キブレッド,toast_breakfast,/static/media/food/toast_breakfast.jpg
ZEST-AMIGO,フライドガーリックシュリンプ,fry_seafood,/static/media/food/fry_seafood.jpg
ZEST-AMIGO,アル・パストール,,(tile)
ZEST-AMIGO,チーズチキンティンガ,karaage_chicken,/static/media/food/karaage_chicken.jpg
ZEST-AMIGO,チポトレビーフ,,(tile)
ZEST-AMIGO,ポークカルニータス,tonkatsu_pork,/static/media/food/tonkatsu_pork.jpg
ZEST-AMIGO,バハフィッシュ(フラワートルティーヤ),tea_matcha,/static/media/food/tea_matcha.jpg
ZEST-AMIGO,チポトレビーフブリトー,burrito,
ZEST-AMIGO,チキンファヒータ,karaage_chicken,/static/media/food/karaage_chicken.jpg
ZEST-AMIGO,バーベキューポークスペアリブ,tonkatsu_pork,/static/media/food/tonkatsu_pork.jpg
ZEST-AMIGO,メカジキのグリル,,(tile)
ZEST-AMIGO,USプレミアムビーフハンガーステーキ (150g),steak_plate,/static/media/food/steak_plate.jpg
ZEST-AMIGO,USプレミアムビーフハンガーステーキ (300g),steak_plate,/static/media/food/steak_plate.jpg
ZEST-AMIGO,トルティーヤ (コーンor フラワー),tea_matcha,/static/media/food/tea_matcha.jpg
ZEST-AMIGO,ライス,gohan_rice,
ZEST-AMIGO,マッシュポテト,french_fries,/static/media/food/french_fries.jpg
ZEST-AMIGO,バッファローチキンウィング (10P),karaage_chicken,/static/media/food/karaage_chicken.jpg
ZEST-AMIGO,バッファローチキンウィング (20P),karaage_chicken,/static/media/food/karaage_chicken.jpg
ZEST-AMIGO,バッファローチキンウィング (30P),karaage_chicken,/static/media/food/karaage_chicken.jpg
ZEST-AMIGO,Zest Cantina 肉盛り,,(tile)
ZEST-AMIGO,コブサラダ,salad_green,
ZEST-AMIGO,シーザーサラダ,salad_green,
ZEST-AMIGO,ゼスト風ビーフジャンバラヤ,,(tile)
ZEST-AMIGO,鉄板焼きチーズタコライス,tacos,/static/media/food/tacos.jpg
ZEST-AMIGO,ハンバーガー,burger_classic,/static/media/food/burger_classic.jpg
ZEST-AMIGO,チーズバーガー,burger_cheese,/static/media/food/burger_cheese.jpg
ZEST-AMIGO,ゼストダブルバーガー,burger_classic,/static/media/food/burger_classic.jpg
ZEST-AMIGO,トリプルバーガー,burger_classic,/static/media/food/burger_classic.jpg
ZEST-AMIGO,モンスターバーガー,burger_classic,/static/media/food/burger_classic.jpg
ZEST-AMIGO,アボカドわさびバーガー,burger_classic,/static/media/food/burger_classic.jpg
ZEST-AMIGO,ベーコン,bacon_dish,
ZEST-AMIGO,チリコンカルネ,,(tile)
ZEST-AMIGO,チェダーチーズ,cheese_plate,
ZEST-AMIGO,目玉焼き,tamago_egg,/static/media/food/tamago_egg.jpg
ZEST-AMIGO,アボカド,salad_green,
ZEST-AMIGO,ハラペーニョ,,(tile)
chawan,梅香る爽やか盛岡冷麺＆選べる副菜,hiyashi_chuka,/static/media/food/hiyashi_chuka.jpg
chawan,うなぎご飯ひつまむしstyle＆選べる副菜,gohan_rice,
chawan,【うなぎW】うなぎご飯ひつまむしstyle＆選べる副菜,gohan_rice,
chawan,選べる3種の惣菜和膳,,(tile)
chawan,瀬戸内レモンのパンケーキ,pancakes,
chawan,爽やか瀬戸内レモンゼリーのパフェ,icecream_parfait,/static/media/food/icecream_parfait.jpg
chawan,爽やか瀬戸内レモンゼリーのソフト,,(tile)
chawan,小さな瀬戸内レモンゼリー,,(tile)
chawan,カフェオレ（アイス）,icecream_parfait,/static/media/food/icecream_parfait.jpg
chawan,とろとろ国産桃のソーダ,juice_beverage,/static/media/food/juice_beverage.jpg
chawan,カフェオレ（ホット）,,(tile)
chawan,いちごみるく,,(tile)
chawan,ブレンドコーヒー,coffee,/static/media/food/coffee.jpg
chawan,アメリカンコーヒー,coffee,/static/media/food/coffee.jpg
chawan,アイスコーヒー,coffee,/static/media/food/coffee.jpg
chawan,アイスティー,tea_matcha,/static/media/food/tea_matcha.jpg
chawan,抹茶ラテ（アイス）,coffee,/static/media/food/coffee.jpg
chawan,ほうじ茶ラテ（アイス）,coffee,/static/media/food/coffee.jpg
chawan,抹茶ラテ（ホット）,coffee,/static/media/food/coffee.jpg
chawan,ほうじ茶ラテ（ホット）,coffee,/static/media/food/coffee.jpg
chawan,やわらぎ和紅茶,tea_matcha,/static/media/food/tea_matcha.jpg
chawan,生姜香るほうじ茶,green_tea,/static/media/food/green_tea.jpg
chawan,静岡煎茶,green_tea,/static/media/food/green_tea.jpg
chawan,オレンジ100％（濃縮還元）,,(tile)
chawan,アップル100％（濃縮還元）,,(tile)
chawan,30品目バランスプレート,,(tile)
chawan,牛炭火焼肉の白湯米糀ミルクうどん＆選べる副菜,udon,/static/media/food/udon.jpg
chawan,山芋とろろと赤身肉のローストビーフごはん＆選べる副菜,gohan_rice,
chawan,ホーリーバジル香るガパオライス＆選べる副菜,gohan_rice,
chawan,国産まぐろとアボカドのサラダごはん＆選べる副菜,gohan_rice,
chawan,お野菜ころころビーフシチューとホワイトソースのWドリア＆選べる副菜,doria,/static/media/food/doria.jpg
chawan,赤身肉の和風ローストビーフ丼だし茶漬けstyle＆選べる副菜,tea_matcha,/static/media/food/tea_matcha.jpg
chawan,胡麻漬けサーモンのだし茶漬け＆選べる副菜,tea_matcha,/static/media/food/tea_matcha.jpg
chawan,（単品）白米,,(tile)
chawan,（単品）キヌアごはん,gohan_rice,
chawan,（単品）梅しらすごはん,gohan_rice,
chawan,みすじステーキ香味野菜の和風おろしソース,steak_plate,/static/media/food/steak_plate.jpg
chawan,3種の味が楽しめる、サクサク鶏竜田＆選べる副菜,,(tile)
chawan,ごろっと野菜と鶏むね肉のバルサミコ香酢和え,,(tile)
chawan,ジューシー大葉おろしハンバーグ塩麹醤油ソース,yakiniku_steak,/static/media/food/yakiniku_steak.jpg
chawan,とろけるビーフシチュー＆選べる副菜,,(tile)
chawan,ハーブ三元豚のソテー バジルと大葉の和風香味ソース＆選べる副菜,,(tile)
chawan,北海道野付産黒カレイの唐揚げ香味野菜甘酢かけ＆選べる副菜,karaage_chicken,/static/media/food/karaage_chicken.jpg
chawan,自家製やわらかひれかつと広島県産牡蠣フライ＆選べる副菜,fry_seafood,/static/media/food/fry_seafood.jpg
chawan,銀ひらすの西京焼き＆選べる副菜,,(tile)
chawan,（単品）ごろっと野菜と鶏むね肉のバルサミコ香酢和え,,(tile)
chawan,（単品）3種の味が楽しめる、サクサク鶏竜田,,(tile)
chawan,（単品）自家製やわらかひれかつと広島県産牡蠣フライ,fry_seafood,/static/media/food/fry_seafood.jpg
chawan,（単品）銀ひらすの西京焼き,,(tile)
chawan,（単品）北海道野付産黒カレイの唐揚げ香味野菜甘酢かけ,karaage_chicken,/static/media/food/karaage_chicken.jpg
chawan,（単品）ハーブ三元豚のソテーバジルと大葉の和風香味ソース,,(tile)
chawan,（単品）ジューシー大葉おろしハンバーグ塩麹醤油ソース,yakiniku_steak,/static/media/food/yakiniku_steak.jpg
chawan,てりたまハンバーグ,yakiniku_steak,/static/media/food/yakiniku_steak.jpg
chawan,チキン南蛮,karaage_chicken,/static/media/food/karaage_chicken.jpg
chawan,香酢チキン,karaage_chicken,/static/media/food/karaage_chicken.jpg
chawan,びんちょう鮪レアステーキ,steak_plate,/static/media/food/steak_plate.jpg
chawan,海老と5種豆のサラダ,salad_green,
chawan,海老グラタン,gratin,/static/media/food/gratin.jpg
chawan,広島県産牡蠣フライ,fry_seafood,/static/media/food/fry_seafood.jpg
chawan,ごろっと野菜の味噌キーマカレー,curry_rice,/static/media/food/curry_rice.jpg
chawan,ローストビーフ,roast_beef,/static/media/food/roast_beef.jpg
chawan,サーモンねばとろ温玉,sushi_salmon,/static/media/food/sushi_salmon.jpg
chawan,フライドポテト,french_fries,/static/media/food/french_fries.jpg
chawan,かに入りクリーミーコロッケ,korokke,/static/media/food/korokke.jpg
chawan,自家製やわらかひれかつ,tonkatsu_pork,/static/media/food/tonkatsu_pork.jpg
chawan,豚肉となすの甘酢和え,,(tile)
chawan,だし巻きたまご,tamago_egg,/static/media/food/tamago_egg.jpg
chawan,みぞれもち,,(tile)
chawan,ビール（キリン一番搾り・アサヒスーパードライ）,beer_alcohol,/static/media/food/beer_alcohol.jpg
chawan,ハイボール,whisky,/static/media/food/whisky.jpg
chawan,とろとろ国産桃とはちみつレモンサワー,chuhai,/static/media/food/chuhai.jpg
chawan,フルーツポンチハイボール,whisky,/static/media/food/whisky.jpg
chawan,凍結はちみつレモンサワー,chuhai,/static/media/food/chuhai.jpg
chawan,甘くないレモンサワー,chuhai,/static/media/food/chuhai.jpg
chawan,はちみつレモンサワー,chuhai,/static/media/food/chuhai.jpg
chawan,【凍結はちみつレモンサワー用】おかわりチューハイ,chuhai,/static/media/food/chuhai.jpg
chawan,ワイン（赤）,wine_drink,/static/media/food/wine_drink.jpg
chawan,ノンアルコールビールアサヒドライゼロ（缶）,beer_alcohol,/static/media/food/beer_alcohol.jpg
chawan,ワイン（白）,wine_drink,/static/media/food/wine_drink.jpg
chawan,（キッズ）ハンバーグ＆からあげ,karaage_chicken,/static/media/food/karaage_chicken.jpg
chawan,（キッズ）チョコでお絵かきパンケーキ,pancakes,
chawan,（キッズ）えびグラタン,gratin,/static/media/food/gratin.jpg
chawan,（キッズ）手巻きおにぎりプレート,onigiri,/static/media/food/onigiri.jpg
chawan,（キッズ）お子さまうどん（温）,udon,/static/media/food/udon.jpg
chawan,（キッズ）低アレルゲンカレー,curry_rice,/static/media/food/curry_rice.jpg
chawan,（キッズ）お子さまうどん（冷）,udon,/static/media/food/udon.jpg
chawan,口福の和甘味アソート,,(tile)
chawan,お濃い抹茶クリームの最中ソフトパフェ,icecream_parfait,/static/media/food/icecream_parfait.jpg
chawan,お濃い抹茶クリーム・ノセターノ,tea_matcha,/static/media/food/tea_matcha.jpg
chawan,お濃い抹茶クリームの最中ソフト,tea_matcha,/static/media/food/tea_matcha.jpg
chawan,きなこわらび餅と北海道濃厚ソフトクリーム,soft_serve,/static/media/food/soft_serve.jpg
chawan,抹茶パンケーキ北海道ソフトクリーム,soft_serve,/static/media/food/soft_serve.jpg
chawan,抹茶ゼリー白玉あずき添え,anmitsu,/static/media/food/anmitsu.jpg
chawan,彩りフルーツのmori-moriホイップパンケーキ,pancakes,
chawan,パンケーキ北海道濃厚ソフトクリーム,soft_serve,/static/media/food/soft_serve.jpg
chawan,クラシックショコラ,,(tile)
chawan,白玉ソフトフルーツあんみつ,anmitsu,/static/media/food/anmitsu.jpg
chawan,白玉フルーツあんみつ,anmitsu,/static/media/food/anmitsu.jpg
chawan,ごろごろフルーツソフト,,(tile)
chawan,キャラメル玄米ソフト,,(tile)
chawan,北海道濃厚ソフトクリーム,soft_serve,/static/media/food/soft_serve.jpg
chawan,”自分で点てる” お抹茶≪白玉あずき付≫,anmitsu,/static/media/food/anmitsu.jpg
chawan,冷やし抹茶,tea_matcha,/static/media/food/tea_matcha.jpg
chawan,抹茶ソフトクリームラテ（アイス）,coffee,/static/media/food/coffee.jpg
chawan,ほうじ茶ソフトクリームラテ（アイス）,coffee,/static/media/food/coffee.jpg
chawan,フルーティー！アイスティー,tea_matcha,/static/media/food/tea_matcha.jpg
chawan,フルーツレモンスカッシュ,lemonade,/static/media/food/lemonade.jpg
chawan,フルーティー！ホットティー,tea_matcha,/static/media/food/tea_matcha.jpg
chawan,ごろっと野菜と鶏むね肉のバルサミコ香酢和え 選べるデザート＆ドリンクセット,teishoku,/static/media/food/teishoku.jpg
chawan,3種の味が楽しめる、サクサク鶏竜田選べるデザート＆ドリンクセット,teishoku,/static/media/food/teishoku.jpg
chawan,【定食単品】ごろっと野菜と鶏むね肉のバルサミコ香酢和え,teishoku,/static/media/food/teishoku.jpg
chawan,【定食単品】3種の味が楽しめる、サクサク鶏竜田＆ランチサラダ,salad_green,
chawan,ジューシー大葉おろしハンバーグ塩麹醤油ソース選べるデザート＆ドリンクセット,teishoku,/static/media/food/teishoku.jpg
chawan,銀ひらすの西京焼き選べるデザート＆ドリンクセット,teishoku,/static/media/food/teishoku.jpg
chawan,【定食単品】ジューシー大葉おろしハンバーグ塩麹醤油ソース,yakiniku_steak,/static/media/food/yakiniku_steak.jpg
chawan,【定食単品】銀ひらすの西京焼き＆ランチサラダ,salad_green,
chawan,牛炭火焼肉の白湯米糀ミルクうどん＆ランチサラダ 選べるデザート＆ドリンクセット,salad_green,
chawan,【定食単品】牛炭火焼肉の白湯米糀ミルクうどん＆ランチサラダ,salad_green,
crisscross,crisscross classic breakfast,,(tile)
crisscross,Weekly soup,soup_miso,/static/media/food/soup_miso.jpg
crisscross,Homemade toast,toast_breakfast,/static/media/food/toast_breakfast.jpg
crisscross,Simple avocado campagne toast,toast_breakfast,/static/media/food/toast_breakfast.jpg
crisscross,Homemade granola with Greek yogurt,,(tile)
crisscross,Seasonal fresh vegetables and mixed greens salad,salad_green,
crisscross,Smoked chicken wrap sandwich,sandwich,/static/media/food/sandwich.jpg
crisscross,Buttermilk pancakes with whipped butter,pancakes,
crisscross,Buttermilk pancakes with sausage and fried eggs,pancakes,
crisscross,"Buttermilk pancakes with whipped cream, vanilla sauce and macadamia nuts",pancakes,
crisscross,Earl gray brioche French toast,pancakes,
crisscross,Homemade jam,,(tile)
crisscross,Fresh fruits,,(tile)
crisscross,Ice cream,icecream_parfait,/static/media/food/icecream_parfait.jpg
crisscross,Whipped cream,,(tile)
crisscross,Soup,soup_miso,/static/media/food/soup_miso.jpg
crisscross,Small salad,salad_green,
crisscross,Avocado,,(tile)
crisscross,Sausage (1pc),,(tile)
crisscross,Bacon (2pc),,(tile)
crisscross,French fries,french_fries,/static/media/food/french_fries.jpg
crisscross,Eggs (Fried or Scrambled),,(tile)
crisscross,Monthly pancake,pancakes,
crisscross,Chili cheese tater tots with sour cream,french_fries,/static/media/food/french_fries.jpg
crisscross,“kenka” original smoked nuts,,(tile)
crisscross,Spicy fried shrimp with tomato garlic mayo,,(tile)
crisscross,Mexican Caesar salad,salad_green,
crisscross,"Cobb salad with bacon, eggs, blue cheese and avocado",salad_green,
crisscross,Crispy fried chicken burger,burger_chicken,
crisscross,Prime beef hanger steak Philly cheese sandwich,sandwich,/static/media/food/sandwich.jpg
crisscross,Clubhouse sandwich,sandwich,/static/media/food/sandwich.jpg
crisscross,Panang beef curry,curry_rice,/static/media/food/curry_rice.jpg
crisscross,Pan fried herb panko crusted chicken breast,,(tile)
crisscross,Bread basket,toast_breakfast,/static/media/food/toast_breakfast.jpg
crisscross,Pineapple pound cake with whipped cream by Lily cakes,cake_dessert,/static/media/food/cake_dessert.png
crisscross,Banana bread cake with whipped cream by Lily cakes,cake_dessert,/static/media/food/cake_dessert.png
crisscross,Today's ice cream (2 scoops),icecream_parfait,/static/media/food/icecream_parfait.jpg
crisscross,Pale Ale (Small),beer_alcohol,/static/media/food/beer_alcohol.jpg
crisscross,Pale Ale (Medium),beer_alcohol,/static/media/food/beer_alcohol.jpg
crisscross,Wheat Ale (Small),beer_alcohol,/static/media/food/beer_alcohol.jpg
crisscross,Wheat Ale (Medium),beer_alcohol,/static/media/food/beer_alcohol.jpg
crisscross,Seasonal Brew (Small),,(tile)
crisscross,Seasonal Brew (Medium),,(tile)
crisscross,Seasonal Sparkling Wine Cocktail,cocktail,/static/media/food/cocktail.jpg
crisscross,crisscross Sangria (Hot / Iced),,(tile)
crisscross,Seasonal Cocktail,cocktail,/static/media/food/cocktail.jpg
crisscross,Seasonal Drink (Please Ask),,(tile)
crisscross,ECO Balance Organic Chardonnay (White),wine_drink,/static/media/food/wine_drink.jpg
crisscross,ECO Balance Organic Pinot Noir (Red),,(tile)
crisscross,Emiliana Amaluna Organic Sparkling Wine Brut,wine_drink,/static/media/food/wine_drink.jpg
crisscross,"Darjeeling (HARNEY & SONS, New York)",,(tile)
crisscross,"Earl Grey (HARNEY & SONS, New York)",tea_matcha,/static/media/food/tea_matcha.jpg
crisscross,"Rooibos (HARNEY & SONS, New York)",,(tile)
crisscross,"Iced Tea (Mighty-leaf, San Francisco)",tea_matcha,/static/media/food/tea_matcha.jpg
crisscross,Yuzu Sparkling,,(tile)
crisscross,Lemon Squash,,(tile)
crisscross,Ginger-ale,beer_alcohol,/static/media/food/beer_alcohol.jpg
crisscross,Sparkling Water (750ml),,(tile)
crisscross,Lemongrass Lemonade (Hot / Iced),juice_beverage,/static/media/food/juice_beverage.jpg
crisscross,Peach Juice from Nagano,juice_beverage,/static/media/food/juice_beverage.jpg
crisscross,Apple Juice from Nagano,juice_beverage,/static/media/food/juice_beverage.jpg
crisscross,Mandarin Orange Juice from Ehime,juice_beverage,/static/media/food/juice_beverage.jpg
crisscross,Japanese Grapefruit Juice,juice_beverage,/static/media/food/juice_beverage.jpg
crisscross,Coffee,coffee,/static/media/food/coffee.jpg
crisscross,Iced Coffee,coffee,/static/media/food/coffee.jpg
crisscross,Café au Lait (Hot / Iced),coffee,/static/media/food/coffee.jpg
crisscross,Coffee (Decaf),coffee,/static/media/food/coffee.jpg
いきなり!ステーキ,ワイルドステーキ 150g,steak_plate,/static/media/food/steak_plate.jpg
いきなり!ステーキ,ワイルドステーキ 200g,steak_plate,/static/media/food/steak_plate.jpg
いきなり!ステーキ,ワイルドステーキ 300g,steak_plate,/static/media/food/steak_plate.jpg
いきなり!ステーキ,ワイルドステーキ 450g,steak_plate,/static/media/food/steak_plate.jpg
いきなり!ステーキ,赤身！肩ロースステーキ 150g,steak_plate,/static/media/food/steak_plate.jpg
いきなり!ステーキ,赤身！肩ロースステーキ 200g,steak_plate,/static/media/food/steak_plate.jpg
いきなり!ステーキ,赤身！肩ロースステーキ 300g,steak_plate,/static/media/food/steak_plate.jpg
いきなり!ステーキ,赤身！肩ロースステーキ 450g,steak_plate,/static/media/food/steak_plate.jpg
いきなり!ステーキ,ブレードミートステーキ 150g,steak_plate,/static/media/food/steak_plate.jpg
いきなり!ステーキ,ブレードミートステーキ 200g,steak_plate,/static/media/food/steak_plate.jpg
いきなり!ステーキ,ブレードミートステーキ 300g,steak_plate,/static/media/food/steak_plate.jpg
いきなり!ステーキ,ブレードミートステーキ 450g,steak_plate,/static/media/food/steak_plate.jpg
いきなり!ステーキ,リブロースステーキ 150g,steak_plate,/static/media/food/steak_plate.jpg
いきなり!ステーキ,リブロースステーキ 200g,steak_plate,/static/media/food/steak_plate.jpg
いきなり!ステーキ,リブロースステーキ 300g,steak_plate,/static/media/food/steak_plate.jpg
いきなり!ステーキ,リブロースステーキ 400g,steak_plate,/static/media/food/steak_plate.jpg
いきなり!ステーキ,特選ヒレステーキ 150g,steak_plate,/static/media/food/steak_plate.jpg
いきなり!ステーキ,特選ヒレステーキ 200g,steak_plate,/static/media/food/steak_plate.jpg
いきなり!ステーキ,特選ヒレステーキ 250g,steak_plate,/static/media/food/steak_plate.jpg
いきなり!ステーキ,特選ヒレステーキ 300g,steak_plate,/static/media/food/steak_plate.jpg
いきなり!ステーキ,ヒレカットステーキ 100g,steak_plate,/static/media/food/steak_plate.jpg
いきなり!ステーキ,ヒレカットステーキ 150g,steak_plate,/static/media/food/steak_plate.jpg
いきなり!ステーキ,乱切りカットステーキ 120g,steak_plate,/static/media/food/steak_plate.jpg
いきなり!ステーキ,乱切りカットステーキ 160g,steak_plate,/static/media/food/steak_plate.jpg
いきなり!ステーキ,乱切りカットステーキ 200g,steak_plate,/static/media/food/steak_plate.jpg
いきなり!ステーキ,乱切りカットステーキ 240g,steak_plate,/static/media/food/steak_plate.jpg
いきなり!ステーキ,グリルチキンステーキ 220g,steak_plate,/static/media/food/steak_plate.jpg
いきなり!ステーキ,グリルチキンステーキ 440g,steak_plate,/static/media/food/steak_plate.jpg
いきなり!ステーキ,ワイルドハンバーグ 150g（オニオンソース付き）,yakiniku_steak,/static/media/food/yakiniku_steak.jpg
いきなり!ステーキ,ワイルドハンバーグ 200g（オニオンソース付き）,yakiniku_steak,/static/media/food/yakiniku_steak.jpg
いきなり!ステーキ,ワイルドハンバーグ 300g（オニオンソース付き）,yakiniku_steak,/static/media/food/yakiniku_steak.jpg
いきなり!ステーキ,ワイルドコンボ ステーキ100g＋ハンバーグ150g,yakiniku_steak,/static/media/food/yakiniku_steak.jpg
いきなり!ステーキ,ワイルドコンボ ステーキ150g＋ハンバーグ150g,yakiniku_steak,/static/media/food/yakiniku_steak.jpg
いきなり!ステーキ,ワイルドコンボ ステーキ300g＋ハンバーグ150g,yakiniku_steak,/static/media/food/yakiniku_steak.jpg
いきなり!ステーキ,赤身ステーキプレート（ライス大盛り無料）,steak_plate,/static/media/food/steak_plate.jpg
いきなり!ステーキ,ステーキ重 150g,steak_plate,/static/media/food/steak_plate.jpg
いきなり!ステーキ,ヒレステーキ重 100g,steak_plate,/static/media/food/steak_plate.jpg
いきなり!ステーキ,ランチワイルドステーキ 150g,steak_plate,/static/media/food/steak_plate.jpg
いきなり!ステーキ,ランチワイルドステーキ 200g,steak_plate,/static/media/food/steak_plate.jpg
いきなり!ステーキ,ランチワイルドステーキ 300g,steak_plate,/static/media/food/steak_plate.jpg
いきなり!ステーキ,ランチワイルドステーキ 450g,steak_plate,/static/media/food/steak_plate.jpg
いきなり!ステーキ,ランチ赤身！肩ロースステーキ 150g,steak_plate,/static/media/food/steak_plate.jpg
いきなり!ステーキ,ランチ赤身！肩ロースステーキ 200g,steak_plate,/static/media/food/steak_plate.jpg
いきなり!ステーキ,ランチ赤身！肩ロースステーキ 300g,steak_plate,/static/media/food/steak_plate.jpg
いきなり!ステーキ,ランチ赤身！肩ロースステーキ 450g,steak_plate,/static/media/food/steak_plate.jpg
いきなり!ステーキ,ランチブレードミートステーキ 150g,steak_plate,/static/media/food/steak_plate.jpg
いきなり!ステーキ,ランチブレードミートステーキ 200g,steak_plate,/static/media/food/steak_plate.jpg
いきなり!ステーキ,ランチブレードミートステーキ 300g,steak_plate,/static/media/food/steak_plate.jpg
いきなり!ステーキ,ランチブレードミートステーキ 450g,steak_plate,/static/media/food/steak_plate.jpg
いきなり!ステーキ,ランチワイルドハンバーグ 150g（オニオンソース付き）,yakiniku_steak,/static/media/food/yakiniku_steak.jpg
いきなり!ステーキ,ランチワイルドハンバーグ 200g（オニオンソース付き）,yakiniku_steak,/static/media/food/yakiniku_steak.jpg
いきなり!ステーキ,ランチワイルドハンバーグ 300g（オニオンソース付き）,yakiniku_steak,/static/media/food/yakiniku_steak.jpg
いきなり!ステーキ,ランチワイルドコンボ ステーキ80g＋ハンバーグ100g,teishoku,/static/media/food/teishoku.jpg
いきなり!ステーキ,ランチワイルドコンボ ステーキ100g＋ハンバーグ150g,teishoku,/static/media/food/teishoku.jpg
いきなり!ステーキ,ランチグリルチキンステーキ 220g,steak_plate,/static/media/food/steak_plate.jpg
いきなり!ステーキ,ランチグリルチキンステーキ 440g,steak_plate,/static/media/food/steak_plate.jpg
いきなり!ステーキ,ランチリブロースステーキ 150g,steak_plate,/static/media/food/steak_plate.jpg
いきなり!ステーキ,ランチリブロースステーキ 200g,steak_plate,/static/media/food/steak_plate.jpg
いきなり!ステーキ,ランチリブロースステーキ 300g,steak_plate,/static/media/food/steak_plate.jpg
いきなり!ステーキ,ランチ特選ヒレステーキ 150g,steak_plate,/static/media/food/steak_plate.jpg
いきなり!ステーキ,ランチ特選ヒレステーキ 200g,steak_plate,/static/media/food/steak_plate.jpg
いきなり!ステーキ,ランチヒレカットステーキ 100g,steak_plate,/static/media/food/steak_plate.jpg
いきなり!ステーキ,ランチヒレカットステーキ 150g,steak_plate,/static/media/food/steak_plate.jpg
いきなり!ステーキ,ランチ乱切りカットステーキ 120g,steak_plate,/static/media/food/steak_plate.jpg
いきなり!ステーキ,ランチ乱切りカットステーキ 160g,steak_plate,/static/media/food/steak_plate.jpg
いきなり!ステーキ,ランチ乱切りカットステーキ 200g,steak_plate,/static/media/food/steak_plate.jpg
いきなり!ステーキ,ランチ乱切りカットステーキ 240g,steak_plate,/static/media/food/steak_plate.jpg
いきなり!ステーキ,ランチ赤身ステーキプレート（スープ付・ライス大盛り無料）,steak_plate,/static/media/food/steak_plate.jpg
いきなり!ステーキ,ミニカレーライスセット（ミニカレーライス・サラダ・ドリンクまたはスープ）,teishoku,/static/media/food/teishoku.jpg
いきなり!ステーキ,いきなりセット（ライス・サラダ・ドリンクまたはスープ）,teishoku,/static/media/food/teishoku.jpg
いきなり!ステーキ,ライス＆サラダセット,teishoku,/static/media/food/teishoku.jpg
いきなり!ステーキ,ライス＆ドリンクセット（ドリンクはスープに変更可）,teishoku,/static/media/food/teishoku.jpg
いきなり!ステーキ,ライス（おかわり無料）,gohan_rice,
いきなり!ステーキ,ミニカレーライス,curry_rice,/static/media/food/curry_rice.jpg
いきなり!ステーキ,サラダ,salad_green,
いきなり!ステーキ,特製スープ,soup_miso,/static/media/food/soup_miso.jpg
いきなり!ステーキ,トッピングハンバーグ 100g（オニオンソース付き）,yakiniku_steak,/static/media/food/yakiniku_steak.jpg
いきなり!ステーキ,トッピングハンバーグ 150g（オニオンソース付き）,yakiniku_steak,/static/media/food/yakiniku_steak.jpg
いきなり!ステーキ,ブロッコリー,,(tile)
いきなり!ステーキ,オニオンスライス,gohan_rice,
いきなり!ステーキ,コーン,,(tile)
いきなり!ステーキ,キャロット,,(tile)
いきなり!ステーキ,マッシュポテト,french_fries,/static/media/food/french_fries.jpg
いきなり!ステーキ,カレールー,curry_rice,/static/media/food/curry_rice.jpg
いきなり!ステーキ,チーズソース,cheese_plate,
いきなり!ステーキ,オニオンソース,,(tile)
いきなり!ステーキ,和風おろしポン酢,,(tile)
いきなり!ステーキ,生ビール（中）,beer_alcohol,/static/media/food/beer_alcohol.jpg
いきなり!ステーキ,生ビール（小）,beer_alcohol,/static/media/food/beer_alcohol.jpg
いきなり!ステーキ,ハイボール,whisky,/static/media/food/whisky.jpg
いきなり!ステーキ,ノンアルコールビール,beer_alcohol,/static/media/food/beer_alcohol.jpg
いきなり!ステーキ,ランチグラスワイン（赤/白）,wine_drink,/static/media/food/wine_drink.jpg
いきなり!ステーキ,グラスワイン（赤/白）,wine_drink,/static/media/food/wine_drink.jpg
いきなり!ステーキ,BYO（ワイン持ち込み料）,wine_drink,/static/media/food/wine_drink.jpg
いきなり!ステーキ,ボトルワイン（赤/白）,wine_drink,/static/media/food/wine_drink.jpg
いきなり!ステーキ,サントリー黒烏龍茶（トクホ）,oolong_tea,
いきなり!ステーキ,いきなりブランド黒烏龍茶（機能性表示食品）,oolong_tea,
いきなり!ステーキ,レッドブル,,(tile)
いきなり!ステーキ,コカ・コーラ,cola_drink,/static/media/food/cola_drink.jpg
いきなり!ステーキ,オレンジドリンク,,(tile)
いきなり!ステーキ,カルピスウォーター,,(tile)
かっぱ寿司,焼津港水揚げ 一本釣りかつお,tonkatsu_pork,/static/media/food/tonkatsu_pork.jpg
かっぱ寿司,焼津港水揚げ 一本釣りかつお 香味野菜仕立て,tonkatsu_pork,/static/media/food/tonkatsu_pork.jpg
かっぱ寿司,天然旬あじ,,(tile)
かっぱ寿司,天然旬あじ塩炙り,,(tile)
かっぱ寿司,北海道産 ほたて,sushi_platter,/static/media/food/sushi_platter.jpg
かっぱ寿司,光物３貫食べ比べ,,(tile)
かっぱ寿司,胡麻とたっぷり青葱の旨ネタ３貫,,(tile)
かっぱ寿司,ごち寿司 夏の彩り３貫,sushi_platter,/static/media/food/sushi_platter.jpg
かっぱ寿司,ごち寿司 贅沢軍艦三昧,sushi_platter,/static/media/food/sushi_platter.jpg
かっぱ寿司,ごち寿司 初夏の旨ネタ５貫セット,sushi_platter,/static/media/food/sushi_platter.jpg
かっぱ寿司,まぐろ,sushi_tuna,/static/media/food/sushi_tuna.jpg
かっぱ寿司,びん長まぐろ,sushi_tuna,/static/media/food/sushi_tuna.jpg
かっぱ寿司,まぐろ・いか二種盛り,sushi_platter,/static/media/food/sushi_platter.jpg
かっぱ寿司,まぐろ・えび二種盛り,sushi_shrimp,
かっぱ寿司,まぐろ二種盛り （まぐろ・びんちょう）,sushi_tuna,/static/media/food/sushi_tuna.jpg
かっぱ寿司,まぐろ・サーモン二種盛り,sushi_salmon,/static/media/food/sushi_salmon.jpg
かっぱ寿司,天然むらさきいか,sushi_platter,/static/media/food/sushi_platter.jpg
かっぱ寿司,えび,sushi_shrimp,
かっぱ寿司,サーモン,sushi_salmon,/static/media/food/sushi_salmon.jpg
かっぱ寿司,ねぎとろにぎり,sushi_platter,/static/media/food/sushi_platter.jpg
かっぱ寿司,サラダにぎり,sushi_platter,/static/media/food/sushi_platter.jpg
かっぱ寿司,玉子,tamago_egg,/static/media/food/tamago_egg.jpg
かっぱ寿司,いなり,,(tile)
かっぱ寿司,なすの揚げびたし,,(tile)
かっぱ寿司,なすの揚げびたし ～とろろのせ～,,(tile)
かっぱ寿司,甘海老包み,sushi_shrimp,
かっぱ寿司,釜揚げしらす包み,udon,/static/media/food/udon.jpg
かっぱ寿司,本気シャリ（３貫）,,(tile)
かっぱ寿司,あかいかゲソ（大葉）,sushi_platter,/static/media/food/sushi_platter.jpg
かっぱ寿司,あかいかゲソマヨ,sushi_platter,/static/media/food/sushi_platter.jpg
かっぱ寿司,つぶ貝 ししゃもっこのせ,sushi_platter,/static/media/food/sushi_platter.jpg
かっぱ寿司,オニオンえび,sushi_shrimp,
かっぱ寿司,オニオンえびマヨ,sushi_shrimp,
かっぱ寿司,オニオンサーモン,sushi_salmon,/static/media/food/sushi_salmon.jpg
かっぱ寿司,オニオンサーモンマヨ,sushi_salmon,/static/media/food/sushi_salmon.jpg
かっぱ寿司,ねぎとろザク旨ラー油 にぎり,sushi_tuna,/static/media/food/sushi_tuna.jpg
かっぱ寿司,サラダザク旨ラー油にぎり,sushi_platter,/static/media/food/sushi_platter.jpg
かっぱ寿司,活〆はまち・えび二種盛り,sushi_shrimp,
かっぱ寿司,活〆はまち・いか二種盛り,sushi_platter,/static/media/food/sushi_platter.jpg
かっぱ寿司,活〆はまち・サーモン二種盛り,sushi_salmon,/static/media/food/sushi_salmon.jpg
かっぱ寿司,サーモン ～夏のトマトガーリック～,sushi_salmon,/static/media/food/sushi_salmon.jpg
かっぱ寿司,生えび,sushi_shrimp,
かっぱ寿司,赤えび,sushi_shrimp,
かっぱ寿司,煮穴子,unagi,/static/media/food/unagi.jpg
かっぱ寿司,〆いわし,,(tile)
かっぱ寿司,国産炭焼きかつおたたき (二貫),tonkatsu_pork,/static/media/food/tonkatsu_pork.jpg
かっぱ寿司,平貝,sushi_platter,/static/media/food/sushi_platter.jpg
かっぱ寿司,うなぎ＆牛カルビいなり,yakiniku_steak,/static/media/food/yakiniku_steak.jpg
かっぱ寿司,国産炭焼きかつおたたき 香味野菜仕立て,tonkatsu_pork,/static/media/food/tonkatsu_pork.jpg
かっぱ寿司,大切りまぐろ,sushi_tuna,/static/media/food/sushi_tuna.jpg
かっぱ寿司,大切りサーモン,sushi_salmon,/static/media/food/sushi_salmon.jpg
かっぱ寿司,活〆はまち(二貫),,(tile)
かっぱ寿司,活〆はまちはらみ,,(tile)
かっぱ寿司,活〆はまち・えんがわ二種盛り,,(tile)
かっぱ寿司,とろサーモン,sushi_salmon,/static/media/food/sushi_salmon.jpg
かっぱ寿司,アボカドサーモン,sushi_salmon,/static/media/food/sushi_salmon.jpg
かっぱ寿司,アボカドえび,sushi_shrimp,
かっぱ寿司,甘海老にぎり,sushi_platter,/static/media/food/sushi_platter.jpg
かっぱ寿司,生えび ～夏のトマトガーリック～,sushi_shrimp,
かっぱ寿司,とろ〆さば,,(tile)
かっぱ寿司,生たこ,sushi_platter,/static/media/food/sushi_platter.jpg
かっぱ寿司,えんがわ,,(tile)
かっぱ寿司,つぶ貝,sushi_platter,/static/media/food/sushi_platter.jpg
かっぱ寿司,赤貝,sushi_platter,/static/media/food/sushi_platter.jpg
かっぱ寿司,活〆真鯛(二貫),,(tile)
かっぱ寿司,うなぎ かっぱいなり,unagi,/static/media/food/unagi.jpg
かっぱ寿司,小なす浅漬けにぎり,sushi_platter,/static/media/food/sushi_platter.jpg
かっぱ寿司,大切りまぐろ食べ比べ,sushi_tuna,/static/media/food/sushi_tuna.jpg
かっぱ寿司,大切りサーモン食べ比べ,sushi_salmon,/static/media/food/sushi_salmon.jpg
かっぱ寿司,大切り蝦夷あわび,,(tile)
かっぱ寿司,えんがわ二枚重ね,,(tile)
かっぱ寿司,上煮穴子一本,unagi,/static/media/food/unagi.jpg
かっぱ寿司,３種の貝食べ比べ,sushi_platter,/static/media/food/sushi_platter.jpg
かっぱ寿司,３種のまぐろ食べ比べ,sushi_tuna,/static/media/food/sushi_tuna.jpg
かっぱ寿司,３種のサーモン食べ比べ,sushi_salmon,/static/media/food/sushi_salmon.jpg
かっぱ寿司,夏のトマトガーリック３貫 食べ比べ,,(tile)
かっぱ寿司,ステーキ風まぐろ 焦がし醤油,sushi_tuna,/static/media/food/sushi_tuna.jpg
かっぱ寿司,サーモンマヨ炙り,sushi_salmon,/static/media/food/sushi_salmon.jpg
かっぱ寿司,サーモンマヨペッパー炙り,sushi_salmon,/static/media/food/sushi_salmon.jpg
かっぱ寿司,えびマヨペッパー炙り,sushi_shrimp,
かっぱ寿司,えびマヨ炙り,sushi_shrimp,
かっぱ寿司,浜焼き風 えび,sushi_shrimp,
かっぱ寿司,浜焼き風 玉子,tamago_egg,/static/media/food/tamago_egg.jpg
かっぱ寿司,うなぎ炙り,unagi,/static/media/food/unagi.jpg
かっぱ寿司,赤えび塩炙り,sushi_shrimp,
かっぱ寿司,〆いわし塩炙り,,(tile)
かっぱ寿司,とろサーモン塩炙り,sushi_salmon,/static/media/food/sushi_salmon.jpg
かっぱ寿司,活〆真鯛塩炙り,,(tile)
かっぱ寿司,活〆はまち焦がし醤油炙り(二貫),,(tile)
かっぱ寿司,活〆はまちはらみ塩炙り,,(tile)
かっぱ寿司,えび天にぎり,sushi_platter,/static/media/food/sushi_platter.jpg
かっぱ寿司,えび天にぎりマヨ,sushi_platter,/static/media/food/sushi_platter.jpg
かっぱ寿司,さくさくイカ天にぎり,sushi_platter,/static/media/food/sushi_platter.jpg
かっぱ寿司,さくさくイカ天にぎりマヨ,sushi_platter,/static/media/food/sushi_platter.jpg
かっぱ寿司,キス天にぎり,sushi_platter,/static/media/food/sushi_platter.jpg
かっぱ寿司,大えび天包み,sushi_shrimp,
かっぱ寿司,大えび天包みマヨ,sushi_shrimp,
かっぱ寿司,えび天巻,sushi_shrimp,
かっぱ寿司,生ハム オニオンマヨ,prosciutto,
かっぱ寿司,牛カルビ たっぷりマヨ炙り,yakiniku_steak,/static/media/food/yakiniku_steak.jpg
かっぱ寿司,てりやきハンバーグ,yakiniku_steak,/static/media/food/yakiniku_steak.jpg
かっぱ寿司,てりやきハンバーグマヨ,yakiniku_steak,/static/media/food/yakiniku_steak.jpg
かっぱ寿司,豚タン塩ダレ,gyutan,/static/media/food/gyutan.jpg
かっぱ寿司,肉いなり,,(tile)
かっぱ寿司,豚タン塩ダレ炙り,gyutan,/static/media/food/gyutan.jpg
かっぱ寿司,生ハム,prosciutto,
かっぱ寿司,牛カルビ炙り,yakiniku_steak,/static/media/food/yakiniku_steak.jpg
かっぱ寿司,生ハム ～夏のトマトガーリック～,prosciutto,
かっぱ寿司,ごちそうハンバーグにぎり ～夏のトマトガーリック～,sushi_platter,/static/media/food/sushi_platter.jpg
かっぱ寿司,ねぎとろ軍艦,sushi_roll,/static/media/food/sushi_roll.jpg
かっぱ寿司,まぐたく軍艦,sushi_roll,/static/media/food/sushi_roll.jpg
かっぱ寿司,サラダ軍艦,sushi_roll,/static/media/food/sushi_roll.jpg
かっぱ寿司,感動コーン,,(tile)
かっぱ寿司,サラダ感動コーン軍艦,sushi_roll,/static/media/food/sushi_roll.jpg
かっぱ寿司,かにカマサラダ軍艦,sushi_roll,/static/media/food/sushi_roll.jpg
かっぱ寿司,たらこ軍艦,sushi_roll,/static/media/food/sushi_roll.jpg
かっぱ寿司,たらこマヨ軍艦,sushi_roll,/static/media/food/sushi_roll.jpg
かっぱ寿司,なっとう軍艦,sushi_roll,/static/media/food/sushi_roll.jpg
かっぱ寿司,オクラいかめかぶ軍艦,sushi_roll,/static/media/food/sushi_roll.jpg
かっぱ寿司,オクラいかめかぶ納豆軍艦,sushi_roll,/static/media/food/sushi_roll.jpg
かっぱ寿司,感動コーン かっぱ軍艦,sushi_roll,/static/media/food/sushi_roll.jpg
かっぱ寿司,かにカマサラダ かっぱ軍艦,salad_green,
かっぱ寿司,卵黄納豆軍艦,sushi_roll,/static/media/food/sushi_roll.jpg
かっぱ寿司,卵黄とろろ軍艦,sushi_roll,/static/media/food/sushi_roll.jpg
かっぱ寿司,かにみそ,,(tile)
かっぱ寿司,かにみそマヨ,,(tile)
かっぱ寿司,ししゃもっこ軍艦,sushi_roll,/static/media/food/sushi_roll.jpg
かっぱ寿司,いくら,,(tile)
かっぱ寿司,３種のとろねば軍艦 食べ比べ,sushi_roll,/static/media/food/sushi_roll.jpg
かっぱ寿司,海鮮たたき軍艦,sushi_roll,/static/media/food/sushi_roll.jpg
かっぱ寿司,海鮮たたきザク旨ラー油軍艦,sushi_roll,/static/media/food/sushi_roll.jpg
かっぱ寿司,海鮮たたきザク旨ラー油マヨ軍艦,sushi_roll,/static/media/food/sushi_roll.jpg
かっぱ寿司,贅沢いくら,,(tile)
かっぱ寿司,甘海老マヨ かっぱ軍艦,sushi_shrimp,
かっぱ寿司,海鮮たたきザク旨ラー油 かっぱ軍艦,sushi_roll,/static/media/food/sushi_roll.jpg
かっぱ寿司,かっぱ巻,sushi_roll,/static/media/food/sushi_roll.jpg
かっぱ寿司,なっとう巻,,(tile)
かっぱ寿司,干ぴょう巻,,(tile)
かっぱ寿司,ねぎとろ巻,sushi_tuna,/static/media/food/sushi_tuna.jpg
かっぱ寿司,鉄火巻,sushi_roll,/static/media/food/sushi_roll.jpg
かっぱ寿司,おこさまにぎりと ハンバーグセット,sushi_platter,/static/media/food/sushi_platter.jpg
かっぱ寿司,おこさまカレーと ハンバーグセット,curry_rice,/static/media/food/curry_rice.jpg
かっぱ寿司,おこさまプレート,,(tile)
かっぱ寿司,おこさまポテトプレート,french_fries,/static/media/food/french_fries.jpg
かっぱ寿司,おこさまうどん,udon,/static/media/food/udon.jpg
かっぱ寿司,おこさまパンケーキ,pancakes,
かっぱ寿司,ごちそうハンバーグにぎり ～ケチャップのせ～,sushi_platter,/static/media/food/sushi_platter.jpg
かっぱ寿司,ミニゼリー（４個）,,(tile)
かっぱ寿司,ベビーフード しらすの雑炊,,(tile)
かっぱ寿司,茶碗蒸し,chawanmushi,/static/media/food/chawanmushi.jpg
かっぱ寿司,冷やし茶碗蒸し,chawanmushi,/static/media/food/chawanmushi.jpg
かっぱ寿司,うなぎの冷やし茶碗蒸し,chawanmushi,/static/media/food/chawanmushi.jpg
かっぱ寿司,かつお出汁入り あんかけ茶碗蒸し,tonkatsu_pork,/static/media/food/tonkatsu_pork.jpg
かっぱ寿司,夏のトマトガーリック 二段仕込の醤油とり唐揚げ,karaage_chicken,/static/media/food/karaage_chicken.jpg
かっぱ寿司,特盛 二段仕込の醤油とり唐揚げ,karaage_chicken,/static/media/food/karaage_chicken.jpg
かっぱ寿司,特盛 二段仕込の醤油とり唐揚げマヨ,karaage_chicken,/static/media/food/karaage_chicken.jpg
かっぱ寿司,二段仕込の醤油 とり唐揚げ,karaage_chicken,/static/media/food/karaage_chicken.jpg
かっぱ寿司,ちょこっとフライドポテト＆二段仕込の醤油 とり唐揚げ,french_fries,/static/media/food/french_fries.jpg
かっぱ寿司,特盛 フライドポテト ～ケチャップ添え～,french_fries,/static/media/food/french_fries.jpg
かっぱ寿司,フライドポテト ～ケチャップ添え～,french_fries,/static/media/food/french_fries.jpg
かっぱ寿司,フライドポテト ～たらこマヨ添え～,french_fries,/static/media/food/french_fries.jpg
かっぱ寿司,ちょこっとフライドポテト,french_fries,/static/media/food/french_fries.jpg
かっぱ寿司,かっぱの丼ふりポテト ★ふりふりのりしお★,french_fries,/static/media/food/french_fries.jpg
かっぱ寿司,かっぱの丼ふりポテト ★ドンDON!コンソメ★,french_fries,/static/media/food/french_fries.jpg
かっぱ寿司,季節の天ぷら盛り合わせ ～天つゆ付き～,tempura,/static/media/food/tempura.jpg
かっぱ寿司,なす天盛り～天つゆ付き～,,(tile)
かっぱ寿司,玉ねぎ天盛り,,(tile)
かっぱ寿司,甘ガリ天盛り,,(tile)
かっぱ寿司,贅沢 ９種の海鮮丼,sushi_platter,/static/media/food/sushi_platter.jpg
かっぱ寿司,贅沢 ９種の海鮮丼 ～シャリ１．５倍～,sushi_platter,/static/media/food/sushi_platter.jpg
かっぱ寿司,炙り真鯛の塩ラーメン,ramen_shoyu,/static/media/food/ramen_shoyu.jpg
かっぱ寿司,鯛スープの塩ラーメン (メンマチャーシュー),ramen_shoyu,/static/media/food/ramen_shoyu.jpg
かっぱ寿司,コク旨醤油ラーメン (メンマチャーシュー),ramen_shoyu,/static/media/food/ramen_shoyu.jpg
かっぱ寿司,贅沢 大えび天入りうどん,udon,/static/media/food/udon.jpg
かっぱ寿司,えび天うどん,udon,/static/media/food/udon.jpg
かっぱ寿司,きつねうどん,udon,/static/media/food/udon.jpg
かっぱ寿司,まぐろ節香るかけうどん （平日限定）,udon,/static/media/food/udon.jpg
かっぱ寿司,かけうどん （平日限定販売）,udon,/static/media/food/udon.jpg
かっぱ寿司,トマトとチーズのスープパスタ ～真夜中のスパゲティ仕立て～,pasta,/static/media/food/pasta.jpg
かっぱ寿司,トマトとたっぷりチーズのスープパスタ ～真夜中のスパゲティ仕立て～,pasta,/static/media/food/pasta.jpg
かっぱ寿司,サーモンとバジルのパスタサラダカップ,salad_green,
かっぱ寿司,追いシャリチーズ ～〆はリゾット風に～,cheese_plate,
かっぱ寿司,トッピング ピカンテオイル,,(tile)
かっぱ寿司,シーフードカリブサラダ,salad_green,
かっぱ寿司,生ハムと甘海老のサラダ ～醤油ドレッシング～,salad_green,
かっぱ寿司,ちょこっと氷つゆそうめん,,(tile)
かっぱ寿司,蒸しあさり かつお出汁仕立て,tonkatsu_pork,/static/media/food/tonkatsu_pork.jpg
かっぱ寿司,たらこマヨ オニオンスライス,pasta,/static/media/food/pasta.jpg
かっぱ寿司,かにカマきゅうりコーン小鉢,,(tile)
かっぱ寿司,きゅうり醤油 ドレッシングマヨ,,(tile)
かっぱ寿司,だし巻き玉子,tamago_egg,/static/media/food/tamago_egg.jpg
かっぱ寿司,小なす浅漬け盛り,tsukemono,/static/media/food/tsukemono.jpg
かっぱ寿司,玉ねぎと油揚げの味噌汁,soup_miso,/static/media/food/soup_miso.jpg
かっぱ寿司,あおさの味噌汁,soup_miso,/static/media/food/soup_miso.jpg
かっぱ寿司,あさりの味噌汁,soup_miso,/static/media/food/soup_miso.jpg
かっぱ寿司,いちごとパッションフルーツのパンナコッタ,pudding,
かっぱ寿司,プレミアムいちごカスタードプリンパフェ,icecream_parfait,/static/media/food/icecream_parfait.jpg
かっぱ寿司,プレミアムプリン,pudding,
かっぱ寿司,プレミアムホイッププリン,pudding,
かっぱ寿司,ミニアサイーボウル,,(tile)
かっぱ寿司,ミニアサイーボウル ～はちみつ～,,(tile)
かっぱ寿司,かっぱのシャリドーナツ きな粉（２個）,donut,/static/media/food/donut.jpg
かっぱ寿司,焦がしカラメルのアイスカタラーナ,icecream_parfait,/static/media/food/icecream_parfait.jpg
かっぱ寿司,プレミアムクリームケーキ,cake_dessert,/static/media/food/cake_dessert.png
かっぱ寿司,ベイクドチーズケーキ,cake_dessert,/static/media/food/cake_dessert.png
かっぱ寿司,チョコレートケーキ,cake_dessert,/static/media/food/cake_dessert.png
かっぱ寿司,プレミアムカスタードアイス,icecream_parfait,/static/media/food/icecream_parfait.jpg
かっぱ寿司,さっぱりシューアイス,icecream_parfait,/static/media/food/icecream_parfait.jpg
かっぱ寿司,京わらび餅,,(tile)
かっぱ寿司,ふわもちみたらし団子 （炙り）,dorayaki,/static/media/food/dorayaki.jpg
かっぱ寿司,お持ち帰り用 プレミアムプリン,pudding,
かっぱ寿司,お持ち帰り用 かっぱのシャリドーナツ きな粉(５個),donut,/static/media/food/donut.jpg
かっぱ寿司,お持ち帰り用 いちごとパッションフルーツのパンナコッタ,pudding,
かっぱ寿司,プレミアムスイーツBOX プレミアムプリン・いちごとパッションフルーツのパンナコッタ 各３個,pudding,
かっぱ寿司,かっぱのシャリドーナツ ～ハニーココナッツ～ （２個）,donut,/static/media/food/donut.jpg
かっぱ寿司,ジューシー白桃杏仁豆腐,,(tile)
かっぱ寿司,いちごかき氷＆バニラアイス,icecream_parfait,/static/media/food/icecream_parfait.jpg
かっぱ寿司,白桃かき氷＆バニラアイス,icecream_parfait,/static/media/food/icecream_parfait.jpg
かっぱ寿司,ブルーハワイかき氷 ＆バニラアイス,icecream_parfait,/static/media/food/icecream_parfait.jpg
かっぱ寿司,ちょこっと いちごかき氷,,(tile)
かっぱ寿司,ちょこっと 白桃かき氷,,(tile)
かっぱ寿司,ちょこっと ブルーハワイかき氷,,(tile)
かっぱ寿司,アサヒスーパードライ 生ビール(大),beer_alcohol,/static/media/food/beer_alcohol.jpg
かっぱ寿司,アサヒスーパードライ 生ビール(中),beer_alcohol,/static/media/food/beer_alcohol.jpg
かっぱ寿司,ブラックニッカハイボール,whisky,/static/media/food/whisky.jpg
かっぱ寿司,松竹梅 豪快 辛口(冷酒),sake_drink,/static/media/food/sake_drink.jpg
かっぱ寿司,松竹梅 豪快 辛口（熱燗）,sake_drink,/static/media/food/sake_drink.jpg
かっぱ寿司,真澄 辛口ゴールド （冷酒）180ml,sake_drink,/static/media/food/sake_drink.jpg
かっぱ寿司,玉乃光 酒魂 （冷酒）180ml,sake_drink,/static/media/food/sake_drink.jpg
かっぱ寿司,生シードル（SWEET),,(tile)
かっぱ寿司,生シードル（DRY),,(tile)
かっぱ寿司,スパークリング清酒 澪,beer_alcohol,/static/media/food/beer_alcohol.jpg
かっぱ寿司,プレーンサワー,chuhai,/static/media/food/chuhai.jpg
かっぱ寿司,生搾りレモンサワー,chuhai,/static/media/food/chuhai.jpg
かっぱ寿司,アサヒゼロ （ノンアルコール）,,(tile)
かっぱ寿司,アサヒドライゼロ （ノンアルコール）,,(tile)
かっぱ寿司,カシスオレンジテイスト (ノンアルコール),cocktail,/static/media/food/cocktail.jpg
かっぱ寿司,レモンサワーテイスト (ノンアルコール),chuhai,/static/media/food/chuhai.jpg
かっぱ寿司,からだすこやか茶Ｗ+,tea_matcha,/static/media/food/tea_matcha.jpg
かっぱ寿司,アップル果汁100％,,(tile)
かっぱ寿司,グレープ果汁100％,,(tile)
かっぱ寿司,ホットコーヒー,coffee,/static/media/food/coffee.jpg
かっぱ寿司,アイスコーヒー,coffee,/static/media/food/coffee.jpg
かっぱ寿司,コカ・コーラ Ｌ,cola_drink,/static/media/food/cola_drink.jpg
かっぱ寿司,【６月１１日～】 極み１０種セット １人前,teishoku,/static/media/food/teishoku.jpg
かっぱ寿司,【６月１１日～】 極み１０種セット ２人前,teishoku,/static/media/food/teishoku.jpg
かっぱ寿司,【６月１１日～】 極み１０種セット ３人前,teishoku,/static/media/food/teishoku.jpg
かっぱ寿司,【６月１１日～】 極み１０種セット ４人前,teishoku,/static/media/food/teishoku.jpg
かっぱ寿司,【６月１１日～】 極み１０種セット ５人前,teishoku,/static/media/food/teishoku.jpg
かっぱ寿司,【６月１１日～】 おすすめネタ１１種セット １人前,teishoku,/static/media/food/teishoku.jpg
かっぱ寿司,【６月１１日～】 おすすめネタ１１種セット ２人前,teishoku,/static/media/food/teishoku.jpg
かっぱ寿司,【６月１１日～】 おすすめネタ１１種セット ３人前,teishoku,/static/media/food/teishoku.jpg
かっぱ寿司,【６月１１日～】 おすすめネタ１１種セット ４人前,teishoku,/static/media/food/teishoku.jpg
かっぱ寿司,【６月１１日～】 おすすめネタ１１種セット ５人前,teishoku,/static/media/food/teishoku.jpg
かっぱ寿司,【６月１１日～】 にぎわい１１種セット １人前,teishoku,/static/media/food/teishoku.jpg
かっぱ寿司,【６月１１日～】 にぎわい１１種セット ２人前,teishoku,/static/media/food/teishoku.jpg
かっぱ寿司,【６月１１日～】 にぎわい１１種セット ３人前,teishoku,/static/media/food/teishoku.jpg
かっぱ寿司,【６月１１日～】 にぎわい１１種セット ４人前,teishoku,/static/media/food/teishoku.jpg
かっぱ寿司,【６月１１日～】 にぎわい１１種セット ５人前,teishoku,/static/media/food/teishoku.jpg
かっぱ寿司,９種具材の海鮮ばらちらし,sushi_platter,/static/media/food/sushi_platter.jpg
かっぱ寿司,【６月１１日～】 バラエティ１６貫セット,teishoku,/static/media/food/teishoku.jpg
かっぱ寿司,【６月１１日～】 かっぱのにぎり９貫～おもちゃ・ゼリーつき～,sushi_platter,/static/media/food/sushi_platter.jpg
かっぱ寿司,【６月１１日～】 厳選ネタ８貫セット,teishoku,/static/media/food/teishoku.jpg
かっぱ寿司,いなり玉子合盛り,tamago_egg,/static/media/food/tamago_egg.jpg
かっぱ寿司,【６月１１日～】 ちょい足し寿司 大切りまぐろ,sushi_tuna,/static/media/food/sushi_tuna.jpg
かっぱ寿司,【６月１１日～】 ちょい足し寿司 大切りサーモン,sushi_salmon,/static/media/food/sushi_salmon.jpg
かっぱ寿司,ちょい足し寿司 いか,sushi_platter,/static/media/food/sushi_platter.jpg
かっぱ寿司,ちょい足し寿司 えび,sushi_platter,/static/media/food/sushi_platter.jpg
かっぱ寿司,ちょい足し寿司 サラダ軍艦,sushi_platter,/static/media/food/sushi_platter.jpg
かっぱ寿司,ちょい足し寿司 感動コーン,sushi_platter,/static/media/food/sushi_platter.jpg
かつや,モツ野菜炒めとチキンカツの合い盛り丼,donburi_rice,/static/media/food/donburi_rice.jpg
かつや,モツ野菜炒めとチキンカツの合い盛り定食,teishoku,/static/media/food/teishoku.jpg
かつや,カツ丼(梅),katsudon,/static/media/food/katsudon.jpg
かつや,カツ丼(竹),katsudon,/static/media/food/katsudon.jpg
かつや,カツ丼(松),katsudon,/static/media/food/katsudon.jpg
かつや,特カツ丼,katsudon,/static/media/food/katsudon.jpg
かつや,2個たまカツ丼(梅),katsudon,/static/media/food/katsudon.jpg
かつや,2個たまカツ丼(竹),katsudon,/static/media/food/katsudon.jpg
かつや,ヒレカツ丼,katsudon,/static/media/food/katsudon.jpg
かつや,ソースカツ丼(梅),katsudon,/static/media/food/katsudon.jpg
かつや,ソースカツ丼(竹),katsudon,/static/media/food/katsudon.jpg
かつや,ソースカツ丼(松),katsudon,/static/media/food/katsudon.jpg
かつや,トンテキ丼,donburi_rice,/static/media/food/donburi_rice.jpg
かつや,トンテキとチキンカツ丼,katsudon,/static/media/food/katsudon.jpg
かつや,トンテキとロースカツ丼,katsudon,/static/media/food/katsudon.jpg
かつや,ねぎタルチキンカツ丼,katsudon,/static/media/food/katsudon.jpg
かつや,カツカレー(梅),curry_rice,/static/media/food/curry_rice.jpg
かつや,カツカレー(竹),curry_rice,/static/media/food/curry_rice.jpg
かつや,カツカレー(松),curry_rice,/static/media/food/curry_rice.jpg
かつや,ロースカツ定食,teishoku,/static/media/food/teishoku.jpg
かつや,ダブルロースカツ定食,teishoku,/static/media/food/teishoku.jpg
かつや,ヒレカツ定食,teishoku,/static/media/food/teishoku.jpg
かつや,メンチカツ定食,teishoku,/static/media/food/teishoku.jpg
かつや,ロースメンチカツ定食,teishoku,/static/media/food/teishoku.jpg
かつや,海老ロースカツ定食,teishoku,/static/media/food/teishoku.jpg
かつや,海老ヒレカツ定食,teishoku,/static/media/food/teishoku.jpg
かつや,海老・チキンカツ・から揚げ定食,teishoku,/static/media/food/teishoku.jpg
かつや,おろしカツ定食,teishoku,/static/media/food/teishoku.jpg
かつや,おろしヒレカツ定食,teishoku,/static/media/food/teishoku.jpg
かつや,ねぎ味噌チキンカツ定食,teishoku,/static/media/food/teishoku.jpg
かつや,タルタルチキンカツ定食,teishoku,/static/media/food/teishoku.jpg
かつや,から揚げ定食,teishoku,/static/media/food/teishoku.jpg
かつや,ロースカツ・から揚げ定食,teishoku,/static/media/food/teishoku.jpg
かつや,とん汁定食(ロースカツ),teishoku,/static/media/food/teishoku.jpg
かつや,とん汁定食(ヒレカツ),teishoku,/static/media/food/teishoku.jpg
かつや,トンテキ定食,teishoku,/static/media/food/teishoku.jpg
かつや,トンテキとチキンカツ定食,teishoku,/static/media/food/teishoku.jpg
かつや,トンテキとロースカツ定食,teishoku,/static/media/food/teishoku.jpg
かつや,ご飯,gohan_rice,
かつや,とん汁(小),soup_miso,/static/media/food/soup_miso.jpg
かつや,とん汁(大),soup_miso,/static/media/food/soup_miso.jpg
かつや,温泉玉子,tamago_egg,/static/media/food/tamago_egg.jpg
かつや,サラダ,salad_green,
かつや,海老フライ(1本),fry_seafood,/static/media/food/fry_seafood.jpg
かつや,千切りキャベツ,,(tile)
かつや,おろしポン酢,,(tile)
かつや,から揚げ(2個),karaage_chicken,/static/media/food/karaage_chicken.jpg
かつや,メンチカツ(1枚),tonkatsu_pork,/static/media/food/tonkatsu_pork.jpg
かつや,モツ野菜炒めとチキンカツの合い盛り丼弁当,bento,/static/media/food/bento.jpg
かつや,モツ野菜炒めとチキンカツの合い盛り弁当,bento,/static/media/food/bento.jpg
かつや,カツ丼弁当(梅),bento,/static/media/food/bento.jpg
かつや,カツ丼弁当(竹),bento,/static/media/food/bento.jpg
かつや,カツ丼弁当(松),bento,/static/media/food/bento.jpg
かつや,特カツ丼弁当,bento,/static/media/food/bento.jpg
かつや,ヒレカツ丼弁当,bento,/static/media/food/bento.jpg
かつや,2個たまカツ丼弁当(梅),bento,/static/media/food/bento.jpg
かつや,2個たまカツ丼弁当(竹),bento,/static/media/food/bento.jpg
かつや,ソースカツ丼弁当(梅),bento,/static/media/food/bento.jpg
かつや,ソースカツ丼弁当(竹),bento,/static/media/food/bento.jpg
かつや,ソースカツ丼弁当(松),bento,/static/media/food/bento.jpg
かつや,トンテキ丼弁当,bento,/static/media/food/bento.jpg
かつや,トンテキとチキンカツ丼弁当,bento,/static/media/food/bento.jpg
かつや,トンテキとロースカツ丼弁当,bento,/static/media/food/bento.jpg
かつや,ねぎタルチキンカツ丼弁当,bento,/static/media/food/bento.jpg
かつや,カツカレー弁当(梅),bento,/static/media/food/bento.jpg
かつや,カツカレー弁当(竹),bento,/static/media/food/bento.jpg
かつや,カツカレー弁当(松),bento,/static/media/food/bento.jpg
かつや,ロースカツ弁当,bento,/static/media/food/bento.jpg
かつや,ダブルロースカツ弁当,bento,/static/media/food/bento.jpg
かつや,ヒレカツ弁当,bento,/static/media/food/bento.jpg
かつや,おろしカツ弁当,bento,/static/media/food/bento.jpg
かつや,おろしヒレカツ弁当,bento,/static/media/food/bento.jpg
かつや,メンチカツ弁当,bento,/static/media/food/bento.jpg
かつや,ロースメンチカツ弁当,bento,/static/media/food/bento.jpg
かつや,から揚げ弁当,bento,/static/media/food/bento.jpg
かつや,ロースカツ・から揚げ弁当,bento,/static/media/food/bento.jpg
かつや,トンテキ弁当,bento,/static/media/food/bento.jpg
かつや,トンテキとチキンカツ弁当,bento,/static/media/food/bento.jpg
かつや,トンテキとロースカツ弁当,bento,/static/media/food/bento.jpg
かつや,海老ロースカツ弁当,bento,/static/media/food/bento.jpg
かつや,海老ヒレカツ弁当,bento,/static/media/food/bento.jpg
かつや,海老・チキンカツ・から揚げ弁当,bento,/static/media/food/bento.jpg
かつや,ねぎ味噌チキンカツ弁当,bento,/static/media/food/bento.jpg
かつや,タルタルチキンカツ弁当,bento,/static/media/food/bento.jpg
かつや,盛り揚げBOX,,(tile)
かつや,ペアBOX,,(tile)
かつや,かつや盛り,tonkatsu_pork,/static/media/food/tonkatsu_pork.jpg
かつや,とん汁（大）,soup_miso,/static/media/food/soup_miso.jpg
から好し,ジンギスカンダレで食べる“北海道”ザンギ定食,teishoku,/static/media/food/teishoku.jpg
から好し,ジンギスカン風“北海道”ザンギ丼もり蕎麦セット,teishoku,/static/media/food/teishoku.jpg
から好し,ジンギスカンダレで食べる“北海道”よくばりザンギ定食,teishoku,/static/media/food/teishoku.jpg
から好し,ジンギスカン風“北海道”ザンギ丼,donburi_rice,/static/media/food/donburi_rice.jpg
から好し,★ご飯セット★“埼玉秩父”背脂たっぷり肉汁つけ蕎麦,soba,/static/media/food/soba.jpg
から好し,“埼玉秩父”背脂たっぷり肉汁つけ蕎麦定食（生卵・明太マヨから揚げ付き）,teishoku,/static/media/food/teishoku.jpg
から好し,“埼玉秩父”背脂たっぷり肉汁つけ蕎麦,soba,/static/media/food/soba.jpg
から好し,★ミニ丼セット★“埼玉秩父”背脂たっぷり肉汁つけ蕎麦,soba,/static/media/food/soba.jpg
から好し,★蕎麦2倍★“埼玉秩父”背脂たっぷり肉汁つけ蕎麦,soba,/static/media/food/soba.jpg
から好し,★蕎麦2倍ミニ丼セット★“埼玉秩父”背脂たっぷり肉汁つけ蕎麦,soba,/static/media/food/soba.jpg
から好し,★蕎麦2倍★“埼玉秩父”背脂たっぷり肉汁つけ蕎麦＆ご飯セット,teishoku,/static/media/food/teishoku.jpg
から好し,★蕎麦2倍★“埼玉秩父”背脂たっぷり肉汁つけ蕎麦定食（生卵・明太マヨから揚げ付き）,teishoku,/static/media/food/teishoku.jpg
から好し,★キャベツをポテトに変更★博多やまや明太マヨから揚げ定食【3個】,teishoku,/static/media/food/teishoku.jpg
から好し,博多やまや明太マヨ合盛り定食【4個】,teishoku,/static/media/food/teishoku.jpg
から好し,博多やまや明太マヨから揚げ定食【3個】,teishoku,/static/media/food/teishoku.jpg
から好し,博多やまや明太マヨ合盛り定食【6個】,teishoku,/static/media/food/teishoku.jpg
から好し,から好し定食【4個】,teishoku,/static/media/food/teishoku.jpg
から好し,から好し定食【6個】,teishoku,/static/media/food/teishoku.jpg
から好し,から好し定食【5個】,teishoku,/static/media/food/teishoku.jpg
から好し,から好し定食【3個】,teishoku,/static/media/food/teishoku.jpg
から好し,おろしから揚げ定食【4個】,teishoku,/static/media/food/teishoku.jpg
から好し,おろしから揚げ定食【3個】,teishoku,/static/media/food/teishoku.jpg
から好し,★キャベツをポテトに変更★博多やまや明太マヨから揚げ合盛り定食【4個】,teishoku,/static/media/food/teishoku.jpg
から好し,★キャベツをポテトに変更★博多やまや明太マヨから揚げ合盛り定食【6個】,teishoku,/static/media/food/teishoku.jpg
から好し,ヤンニョム合盛り定食【4個】,teishoku,/static/media/food/teishoku.jpg
から好し,ハニーマスタード合盛り定食【4個】,teishoku,/static/media/food/teishoku.jpg
から好し,ヤンニョム合盛り定食【6個】,teishoku,/static/media/food/teishoku.jpg
から好し,ハニーマスタード合盛り定食【6個】,teishoku,/static/media/food/teishoku.jpg
から好し,甘とろ合盛り定食【4個】,teishoku,/static/media/food/teishoku.jpg
から好し,甘とろ合盛り定食【6個】,teishoku,/static/media/food/teishoku.jpg
から好し,大判油淋鶏定食,teishoku,/static/media/food/teishoku.jpg
から好し,大判チキン南蛮定食,teishoku,/static/media/food/teishoku.jpg
から好し,大判から揚げ定食,teishoku,/static/media/food/teishoku.jpg
から好し,よくばり大判から揚げ定食（大判から揚げ１枚＆ももから揚げ２コ）,teishoku,/static/media/food/teishoku.jpg
から好し,豚あいがけ親子丼＆もり蕎麦セット,teishoku,/static/media/food/teishoku.jpg
から好し,親子丼＆もり蕎麦セット,teishoku,/static/media/food/teishoku.jpg
から好し,から揚げ親子丼＆もり蕎麦セット,teishoku,/static/media/food/teishoku.jpg
から好し,うなから丼＆蕎麦セット,teishoku,/static/media/food/teishoku.jpg
から好し,うな丼＆蕎麦セット,teishoku,/static/media/food/teishoku.jpg
から好し,うな丼【ダブル】＆蕎麦セット,unagi,/static/media/food/unagi.jpg
から好し,★蕎麦2倍★ジンギスカン風“北海道”ザンギ丼もり蕎麦セット,teishoku,/static/media/food/teishoku.jpg
から好し,★蕎麦2倍★豚あいがけ親子丼＆もり蕎麦セット,teishoku,/static/media/food/teishoku.jpg
から好し,★蕎麦2倍★親子丼＆もり蕎麦セット,teishoku,/static/media/food/teishoku.jpg
から好し,★蕎麦2倍★から揚げ親子丼＆もり蕎麦セット,teishoku,/static/media/food/teishoku.jpg
から好し,★蕎麦2倍★うなから丼＆蕎麦セット,teishoku,/static/media/food/teishoku.jpg
から好し,★蕎麦2倍★うな丼＆蕎麦セット,teishoku,/static/media/food/teishoku.jpg
から好し,★蕎麦2倍★うな丼【ダブル】＆蕎麦セット,unagi,/static/media/food/unagi.jpg
から好し,ジンギスカン風“北海道”ザンギ丼から揚げ・味噌汁セット,teishoku,/static/media/food/teishoku.jpg
から好し,豚あいがけ親子丼から揚げ・味噌汁セット,teishoku,/static/media/food/teishoku.jpg
から好し,親子丼＆から揚げ・味噌汁セット,teishoku,/static/media/food/teishoku.jpg
から好し,から揚げ親子丼から揚げ・味噌汁セット,teishoku,/static/media/food/teishoku.jpg
から好し,うなから丼＆から揚げ・みそ汁セット,teishoku,/static/media/food/teishoku.jpg
から好し,うな丼＆から揚げ・みそ汁セット,teishoku,/static/media/food/teishoku.jpg
から好し,うな丼【ダブル】から揚げ・みそ汁セット,unagi,/static/media/food/unagi.jpg
から好し,ジンギスカン風“北海道”ザンギ丼から揚げ・とん汁セット,teishoku,/static/media/food/teishoku.jpg
から好し,豚あいがけ親子丼から揚げ・とん汁セット,teishoku,/static/media/food/teishoku.jpg
から好し,親子丼＆から揚げ・とん汁セット,teishoku,/static/media/food/teishoku.jpg
から好し,から揚げ親子丼から揚げ・とん汁セット,teishoku,/static/media/food/teishoku.jpg
から好し,うなから丼＆から揚げ・とん汁セット,teishoku,/static/media/food/teishoku.jpg
から好し,うな丼＆から揚げ・とん汁セット,teishoku,/static/media/food/teishoku.jpg
から好し,うな丼【ダブル】から揚げ・とん汁セット,unagi,/static/media/food/unagi.jpg
から好し,豚あいがけ親子丼,donburi_rice,/static/media/food/donburi_rice.jpg
から好し,から揚げ親子丼,donburi_rice,/static/media/food/donburi_rice.jpg
から好し,親子丼,donburi_rice,/static/media/food/donburi_rice.jpg
から好し,うなから丼,donburi_rice,/static/media/food/donburi_rice.jpg
から好し,うな丼,unagi,/static/media/food/unagi.jpg
から好し,うな丼【ダブル】,unagi,/static/media/food/unagi.jpg
から好し,鶏つけ汁蕎麦定食（生卵・から揚げ付き）,teishoku,/static/media/food/teishoku.jpg
から好し,鶏つけ汁蕎麦,soba,/static/media/food/soba.jpg
から好し,鶏つけ汁蕎麦＆ミニ丼セット,teishoku,/static/media/food/teishoku.jpg
から好し,★蕎麦2倍★鶏つけ汁蕎麦,soba,/static/media/food/soba.jpg
から好し,★蕎麦2倍★鶏つけ汁蕎麦＆ミニ丼セット,teishoku,/static/media/food/teishoku.jpg
から好し,★蕎麦2倍★倍もり鶏つけ汁蕎麦定食（生卵・から揚げ付き）,teishoku,/static/media/food/teishoku.jpg
から好し,もり蕎麦＆ミニ丼セット,teishoku,/static/media/food/teishoku.jpg
から好し,もり蕎麦＆から揚げセット,teishoku,/static/media/food/teishoku.jpg
から好し,★蕎麦2倍★もり蕎麦＆ミニ丼セット,teishoku,/static/media/food/teishoku.jpg
から好し,★蕎麦2倍★もり蕎麦＆から揚げセット,teishoku,/static/media/food/teishoku.jpg
から好し,もり蕎麦,soba,/static/media/food/soba.jpg
から好し,★蕎麦2倍★もり蕎麦,soba,/static/media/food/soba.jpg
から好し,とりからチップス,,(tile)
から好し,秘伝のタレ手羽先から揚げ,karaage_chicken,/static/media/food/karaage_chicken.jpg
から好し,秘伝のスパイス手羽先から揚げ,karaage_chicken,/static/media/food/karaage_chicken.jpg
から好し,プレーン手羽先から揚げ,karaage_chicken,/static/media/food/karaage_chicken.jpg
から好し,大判から揚げ,karaage_chicken,/static/media/food/karaage_chicken.jpg
から好し,博多やまや明太マヨもも,,(tile)
から好し,ヤンニョムから揚げもも,karaage_chicken,/static/media/food/karaage_chicken.jpg
から好し,から揚げもも,karaage_chicken,/static/media/food/karaage_chicken.jpg
から好し,胡麻にんにくダレもも,,(tile)
から好し,甘とろダレもも,,(tile)
から好し,ハニーマスタードから揚げもも,karaage_chicken,/static/media/food/karaage_chicken.jpg
から好し,なんこつミックス,,(tile)
から好し,ポテトフライ,fry_seafood,/static/media/food/fry_seafood.jpg
から好し,ピリ辛わかめ,,(tile)
から好し,温泉卵,tamago_egg,/static/media/food/tamago_egg.jpg
から好し,千切りキャベツ,,(tile)
から好し,マヨネーズ、かけ放題！！！,,(tile)
から好し,明太マヨ,,(tile)
から好し,ハニーマスタードソース,,(tile)
から好し,ヤンニョムソース,karaage_chicken,/static/media/food/karaage_chicken.jpg
から好し,胡麻にんにくダレ＆甘とろダレ,,(tile)
から好し,タルタルソース,,(tile)
から好し,おろしポン酢,,(tile)
から好し,生卵,tamago_egg,/static/media/food/tamago_egg.jpg
から好し,ご飯,gohan_rice,
から好し,とん汁,soup_miso,/static/media/food/soup_miso.jpg
から好し,みそ汁,soup_miso,/static/media/food/soup_miso.jpg
から好し,ハイからセット,teishoku,/static/media/food/teishoku.jpg
から好し,レモンサワー＆から揚げセット,teishoku,/static/media/food/teishoku.jpg
から好し,すぐ出るセット選べるお酒＆ピリ辛わかめ,beer_alcohol,/static/media/food/beer_alcohol.jpg
から好し,ハイボール,whisky,/static/media/food/whisky.jpg
から好し,レモンサワー,chuhai,/static/media/food/chuhai.jpg
から好し,アサヒスーパードライ,,(tile)
から好し,★ハッピーアワー価格★ハイからセット,teishoku,/static/media/food/teishoku.jpg
から好し,★ハッピーアワー価格★レモンサワー＆から揚げセット,teishoku,/static/media/food/teishoku.jpg
から好し,★ハッピーアワー価格★すぐ出るセット選べるお酒＆ピリ辛わかめ,beer_alcohol,/static/media/food/beer_alcohol.jpg
から好し,★ハッピーアワー価格★ハイボール,whisky,/static/media/food/whisky.jpg
から好し,★ハッピーアワー価格★レモンサワー,chuhai,/static/media/food/chuhai.jpg
から好し,★ハッピーアワー価格★アサヒスーパードライ,,(tile)
から好し,ドライゼロ（缶）,,(tile)
から好し,コカ・コーラ(瓶),cola_drink,/static/media/food/cola_drink.jpg
から好し,お子様から揚げプレート,karaage_chicken,/static/media/food/karaage_chicken.jpg
から好し,から好しJｒ定食,teishoku,/static/media/food/teishoku.jpg
くら寿司,熟成びんちょうまぐろ,sushi_tuna,/static/media/food/sushi_tuna.jpg
くら寿司,ねぎまぐろ,sushi_tuna,/static/media/food/sushi_tuna.jpg
くら寿司,大盛り貝柱,sushi_platter,/static/media/food/sushi_platter.jpg
くら寿司,赤貝,sushi_platter,/static/media/food/sushi_platter.jpg
くら寿司,ゆず塩かつおたたき,tonkatsu_pork,/static/media/food/tonkatsu_pork.jpg
くら寿司,サーモン,sushi_salmon,/static/media/food/sushi_salmon.jpg
くら寿司,えび,sushi_shrimp,
くら寿司,生えび,sushi_shrimp,
くら寿司,活〆パンガシウス,,(tile)
くら寿司,ゆずかれい,,(tile)
くら寿司,ぶり塩麹,,(tile)
くら寿司,まぐろアボカドチーズ,cheese_plate,
くら寿司,サーモンアボカドチーズ,cheese_plate,
くら寿司,大葉松いか,sushi_platter,/static/media/food/sushi_platter.jpg
くら寿司,松いか,sushi_platter,/static/media/food/sushi_platter.jpg
くら寿司,いか,sushi_platter,/static/media/food/sushi_platter.jpg
くら寿司,国産 ほたるいか沖漬け,sushi_platter,/static/media/food/sushi_platter.jpg
くら寿司,煮穴子にぎり,sushi_platter,/static/media/food/sushi_platter.jpg
くら寿司,あなご,unagi,/static/media/food/unagi.jpg
くら寿司,なすうま煮,,(tile)
くら寿司,たまご焼き,tamago_egg,/static/media/food/tamago_egg.jpg
くら寿司,極旨カニカマ,,(tile)
くら寿司,燻製合鴨ロース,yakiniku_steak,/static/media/food/yakiniku_steak.jpg
くら寿司,ハンバーグ,yakiniku_steak,/static/media/food/yakiniku_steak.jpg
くら寿司,イベリコ豚の大とろ,sushi_tuna,/static/media/food/sushi_tuna.jpg
くら寿司,熟成まぐろ,sushi_tuna,/static/media/food/sushi_tuna.jpg
くら寿司,真いわし,,(tile)
くら寿司,甘えび,sushi_shrimp,
くら寿司,姿いか,sushi_platter,/static/media/food/sushi_platter.jpg
くら寿司,熟成漬けまぐろ,sushi_tuna,/static/media/food/sushi_tuna.jpg
くら寿司,ビントロ,,(tile)
くら寿司,はまち,,(tile)
くら寿司,オニオンサーモン,sushi_salmon,/static/media/food/sushi_salmon.jpg
くら寿司,えびアボカド,salad_green,
くら寿司,いか天にぎり,sushi_platter,/static/media/food/sushi_platter.jpg
くら寿司,台湾ルーローハン,,(tile)
くら寿司,あぶりえびマヨグラタン風,gratin,/static/media/food/gratin.jpg
くら寿司,あぶりチーズ豚カルビ,yakiniku_steak,/static/media/food/yakiniku_steak.jpg
くら寿司,あぶりえびチーズ,cheese_plate,
くら寿司,あぶりチーズサーモン,sushi_salmon,/static/media/food/sushi_salmon.jpg
くら寿司,えび天にぎり,sushi_platter,/static/media/food/sushi_platter.jpg
くら寿司,濃厚チェダーチーズ天にぎり,sushi_platter,/static/media/food/sushi_platter.jpg
くら寿司,大葉えんがわ（かれい）（関西）,,(tile)
くら寿司,えんがわ（かれい）（関西）,,(tile)
くら寿司,大葉えんがわ（かれい）（関東）,,(tile)
くら寿司,えんがわ（かれい）（関東）,,(tile)
くら寿司,大葉生たこ,sushi_platter,/static/media/food/sushi_platter.jpg
くら寿司,生たこ,sushi_platter,/static/media/food/sushi_platter.jpg
くら寿司,あじ,,(tile)
くら寿司,焼きはらす,,(tile)
くら寿司,とろサーモン,sushi_salmon,/static/media/food/sushi_salmon.jpg
くら寿司,真たこ,sushi_platter,/static/media/food/sushi_platter.jpg
くら寿司,つぶ貝,sushi_platter,/static/media/food/sushi_platter.jpg
くら寿司,北海道 サーモン,sushi_salmon,/static/media/food/sushi_salmon.jpg
くら寿司,肉厚 赤貝,sushi_platter,/static/media/food/sushi_platter.jpg
くら寿司,熟成 真鯛,,(tile)
くら寿司,アセロラぶりひら,,(tile)
くら寿司,伏黒と釘崎のザクザク生姜焼き,tonkatsu_pork,/static/media/food/tonkatsu_pork.jpg
くら寿司,大切りとろ〆さば（一貫）,,(tile)
くら寿司,超熟成 真鯛(一貫),,(tile)
くら寿司,超熟成 まぐろ（一貫）,sushi_tuna,/static/media/food/sushi_tuna.jpg
くら寿司,超熟成 まふぐ(一貫),,(tile)
くら寿司,熟成ふぐ（一貫）,,(tile)
くら寿司,大切り はまち(一貫),,(tile)
くら寿司,アトランティック 生サーモン（一貫）,sushi_salmon,/static/media/food/sushi_salmon.jpg
くら寿司,赤えび（一貫）,sushi_shrimp,
くら寿司,熟成中とろ（一貫）,sushi_tuna,/static/media/food/sushi_tuna.jpg
くら寿司,大粒貝柱（一貫）,sushi_platter,/static/media/food/sushi_platter.jpg
くら寿司,特大切りうなぎ（一貫）,unagi,/static/media/food/unagi.jpg
くら寿司,特大切り 活〆穴子（一貫）,unagi,/static/media/food/unagi.jpg
くら寿司,国産牛のロッシーニ風 黒トリュフソース(一貫),,(tile)
くら寿司,海鮮ユッケ,,(tile)
くら寿司,チャンジャ,,(tile)
くら寿司,たらマヨ,,(tile)
くら寿司,まぐたく,,(tile)
くら寿司,かずのこ軍艦,sushi_roll,/static/media/food/sushi_roll.jpg
くら寿司,旨だれまぐろ,sushi_tuna,/static/media/food/sushi_tuna.jpg
くら寿司,ふぐ皮ポン酢,,(tile)
くら寿司,いかおくら,sushi_platter,/static/media/food/sushi_platter.jpg
くら寿司,ほたてひもピリ辛わさび,sushi_platter,/static/media/food/sushi_platter.jpg
くら寿司,ねぎまぐろ軍艦,sushi_roll,/static/media/food/sushi_roll.jpg
くら寿司,コーン,,(tile)
くら寿司,照り焼きチキン,karaage_chicken,/static/media/food/karaage_chicken.jpg
くら寿司,納豆,natto,/static/media/food/natto.jpg
くら寿司,えびマヨ,sushi_shrimp,
くら寿司,サラダ,salad_green,
くら寿司,ツナサラダ,salad_green,
くら寿司,シーフードサラダ,salad_green,
くら寿司,まぐたく手巻（一貫）,sushi_roll,/static/media/food/sushi_roll.jpg
くら寿司,納豆一本巻,natto,/static/media/food/natto.jpg
くら寿司,明太きゅうり昆布巻,,(tile)
くら寿司,さばしそ昆布巻,,(tile)
くら寿司,きゅうり巻,,(tile)
くら寿司,しんこ巻,,(tile)
くら寿司,かんぴょう巻,,(tile)
くら寿司,いなり,,(tile)
くら寿司,牛すき焼き風軍艦,sushi_roll,/static/media/food/sushi_roll.jpg
くら寿司,ねぎまぐろ鉄火,sushi_tuna,/static/media/food/sushi_tuna.jpg
くら寿司,まぐろユッケ,sushi_tuna,/static/media/food/sushi_tuna.jpg
くら寿司,かにマヨ,,(tile)
くら寿司,かにみそ,,(tile)
くら寿司,うな玉,,(tile)
くら寿司,たこうに,sushi_platter,/static/media/food/sushi_platter.jpg
くら寿司,えび天手巻（一貫）,sushi_roll,/static/media/food/sushi_roll.jpg
くら寿司,鉄火巻,sushi_roll,/static/media/food/sushi_roll.jpg
くら寿司,濃厚うに（一貫）,,(tile)
くら寿司,かにユッケ,,(tile)
くら寿司,いくら,,(tile)
くら寿司,特上うな丼,unagi,/static/media/food/unagi.jpg
くら寿司,うな丼,unagi,/static/media/food/unagi.jpg
くら寿司,旬の海鮮丼 平日限定17時まで,sushi_platter,/static/media/food/sushi_platter.jpg
くら寿司,えび天と季節の天丼 平日限定17時まで,donburi_rice,/static/media/food/donburi_rice.jpg
くら寿司,ビッくらポン！Ⓡ厳選6貫セット,teishoku,/static/media/food/teishoku.jpg
くら寿司,7種の魚介 醤油らーめん（味玉有り）,ramen_shoyu,/static/media/food/ramen_shoyu.jpg
くら寿司,7種の魚介 醤油らーめん（味玉無し）,ramen_shoyu,/static/media/food/ramen_shoyu.jpg
くら寿司,7種の魚介 濃厚味噌らーめん（味玉有り）,ramen_shoyu,/static/media/food/ramen_shoyu.jpg
くら寿司,7種の魚介 濃厚味噌らーめん（味玉無し）,ramen_shoyu,/static/media/food/ramen_shoyu.jpg
くら寿司,胡麻香る担々麺,ramen_shoyu,/static/media/food/ramen_shoyu.jpg
くら寿司,虎杖の麻辣汁なし担々麺,ramen_shoyu,/static/media/food/ramen_shoyu.jpg
くら寿司,天然だしうどん,udon,/static/media/food/udon.jpg
くら寿司,きつねうどん,udon,/static/media/food/udon.jpg
くら寿司,えび天うどん,udon,/static/media/food/udon.jpg
くら寿司,【讃岐】特製たまご醤油うどん,udon,/static/media/food/udon.jpg
くら寿司,【讃岐】釜揚げうどん,udon,/static/media/food/udon.jpg
くら寿司,宮崎牛ごぼ天うどん,udon,/static/media/food/udon.jpg
くら寿司,純味噌汁,soup_miso,/static/media/food/soup_miso.jpg
くら寿司,純赤だし,,(tile)
くら寿司,あさり入り 味噌汁,soup_miso,/static/media/food/soup_miso.jpg
くら寿司,あさり入り 赤だし,,(tile)
くら寿司,あおさ入り 味噌汁,soup_miso,/static/media/food/soup_miso.jpg
くら寿司,あおさ入り 赤だし,,(tile)
くら寿司,くら出汁,,(tile)
くら寿司,熟成まぐろ(シャリなし),sushi_tuna,/static/media/food/sushi_tuna.jpg
くら寿司,サーモン(シャリなし),sushi_salmon,/static/media/food/sushi_salmon.jpg
くら寿司,ゆず塩かつおたたき(シャリなし),tonkatsu_pork,/static/media/food/tonkatsu_pork.jpg
くら寿司,特製茶碗蒸し,chawanmushi,/static/media/food/chawanmushi.jpg
くら寿司,トリュフクリーム茶碗蒸し,chawanmushi,/static/media/food/chawanmushi.jpg
くら寿司,チョフテ,,(tile)
くら寿司,ダウードバシャ,,(tile)
くら寿司,ボクスティ,,(tile)
くら寿司,ハンバーガー,burger_classic,/static/media/food/burger_classic.jpg
くら寿司,シャリ野菜 まぐろ,sushi_tuna,/static/media/food/sushi_tuna.jpg
くら寿司,シャリ野菜 サーモン,sushi_salmon,/static/media/food/sushi_salmon.jpg
くら寿司,沖縄もずく,,(tile)
くら寿司,【山形産ハーブ鶏使用】チキンサラダ,salad_green,
くら寿司,海藻サラダ,salad_green,
くら寿司,ゆず白菜,,(tile)
くら寿司,かぼちゃとさつまいものマリネ,,(tile)
くら寿司,優しいトマト,,(tile)
くら寿司,ブロッコリーサラダ（アンチョビマヨ）,salad_green,
くら寿司,玉ねぎの冷製スープ,soup_miso,/static/media/food/soup_miso.jpg
くら寿司,食前酢 りんご,,(tile)
くら寿司,豆乳ぷりん（いちごソース）,,(tile)
くら寿司,えびブロッコリーサラダ,salad_green,
くら寿司,くらポテト,french_fries,/static/media/food/french_fries.jpg
くら寿司,浜ちゃん愛しの酸辣湯ポテト,french_fries,/static/media/food/french_fries.jpg
くら寿司,ミニころチキン,karaage_chicken,/static/media/food/karaage_chicken.jpg
くら寿司,まぐろ竜田揚げ,karaage_chicken,/static/media/food/karaage_chicken.jpg
くら寿司,オニオンリング,onion_rings,/static/media/food/onion_rings.jpg
くら寿司,とうもろこしのかき揚げ,tempura,/static/media/food/tempura.jpg
くら寿司,明太揚げもち,,(tile)
くら寿司,なんこつ唐揚げ,karaage_chicken,/static/media/food/karaage_chicken.jpg
くら寿司,チキン南蛮,karaage_chicken,/static/media/food/karaage_chicken.jpg
くら寿司,スーパードライ(生),,(tile)
くら寿司,マルエフ(生),,(tile)
くら寿司,ノンアルコールビール,beer_alcohol,/static/media/food/beer_alcohol.jpg
くら寿司,冷酒無添蔵,sake_drink,/static/media/food/sake_drink.jpg
くら寿司,純米大吟醸 黄桜S,sake_drink,/static/media/food/sake_drink.jpg
くら寿司,ハイボール,whisky,/static/media/food/whisky.jpg
くら寿司,恋色ももタルト,cake_dessert,/static/media/food/cake_dessert.png
くら寿司,七海と五条のスウィート＆ビターティラミス,cake_dessert,/static/media/food/cake_dessert.png
くら寿司,ショコラドームケーキ,cake_dessert,/static/media/food/cake_dessert.png
くら寿司,ヨアボ,,(tile)
くら寿司,絞りたてシュークリーム,cake_dessert,/static/media/food/cake_dessert.png
くら寿司,バスクチーズケーキ,cake_dessert,/static/media/food/cake_dessert.png
くら寿司,感動のぷりん,,(tile)
くら寿司,ルカイマット,,(tile)
くら寿司,エッグタルト,cake_dessert,/static/media/food/cake_dessert.png
くら寿司,カットパイン,donut,/static/media/food/donut.jpg
くら寿司,完熟アップルマンゴー,,(tile)
くら寿司,ミルキーミルクレープ,crepe_sweet,/static/media/food/crepe_sweet.jpg
くら寿司,ミルクレープ,crepe_sweet,/static/media/food/crepe_sweet.jpg
くら寿司,チョコケーキ,cake_dessert,/static/media/food/cake_dessert.png
くら寿司,チーズケーキ,cake_dessert,/static/media/food/cake_dessert.png
くら寿司,プリンタルト,cake_dessert,/static/media/food/cake_dessert.png
くら寿司,昔ながらの塩豆大福,dorayaki,/static/media/food/dorayaki.jpg
くら寿司,大学芋スティック,,(tile)
くら寿司,京わらびもち,,(tile)
くら寿司,くらだんご みたらし,,(tile)
くら寿司,くらだんご あんこ,,(tile)
くら寿司,リッチミルクアイス,icecream_parfait,/static/media/food/icecream_parfait.jpg
くら寿司,チョコアイス,icecream_parfait,/static/media/food/icecream_parfait.jpg
くら寿司,巨峰シャーベット,icecream_parfait,/static/media/food/icecream_parfait.jpg
くら寿司,夢のべジふわ雪® いちご＆トマト,,(tile)
くら寿司,夢のべジふわ雪® オレンジ＆キャロット,,(tile)
くら寿司,夢のべジふわ雪® グリーンスムージー,smoothie,/static/media/food/smoothie.jpg
くら寿司,夢のふわ雪® 豊潤いちご,,(tile)
くら寿司,シャインマスカット・いちごグミ,,(tile)
くら寿司,ぶどう・みかんグミ,,(tile)
くら寿司,豆乳生まれのカルピス®,,(tile)
くら寿司,【無添】コーラ,cola_drink,/static/media/food/cola_drink.jpg
くら寿司,ぶどうサイダー,,(tile)
くら寿司,オレンジ,,(tile)
くら寿司,りんご,,(tile)
くら寿司,宇治抹茶入り緑茶,green_tea,/static/media/food/green_tea.jpg
くら寿司,乳酸菌ウォーター,,(tile)
くら寿司,プレミアホット珈琲,coffee,/static/media/food/coffee.jpg
くら寿司,プレミアアイス珈琲,coffee,/static/media/food/coffee.jpg
くら寿司,プレミアホットラテ,coffee,/static/media/food/coffee.jpg
くら寿司,プレミアアイスラテ,coffee,/static/media/food/coffee.jpg
しゃぶ葉,牛たん＆国産牛 しゃぶしゃぶ食べ放題コース,shabu,/static/media/food/shabu.jpg
しゃぶ葉,牛たん食べ放題コース,,(tile)
しゃぶ葉,国産牛 しゃぶしゃぶ食べ放題コース,shabu,/static/media/food/shabu.jpg
しゃぶ葉,赤城山麓豚＆牛みすじ しゃぶしゃぶ食べ放題コース,shabu,/static/media/food/shabu.jpg
しゃぶ葉,牛＆豚 しゃぶしゃぶ食べ放題コース,shabu,/static/media/food/shabu.jpg
しゃぶ葉,豚2種 しゃぶしゃぶ食べ放題コース,shabu,/static/media/food/shabu.jpg
しゃぶ葉,豚ロース しゃぶしゃぶ食べ放題コース,yakiniku_steak,/static/media/food/yakiniku_steak.jpg
しゃぶ葉,ラッキードリンクバー,,(tile)
しゃぶ葉,お替わり自由！ドリンクバー,,(tile)
しゃぶ葉,アサヒスーパードライ［中ジョッキ］,,(tile)
しゃぶ葉,アサヒドライゼロ［ノンアルコールビール］,beer_alcohol,/static/media/food/beer_alcohol.jpg
しゃぶ葉,ハイボール,whisky,/static/media/food/whisky.jpg
しゃぶ葉,ワイン［グラス］,wine_drink,/static/media/food/wine_drink.jpg
しゃぶ葉,焼酎,shochu,/static/media/food/shochu.jpg
しゃぶ葉,日本酒,sake_drink,/static/media/food/sake_drink.jpg
しゃぶ葉,梅酒,beer_alcohol,/static/media/food/beer_alcohol.jpg
しゃぶ葉,チューハイ,chuhai,/static/media/food/chuhai.jpg
しゃぶ葉,アルコール飲み放題［ハッピーアワー］,,(tile)
しゃぶ葉,アルコール飲み放題,,(tile)
しゃぶ葉,【店舗限定】豚３皿＆お野菜食べ放題しゃぶしゃぶセット,teishoku,/static/media/food/teishoku.jpg
しゃぶ葉,【店舗限定】豚ロース食べ放題しゃぶしゃぶランチ,teishoku,/static/media/food/teishoku.jpg
しゃぶ葉,【店舗限定】豚2種食べ放題しゃぶしゃぶランチ,teishoku,/static/media/food/teishoku.jpg
しゃぶ葉,【店舗限定】厳選肉2皿限定しゃぶしゃぶランチ,teishoku,/static/media/food/teishoku.jpg
しゃぶ葉,【店舗限定】豚2皿限定しゃぶしゃぶランチ,teishoku,/static/media/food/teishoku.jpg
すき家,牛丼,gyudon_beef,/static/media/food/gyudon_beef.jpg
すき家,高菜明太マヨ牛丼,gyudon_beef,/static/media/food/gyudon_beef.jpg
すき家,ねぎ玉牛丼,gyudon_beef,/static/media/food/gyudon_beef.jpg
すき家,キムチ牛丼,gyudon_beef,/static/media/food/gyudon_beef.jpg
すき家,牛丼ライト,gyudon_beef,/static/media/food/gyudon_beef.jpg
すき家,わさび山かけ牛丼,gyudon_beef,/static/media/food/gyudon_beef.jpg
すき家,かつぶしオクラ牛丼,gyudon_beef,/static/media/food/gyudon_beef.jpg
すき家,キムチ牛丼ライト,gyudon_beef,/static/media/food/gyudon_beef.jpg
すき家,ねぎ玉牛丼ライト,gyudon_beef,/static/media/food/gyudon_beef.jpg
すき家,とろ〜り３種のチーズ牛丼ライト,gyudon_beef,/static/media/food/gyudon_beef.jpg
すき家,高菜明太マヨ牛丼ライト,gyudon_beef,/static/media/food/gyudon_beef.jpg
すき家,わさび山かけ牛丼ライト,gyudon_beef,/static/media/food/gyudon_beef.jpg
すき家,かつぶしオクラ牛丼ライト,gyudon_beef,/static/media/food/gyudon_beef.jpg
すき家,生姜めかぶオクラ牛丼,gyudon_beef,/static/media/food/gyudon_beef.jpg
すき家,山かけめかぶオクラ牛丼,gyudon_beef,/static/media/food/gyudon_beef.jpg
すき家,おんたまビビンバ牛丼,gyudon_beef,/static/media/food/gyudon_beef.jpg
すき家,おんたま黒ビビンバ牛丼,gyudon_beef,/static/media/food/gyudon_beef.jpg
すき家,山かけまぐろたたき丼,donburi_rice,/static/media/food/donburi_rice.jpg
すき家,旨だしとりそぼろ丼,donburi_rice,/static/media/food/donburi_rice.jpg
すき家,まぐろユッケ丼,donburi_rice,/static/media/food/donburi_rice.jpg
すき家,まぐろたたき丼,donburi_rice,/static/media/food/donburi_rice.jpg
すき家,明太マヨ旨だしとりそぼろ丼,donburi_rice,/static/media/food/donburi_rice.jpg
すき家,オクラ旨だしとりそぼろ丼,donburi_rice,/static/media/food/donburi_rice.jpg
すき家,カレー,curry_rice,/static/media/food/curry_rice.jpg
すき家,おんたまカレー,curry_rice,/static/media/food/curry_rice.jpg
すき家,とろ〜りチーズカレー,curry_rice,/static/media/food/curry_rice.jpg
すき家,牛カレー,curry_rice,/static/media/food/curry_rice.jpg
すき家,おんたま,,(tile)
すき家,肉2倍牛カレー,curry_rice,/static/media/food/curry_rice.jpg
すき家,チーズ牛カレー,curry_rice,/static/media/food/curry_rice.jpg
すき家,チーズおんたまカレー,curry_rice,/static/media/food/curry_rice.jpg
すき家,チーズソーセージカレー,curry_rice,/static/media/food/curry_rice.jpg
すき家,チーズほうれん草カレー,curry_rice,/static/media/food/curry_rice.jpg
すき家,ビーフカレー,curry_rice,/static/media/food/curry_rice.jpg
すき家,目玉焼き牛カレー,curry_rice,/static/media/food/curry_rice.jpg
すき家,目玉焼きほうれん草カレー,curry_rice,/static/media/food/curry_rice.jpg
すき家,目玉焼きソーセージカレー,curry_rice,/static/media/food/curry_rice.jpg
すき家,牛皿定食,teishoku,/static/media/food/teishoku.jpg
すき家,焼鮭定食,teishoku,/static/media/food/teishoku.jpg
すき家,納豆定食,teishoku,/static/media/food/teishoku.jpg
すき家,焼鮭・納豆定食,teishoku,/static/media/food/teishoku.jpg
すき家,山かけ牛皿定食,teishoku,/static/media/food/teishoku.jpg
すき家,塩さば定食,teishoku,/static/media/food/teishoku.jpg
すき家,塩さば・納豆定食,teishoku,/static/media/food/teishoku.jpg
すき家,おろしポン酢牛皿定食,teishoku,/static/media/food/teishoku.jpg
すき家,キムチ,kimchi,/static/media/food/kimchi.jpg
すき家,かつぶしオクラ,tonkatsu_pork,/static/media/food/tonkatsu_pork.jpg
すき家,オクラサラダ,salad_green,
すき家,特うな牛皿,gyudon_beef,/static/media/food/gyudon_beef.jpg
すき家,牛カルビ焼肉皿,yakiniku_steak,/static/media/food/yakiniku_steak.jpg
すき家,チョレギサラダ,salad_green,
すき家,牛まぜのっけ朝食,,(tile)
すき家,たまかけ朝食,,(tile)
すき家,自社製ベーコンエッグ朝食,bacon_dish,
すき家,納豆ベーコンエッグ朝食,bacon_dish,
すき家,塩さばまぜのっけ朝食,,(tile)
すき家,塩さばたまかけ朝食,,(tile)
すき家,牛焼鮭朝食,sushi_salmon,/static/media/food/sushi_salmon.jpg
すき家,牛塩さば朝食,,(tile)
すき家,焼鮭朝食,sushi_salmon,/static/media/food/sushi_salmon.jpg
すき家,塩さば朝食,,(tile)
すき家,納豆焼鮭朝食,sushi_salmon,/static/media/food/sushi_salmon.jpg
すき家,納豆塩さば朝食,natto,/static/media/food/natto.jpg
すしの銚子丸,菖蒲（しょうぶ）,,(tile)
すしの銚子丸,山吹（やまぶき）,,(tile)
すしの銚子丸,竜胆（りんどう）,,(tile)
すしの銚子丸,撫子（なでしこ）,,(tile)
すしの銚子丸,睡蓮（すいれん）,,(tile)
すしの銚子丸,鈴蘭（すずらん）,,(tile)
すしの銚子丸,椛（もみじ）,,(tile)
すしの銚子丸,楓（かえで）,,(tile)
すしの銚子丸,秋桜（こすもす）,,(tile)
すしの銚子丸,朝顔（あさがお）,,(tile)
すしの銚子丸,露草（つゆくさ）,,(tile)
すしの銚子丸,おこさまセット,teishoku,/static/media/food/teishoku.jpg
すしの銚子丸,番屋ちらし,sushi_platter,/static/media/food/sushi_platter.jpg
すしの銚子丸,まぐろにぎわい丼,donburi_rice,/static/media/food/donburi_rice.jpg
すしの銚子丸,ねぎとろしらす丼,donburi_rice,/static/media/food/donburi_rice.jpg
すしの銚子丸,とろ〆さば棒寿司,sushi_platter,/static/media/food/sushi_platter.jpg
すしの銚子丸,海鮮太巻,,(tile)
すしの銚子丸,助六,,(tile)
すしの銚子丸,銚子丸名物 穴子一本付け,unagi,/static/media/food/unagi.jpg
すしの銚子丸,特製プリン,pudding,
すしの銚子丸,エスプレッソゼリー,coffee,/static/media/food/coffee.jpg
すしの銚子丸,銚子丸アイス,icecream_parfait,/static/media/food/icecream_parfait.jpg
すしの銚子丸,カスタードバニラアイスクリーム,icecream_parfait,/static/media/food/icecream_parfait.jpg
すしの銚子丸,まぐろ,sushi_tuna,/static/media/food/sushi_tuna.jpg
すしの銚子丸,びんちょうまぐろ,sushi_tuna,/static/media/food/sushi_tuna.jpg
すしの銚子丸,中とろ,sushi_tuna,/static/media/food/sushi_tuna.jpg
すしの銚子丸,上赤身,sushi_tuna,/static/media/food/sushi_tuna.jpg
すしの銚子丸,大とろ,sushi_tuna,/static/media/food/sushi_tuna.jpg
すしの銚子丸,漬け上赤身,sushi_tuna,/static/media/food/sushi_tuna.jpg
すしの銚子丸,中とろ照り焼き炙り,sushi_tuna,/static/media/food/sushi_tuna.jpg
すしの銚子丸,まぐろ3カン,sushi_tuna,/static/media/food/sushi_tuna.jpg
すしの銚子丸,オーロラサーモン,sushi_salmon,/static/media/food/sushi_salmon.jpg
すしの銚子丸,オーロラサーモン大とろ,sushi_tuna,/static/media/food/sushi_tuna.jpg
すしの銚子丸,漬けオーロラサーモン,sushi_salmon,/static/media/food/sushi_salmon.jpg
すしの銚子丸,オーロラサーモンマヨネーズ,sushi_salmon,/static/media/food/sushi_salmon.jpg
すしの銚子丸,オーロラサーモン柚子みそ炙り,sushi_salmon,/static/media/food/sushi_salmon.jpg
すしの銚子丸,オーロラサーモン炙り,sushi_salmon,/static/media/food/sushi_salmon.jpg
すしの銚子丸,とろサーモン炙り,sushi_salmon,/static/media/food/sushi_salmon.jpg
すしの銚子丸,海老,sushi_shrimp,
すしの銚子丸,生海老,sushi_shrimp,
すしの銚子丸,赤海老,sushi_shrimp,
すしの銚子丸,海老マヨネーズ,sushi_shrimp,
すしの銚子丸,海老フライにぎり,sushi_platter,/static/media/food/sushi_platter.jpg
すしの銚子丸,ずわいがに1カン,,(tile)
すしの銚子丸,海老3カン,sushi_shrimp,
すしの銚子丸,いか,sushi_platter,/static/media/food/sushi_platter.jpg
すしの銚子丸,こういか,sushi_platter,/static/media/food/sushi_platter.jpg
すしの銚子丸,いか塩レモン仕立て,sushi_platter,/static/media/food/sushi_platter.jpg
すしの銚子丸,げそたれ,,(tile)
すしの銚子丸,えんがわ,,(tile)
すしの銚子丸,えんがわ炙り,,(tile)
すしの銚子丸,えんがわ柚子みそ炙り,,(tile)
すしの銚子丸,活〆みやび鯛,,(tile)
すしの銚子丸,漬けみやび鯛,,(tile)
すしの銚子丸,生真だこ,,(tile)
すしの銚子丸,生真だこ炙り,,(tile)
すしの銚子丸,赤貝,sushi_platter,/static/media/food/sushi_platter.jpg
すしの銚子丸,つぶ貝,sushi_platter,/static/media/food/sushi_platter.jpg
すしの銚子丸,つぶ貝醤油炙り,sushi_platter,/static/media/food/sushi_platter.jpg
すしの銚子丸,たいら貝,sushi_platter,/static/media/food/sushi_platter.jpg
すしの銚子丸,貝3カン,sushi_platter,/static/media/food/sushi_platter.jpg
すしの銚子丸,煮穴子,unagi,/static/media/food/unagi.jpg
すしの銚子丸,穴子塩炙り,unagi,/static/media/food/unagi.jpg
すしの銚子丸,極うなぎ,unagi,/static/media/food/unagi.jpg
すしの銚子丸,小肌,,(tile)
すしの銚子丸,とろ〆さば,,(tile)
すしの銚子丸,とろ〆さば炙り,,(tile)
すしの銚子丸,背黒いわし酢〆,,(tile)
すしの銚子丸,いわしフライにぎり,sushi_platter,/static/media/food/sushi_platter.jpg
すしの銚子丸,漬け3カン,,(tile)
すしの銚子丸,塩炙り3カン,,(tile)
すしの銚子丸,人気軍艦3カン,sushi_roll,/static/media/food/sushi_roll.jpg
すしの銚子丸,キッズ軍艦3カン,sushi_roll,/static/media/food/sushi_roll.jpg
すしの銚子丸,ねぎとろネバネバ軍艦3カン,sushi_roll,/static/media/food/sushi_roll.jpg
すしの銚子丸,軍艦6カン,sushi_roll,/static/media/food/sushi_roll.jpg
すしの銚子丸,キッズ5カンにぎり,sushi_platter,/static/media/food/sushi_platter.jpg
すしの銚子丸,揚げなすにぎり,sushi_platter,/static/media/food/sushi_platter.jpg
すしの銚子丸,オクラだし漬けにぎり,sushi_platter,/static/media/food/sushi_platter.jpg
すしの銚子丸,えのきだし漬けにぎり,sushi_platter,/static/media/food/sushi_platter.jpg
すしの銚子丸,ハンバーグ1カン,yakiniku_steak,/static/media/food/yakiniku_steak.jpg
すしの銚子丸,にぎり玉子,tamago_egg,/static/media/food/tamago_egg.jpg
すしの銚子丸,いなり～刻みかんぴょう入り～,,(tile)
すしの銚子丸,鉄火細巻,,(tile)
すしの銚子丸,とろたく細巻,,(tile)
すしの銚子丸,茎わさびとろ鉄火細巻,,(tile)
すしの銚子丸,茎わさびかんぴょう細巻,,(tile)
すしの銚子丸,かんぴょう細巻,,(tile)
すしの銚子丸,梅きゅうり細巻,,(tile)
すしの銚子丸,かっぱ細巻,,(tile)
すしの銚子丸,紀州南高梅しそ細巻,,(tile)
すしの銚子丸,つぼたく細巻,,(tile)
すしの銚子丸,納豆細巻,natto,/static/media/food/natto.jpg
すしの銚子丸,海老フライ中巻,fry_seafood,/static/media/food/fry_seafood.jpg
すしの銚子丸,いくら軍艦,sushi_roll,/static/media/food/sushi_roll.jpg
すしの銚子丸,ねぎとろ軍艦,sushi_roll,/static/media/food/sushi_roll.jpg
すしの銚子丸,釜揚げしらす軍艦,sushi_roll,/static/media/food/sushi_roll.jpg
すしの銚子丸,かに風味かまぼこサラダ軍艦,sushi_roll,/static/media/food/sushi_roll.jpg
すしの銚子丸,ツナサラダ軍艦,sushi_roll,/static/media/food/sushi_roll.jpg
すしの銚子丸,とびっこ軍艦,sushi_roll,/static/media/food/sushi_roll.jpg
すしの銚子丸,かにみそ軍艦,sushi_roll,/static/media/food/sushi_roll.jpg
すしの銚子丸,納豆軍艦,sushi_roll,/static/media/food/sushi_roll.jpg
すしの銚子丸,生のり軍艦,sushi_roll,/static/media/food/sushi_roll.jpg
すしの銚子丸,豚タン炭火焼き軍艦,sushi_roll,/static/media/food/sushi_roll.jpg
すしの銚子丸,たこキムチ軍艦,sushi_roll,/static/media/food/sushi_roll.jpg
すしの銚子丸,ねぎとろやまかけ軍艦,sushi_roll,/static/media/food/sushi_roll.jpg
すしの銚子丸,ねぎとろ納豆軍艦,sushi_roll,/static/media/food/sushi_roll.jpg
すしの銚子丸,ねぎとろオクラ軍艦,sushi_roll,/static/media/food/sushi_roll.jpg
すしの銚子丸,ポテトフライ,fry_seafood,/static/media/food/fry_seafood.jpg
すしの銚子丸,とりからポテト,french_fries,/static/media/food/french_fries.jpg
すしの銚子丸,とりから揚げ（４個）,karaage_chicken,/static/media/food/karaage_chicken.jpg
すしの銚子丸,つまみ玉子,tamago_egg,/static/media/food/tamago_egg.jpg
すしの銚子丸,海老カツ,burger_fish_shrimp,
すしの銚子丸,いわしフライ,fry_seafood,/static/media/food/fry_seafood.jpg
すしの銚子丸,目光から揚げ,karaage_chicken,/static/media/food/karaage_chicken.jpg
すし松,夏のごちそう５貫盛り,,(tile)
すし松,夏の３貫盛り,,(tile)
すし松,炙りうなぎさんしょう添え(1貫),unagi,/static/media/food/unagi.jpg
すし松,アジ炙り岩塩ゴマ油(1貫),,(tile)
すし松,活〆カンパチすだちのせ(1貫),,(tile)
すし松,夏の２点盛り,,(tile)
すし松,アオリイカ(1貫),,(tile)
すし松,アオリイカゆず岩塩のせ(1貫),,(tile)
すし松,イサキ（1貫）,,(tile)
すし松,イサキ梅しそ（1貫）,,(tile)
すし松,濃厚！紅鮭いくらの包み寿司,sushi_platter,/static/media/food/sushi_platter.jpg
すし松,濃厚！紅鮭いくらとサーモンの包み寿司,sushi_platter,/static/media/food/sushi_platter.jpg
すし松,濃厚！紅鮭いくらとホタテの包み寿司,sushi_platter,/static/media/food/sushi_platter.jpg
すし松,濃厚！紅鮭いくらと生うにの包み寿司,sushi_platter,/static/media/food/sushi_platter.jpg
すし松,日向夏レアチーズケーキ,cake_dessert,/static/media/food/cake_dessert.png
すし松,瀬戸内レモンモンブラン,,(tile)
すし松,日向夏レアチーズケーキ＆バニラアイスセット,teishoku,/static/media/food/teishoku.jpg
すし松,瀬戸内レモンのモンブラン＆バニラアイスセット,teishoku,/static/media/food/teishoku.jpg
すし松,GINON無糖レモンサワー,chuhai,/static/media/food/chuhai.jpg
すし松,GINON無糖グレープフルーツサワー,chuhai,/static/media/food/chuhai.jpg
すし松,巨峰サワー,chuhai,/static/media/food/chuhai.jpg
すし松,青りんごサワー,chuhai,/static/media/food/chuhai.jpg
すし松,ハイボール,whisky,/static/media/food/whisky.jpg
すし松,ジンジャーハイボール,whisky,/static/media/food/whisky.jpg
すし松,コークハイボール,whisky,/static/media/food/whisky.jpg
すし松,プレーン酎ハイ,chuhai,/static/media/food/chuhai.jpg
すし松,レモンサワー,chuhai,/static/media/food/chuhai.jpg
すし松,カルピスサワー,chuhai,/static/media/food/chuhai.jpg
すし松,ウーロンハイ,chuhai,/static/media/food/chuhai.jpg
すし松,緑茶ハイ,chuhai,/static/media/food/chuhai.jpg
すし松,梅酒,beer_alcohol,/static/media/food/beer_alcohol.jpg
すし松,コカ・コーラ,cola_drink,/static/media/food/cola_drink.jpg
すし松,ジンジャーエール,cola_drink,/static/media/food/cola_drink.jpg
すし松,カルピスソーダ,juice_beverage,/static/media/food/juice_beverage.jpg
すし松,カルピス,,(tile)
すし松,煌 ウーロン茶,oolong_tea,
すし松,綾鷹 緑茶,green_tea,/static/media/food/green_tea.jpg
すし松,まぐろ（1貫）,sushi_tuna,/static/media/food/sushi_tuna.jpg
すし松,玉子（1貫）,tamago_egg,/static/media/food/tamago_egg.jpg
すし松,いなり（1貫）,,(tile)
すし松,ビントロ（1貫）,,(tile)
すし松,焼きサーモン（1貫）,sushi_salmon,/static/media/food/sushi_salmon.jpg
すし松,ヤリイカ（1貫）,,(tile)
すし松,島寿司風漬けまぐろ(１貫),sushi_tuna,/static/media/food/sushi_tuna.jpg
すし松,生ゲソ（1貫）,,(tile)
すし松,真ダコ(１貫）,,(tile)
すし松,エビ（1貫）,sushi_shrimp,
すし松,ボイルゲソ（1貫）,,(tile)
すし松,えんがわ（1貫）,,(tile)
すし松,石垣貝（1貫）,sushi_platter,/static/media/food/sushi_platter.jpg
すし松,〆サバ（1貫）,,(tile)
すし松,本鮪上赤身（1貫）,sushi_tuna,/static/media/food/sushi_tuna.jpg
すし松,サーモン（1貫）,sushi_salmon,/static/media/food/sushi_salmon.jpg
すし松,紋甲イカ（1貫）,,(tile)
すし松,アジ（1貫）,,(tile)
すし松,炙りうなぎ（1貫）,unagi,/static/media/food/unagi.jpg
すし松,島寿司風漬けサーモン(１貫),sushi_salmon,/static/media/food/sushi_salmon.jpg
すし松,本鮪中トロ（1貫）,sushi_tuna,/static/media/food/sushi_tuna.jpg
すし松,活〆ブリ(1貫),,(tile)
すし松,活〆真鯛（1貫）,,(tile)
すし松,平目（1貫）,,(tile)
すし松,イワシ（1貫）,,(tile)
すし松,甘エビ（1貫）,sushi_shrimp,
すし松,紅ズワイガニ（1貫）,,(tile)
すし松,本鮪中落ち（1貫）,sushi_tuna,/static/media/food/sushi_tuna.jpg
すし松,ツブ貝（1貫）,sushi_platter,/static/media/food/sushi_platter.jpg
すし松,ホタテ（1貫）,sushi_platter,/static/media/food/sushi_platter.jpg
すし松,本鮪炙りトロ（1貫）,sushi_tuna,/static/media/food/sushi_tuna.jpg
すし松,芽ネギ（1貫）,,(tile)
すし松,オニオンサーモン（1貫）,sushi_salmon,/static/media/food/sushi_salmon.jpg
すし松,数の子（1貫）,,(tile)
すし松,上赤エビ（1貫）,sushi_shrimp,
すし松,島寿司風漬け活〆ブリ(１貫),sushi_platter,/static/media/food/sushi_platter.jpg
すし松,活〆炙り穴子（1貫）,unagi,/static/media/food/unagi.jpg
すし松,活〆カンパチ（1貫）,,(tile)
すし松,炙りホタテ（1貫）,sushi_platter,/static/media/food/sushi_platter.jpg
すし松,幸エビ（1貫）,sushi_shrimp,
すし松,島寿司風漬けカンパチ(１貫),sushi_platter,/static/media/food/sushi_platter.jpg
すし松,本鮪大トロ（1貫）,sushi_tuna,/static/media/food/sushi_tuna.jpg
すし松,特大赤エビ（1貫）,sushi_shrimp,
すし松,大エビ（1貫）,sushi_shrimp,
すし松,生赤貝（1貫）,sushi_platter,/static/media/food/sushi_platter.jpg
すし松,あわび握り（2貫）,sushi_platter,/static/media/food/sushi_platter.jpg
すし松,生ツブ貝（1貫）,sushi_platter,/static/media/food/sushi_platter.jpg
すし松,本ズワイガニ（1貫）,,(tile)
すし松,活〆穴子1本握り,sushi_platter,/static/media/food/sushi_platter.jpg
すし松,キムチ納豆軍艦（1貫）,sushi_roll,/static/media/food/sushi_roll.jpg
すし松,マヨコーン軍艦（1貫）,sushi_roll,/static/media/food/sushi_roll.jpg
すし松,ツナマヨコーン軍艦（1貫）,sushi_roll,/static/media/food/sushi_roll.jpg
すし松,カニサラダ軍艦（1貫）,sushi_roll,/static/media/food/sushi_roll.jpg
すし松,サーモンクリームチーズ軍艦（1貫）,sushi_roll,/static/media/food/sushi_roll.jpg
すし松,ホッキ貝サラダ軍艦（1貫）,sushi_roll,/static/media/food/sushi_roll.jpg
すし松,白身切り落とし軍艦（1貫）,sushi_roll,/static/media/food/sushi_roll.jpg
すし松,ツナサラダ軍艦（1貫）,sushi_roll,/static/media/food/sushi_roll.jpg
すし松,青しそ納豆軍艦（1貫）,sushi_roll,/static/media/food/sushi_roll.jpg
すし松,赤貝紐軍艦（1貫）,sushi_roll,/static/media/food/sushi_roll.jpg
すし松,カニ味噌軍艦（1貫）,sushi_roll,/static/media/food/sushi_roll.jpg
すし松,白魚軍艦（1貫）,sushi_roll,/static/media/food/sushi_roll.jpg
すし松,いくら軍艦（1貫）,sushi_roll,/static/media/food/sushi_roll.jpg
すし松,天然南まぐろのネギトロ軍艦,sushi_roll,/static/media/food/sushi_roll.jpg
すし松,生うに軍艦（1貫）,sushi_roll,/static/media/food/sushi_roll.jpg
すし松,かっぱ巻き（1本）,sushi_roll,/static/media/food/sushi_roll.jpg
すし松,納豆巻き（1本）,sushi_roll,/static/media/food/sushi_roll.jpg
すし松,お新香巻き（1本）,sushi_roll,/static/media/food/sushi_roll.jpg
すし松,梅しそカッパ巻き,sushi_roll,/static/media/food/sushi_roll.jpg
すし松,鉄火巻き（1本）,sushi_roll,/static/media/food/sushi_roll.jpg
すし松,天然南まぐろのネギトロ巻き,sushi_roll,/static/media/food/sushi_roll.jpg
すし松,天然南まぐろのトロたく巻き,sushi_roll,/static/media/food/sushi_roll.jpg
すし松,本鮪トロ鉄火巻き（1本）,sushi_roll,/static/media/food/sushi_roll.jpg
すし松,日替わり白身３貫盛り,,(tile)
すし松,本日おすすめ三貫盛り,,(tile)
すし松,光物３貫盛り,,(tile)
すし松,北海3貫盛り,,(tile)
すし松,エビの３貫盛り,sushi_shrimp,
すし松,本鮪3貫盛り,sushi_tuna,/static/media/food/sushi_tuna.jpg
すし松,カニ3貫盛り,,(tile)
すし松,島寿司風漬け寿司３貫盛り,sushi_platter,/static/media/food/sushi_platter.jpg
すし松,日替り五貫盛,,(tile)
すし松,まぐろ五貫盛,sushi_tuna,/static/media/food/sushi_tuna.jpg
すし松,北海五貫盛,,(tile)
すし松,特上五貫盛,,(tile)
すし松,本鮪づくし,sushi_tuna,/static/media/food/sushi_tuna.jpg
すし松,店長おすすめセット,teishoku,/static/media/food/teishoku.jpg
すし松,特上握り御膳,teishoku,/static/media/food/teishoku.jpg
すし松,本鮪と炙り物セット,teishoku,/static/media/food/teishoku.jpg
すし松,お子様にぎりセット,teishoku,/static/media/food/teishoku.jpg
すし松,お子様うどんセット,teishoku,/static/media/food/teishoku.jpg
すし松,北海五貫盛り,,(tile)
すし松,本鮪四貫盛,sushi_tuna,/static/media/food/sushi_tuna.jpg
すし松,《高学年向け》お子様５貫盛り選べるドリンクセット(ガチャコイン付き),teishoku,/static/media/food/teishoku.jpg
すし松,《低学年向け》お子様にぎりセット(ガチャコイン付き),teishoku,/static/media/food/teishoku.jpg
すし松,盛り丼！まぐろビントロちらし弁当,bento,/static/media/food/bento.jpg
すし松,盛り丼！まぐろ紋甲イカちらし弁当,bento,/static/media/food/bento.jpg
すし松,盛り丼！サーモン三昧ちらし弁当,bento,/static/media/food/bento.jpg
すし松,盛り丼！特上海鮮ちらし弁当,bento,/static/media/food/bento.jpg
すし松,日替り海鮮丼弁当,bento,/static/media/food/bento.jpg
すし松,本鮪中トロ入りまぐろ丼弁当,bento,/static/media/food/bento.jpg
すし松,いくら親子丼弁当,bento,/static/media/food/bento.jpg
すし松,紅白セット弁当１人前　８貫,bento,/static/media/food/bento.jpg
すし松,紅白セット弁当２人前　１６貫,bento,/static/media/food/bento.jpg
すし松,紅白セット弁当３人前　２４貫,bento,/static/media/food/bento.jpg
すし松,サーモン三昧セット弁当１人前　８貫,bento,/static/media/food/bento.jpg
すし松,サーモン三昧セット弁当２人前　１６貫,bento,/static/media/food/bento.jpg
すし松,サーモン三昧セット弁当３人前　２４貫,bento,/static/media/food/bento.jpg
すし松,握り弁当（定番）１人前　９貫,bento,/static/media/food/bento.jpg
すし松,握り弁当(定番)２人前　１８貫,bento,/static/media/food/bento.jpg
すし松,握り弁当(定番)３人前　２７貫,bento,/static/media/food/bento.jpg
すし松,握り弁当（並）１人前　９貫,bento,/static/media/food/bento.jpg
すし松,握り弁当(並)２人前　１８貫,bento,/static/media/food/bento.jpg
すし松,握り弁当(並)３人前　２７貫,bento,/static/media/food/bento.jpg
すし松,握り弁当（上）１人前　９貫,bento,/static/media/food/bento.jpg
すし松,握り弁当(上)２人前　１８貫,bento,/static/media/food/bento.jpg
すし松,握り弁当(上)３人前　２７貫,bento,/static/media/food/bento.jpg
すし松,握り弁当（特上）１人前　９貫,bento,/static/media/food/bento.jpg
すし松,握り弁当(特上)２人前　１８貫,bento,/static/media/food/bento.jpg
すし松,握り弁当(特上)３人前　２７貫,bento,/static/media/food/bento.jpg
すし松,特上本鮪づくし弁当１人前　８貫+巻物１本,bento,/static/media/food/bento.jpg
すし松,特上本鮪づくし弁当２人前　１６貫+巻物２本,bento,/static/media/food/bento.jpg
すし松,特上本鮪づくし弁当３人前　２４貫+巻物３本,bento,/static/media/food/bento.jpg
すし松,ファミリーセット（梅）３人前,teishoku,/static/media/food/teishoku.jpg
すし松,ファミリーセット（竹）３人前,teishoku,/static/media/food/teishoku.jpg
すし松,ファミリーセット（松）３人前,teishoku,/static/media/food/teishoku.jpg
すし松,手巻き寿司セット（3～4人分）,teishoku,/static/media/food/teishoku.jpg
すし松,お子様握り弁当,bento,/static/media/food/bento.jpg
すし松,青のり味噌汁（日替わり）,soup_miso,/static/media/food/soup_miso.jpg
すし松,海老の頭汁（日替わり）,sushi_shrimp,
すし松,魚のあら汁（日替わり）,,(tile)
すし松,あさりの味噌汁（日替わり）,soup_miso,/static/media/food/soup_miso.jpg
すし松,きつねうどん,udon,/static/media/food/udon.jpg
すし松,わかめうどん,udon,/static/media/food/udon.jpg
すし松,かき揚げうどん,udon,/static/media/food/udon.jpg
すし松,梅かつおマヨきゅうり,tonkatsu_pork,/static/media/food/tonkatsu_pork.jpg
すし松,単品ソーセージ3本,sausage,/static/media/food/sausage.jpg
すし松,富士山キムチ,kimchi,/static/media/food/kimchi.jpg
すし松,枝豆,edamame,/static/media/food/edamame.jpg
すし松,海鮮茶碗蒸し,chawanmushi,/static/media/food/chawanmushi.jpg
すし松,ポテトフライ,fry_seafood,/static/media/food/fry_seafood.jpg
すし松,鶏の唐揚,,(tile)
すし松,アジフライ,fry_seafood,/static/media/food/fry_seafood.jpg
すし松,イカリング揚げ,,(tile)
すし松,カキフライ,fry_seafood,/static/media/food/fry_seafood.jpg
すし松,特大エビフライ,fry_seafood,/static/media/food/fry_seafood.jpg
すし松,ボイルゲソの酢味噌和え,,(tile)
すし松,味噌マヨきゅうり,,(tile)
すし松,イカの塩辛,,(tile)
すし松,えんがわキムチ,kimchi,/static/media/food/kimchi.jpg
すし松,あわびのお造り,sashimi,/static/media/food/sashimi.jpg
すし松,ホタテの酢味噌和え,sushi_platter,/static/media/food/sushi_platter.jpg
すし松,サーモン親子盛,sushi_salmon,/static/media/food/sushi_salmon.jpg
すし松,刺身三点盛,sashimi,/static/media/food/sashimi.jpg
すし松,光物三点盛,,(tile)
すし松,刺身五点盛,sashimi,/static/media/food/sashimi.jpg
すし松,抹茶わらび餅,tea_matcha,/static/media/food/tea_matcha.jpg
すし松,プレミアムバニラアイス,icecream_parfait,/static/media/food/icecream_parfait.jpg
すし松,カタラーナ,,(tile)
すし松,黒蜜きな粉アイス抹茶わらび餅添え,tea_matcha,/static/media/food/tea_matcha.jpg
すし松,たっぷりホイップのフォンダンショコラ,,(tile)
すし松,ティラミス,cake_dessert,/static/media/food/cake_dessert.png
すし松,チョコレートサンデー,icecream_parfait,/static/media/food/icecream_parfait.jpg
すし松,バニラアイス(チョコソースがけ)＆ティラミス,icecream_parfait,/static/media/food/icecream_parfait.jpg
そじ坊,特大海老天丼,donburi_rice,/static/media/food/donburi_rice.jpg
そじ坊,特大海老天丼定食 (小そば付),teishoku,/static/media/food/teishoku.jpg
そじ坊,かつ丼定食 (小そば付),teishoku,/static/media/food/teishoku.jpg
そじ坊,かつ丼 (単品),katsudon,/static/media/food/katsudon.jpg
そじ坊,親子丼定食 (小そば付),teishoku,/static/media/food/teishoku.jpg
そじ坊,親子丼 (単品),donburi_rice,/static/media/food/donburi_rice.jpg
そじ坊,天ざるそば,soba,/static/media/food/soba.jpg
そじ坊,天ぷらそば,soba,/static/media/food/soba.jpg
そじ坊,旨辛牛肉つけそば,soba,/static/media/food/soba.jpg
そじ坊,ざるそば,soba,/static/media/food/soba.jpg
そじ坊,冷しなめこおろしそば,soba,/static/media/food/soba.jpg
そじ坊,鴨葱つけそば,soba,/static/media/food/soba.jpg
そじ坊,冷し山菜とろろそば,soba,/static/media/food/soba.jpg
そじ坊,かけそば,soba,/static/media/food/soba.jpg
そじ坊,鴨南つけそば,soba,/static/media/food/soba.jpg
そじ坊,鴨南蛮そば,soba,/static/media/food/soba.jpg
そじ坊,葉わさびそば,soba,/static/media/food/soba.jpg
そじ坊,牛肉そば,soba,/static/media/food/soba.jpg
そじ坊,そば大盛 1玉,soba,/static/media/food/soba.jpg
とんかつ和幸,ひれかつ御飯,tonkatsu_pork,/static/media/food/tonkatsu_pork.jpg
とんかつ和幸,おろしひれかつ御飯,tonkatsu_pork,/static/media/food/tonkatsu_pork.jpg
とんかつ和幸,ロースかつ御飯,tonkatsu_pork,/static/media/food/tonkatsu_pork.jpg
とんかつ和幸,おろしロースかつ御飯,tonkatsu_pork,/static/media/food/tonkatsu_pork.jpg
とんかつ和幸,一口ひれかつ御飯,tonkatsu_pork,/static/media/food/tonkatsu_pork.jpg
とんかつ和幸,ひれロース盛合せ御飯,yakiniku_steak,/static/media/food/yakiniku_steak.jpg
とんかつ和幸,海老フライ御飯,fry_seafood,/static/media/food/fry_seafood.jpg
とんかつ和幸,盛合せ「さざんか」,,(tile)
とんかつ和幸,盛合せ「さつき」,,(tile)
とんかつ和幸,盛合せ「やまぶき」,,(tile)
とんかつ和幸,盛合せ「ぼたん」,,(tile)
とんかつ和幸,盛合せ「あじさい」,,(tile)
とんかつ和幸,彩り盛合せ膳「葵（あおい）」,,(tile)
とんかつ和幸,ひれかつ鍋御飯,tonkatsu_pork,/static/media/food/tonkatsu_pork.jpg
とんかつ和幸,ロースかつ鍋御飯,tonkatsu_pork,/static/media/food/tonkatsu_pork.jpg
とんかつ和幸,ひれ海老鍋御飯,sushi_shrimp,
とんかつ和幸,ペアセット,teishoku,/static/media/food/teishoku.jpg
とんかつ和幸,和幸御飯,,(tile)
とんかつ和幸,W和幸御飯,,(tile)
とんかつ和幸,一口ひれかつ御飯（小）,tonkatsu_pork,/static/media/food/tonkatsu_pork.jpg
とんかつ和幸,盛合せ「かりん」,,(tile)
とんかつ和幸,盛合せ「たちばな」,,(tile)
とんかつ和幸,盛合せ「ききょう」,,(tile)
とんかつ和幸,盛合せ「すみれ」,,(tile)
とんかつ和幸,ひれかつ丼,katsudon,/static/media/food/katsudon.jpg
とんかつ和幸,ロースかつ丼,katsudon,/static/media/food/katsudon.jpg
とんかつ和幸,お子様とんかつ御飯,tonkatsu_pork,/static/media/food/tonkatsu_pork.jpg
とんかつ和幸,お子様コロッケ御飯,korokke,/static/media/food/korokke.jpg
とんかつ和幸,お子様カレー,curry_rice,/static/media/food/curry_rice.jpg
とんかつ和幸,特ひれかつ弁当,bento,/static/media/food/bento.jpg
とんかつ和幸,特ロースかつ弁当,bento,/static/media/food/bento.jpg
とんかつ和幸,一口ひれかつ弁当,bento,/static/media/food/bento.jpg
とんかつ和幸,ロースかつ弁当,bento,/static/media/food/bento.jpg
とんかつ和幸,ひれ海老弁当,bento,/static/media/food/bento.jpg
とんかつ和幸,盛合せ弁当「なでしこ」,bento,/static/media/food/bento.jpg
とんかつ和幸,盛合せ弁当「なのはな」,bento,/static/media/food/bento.jpg
とんかつ和幸,盛合せ弁当「かえで」,bento,/static/media/food/bento.jpg
とんかつ和幸,盛合せ弁当「あやめ」,bento,/static/media/food/bento.jpg
とんかつ和幸,盛合せ弁当「ゆず」,bento,/static/media/food/bento.jpg
とんかつ和幸,盛合せ弁当「つつじ」,bento,/static/media/food/bento.jpg
とんかつ和幸,ひれ海老丼,donburi_rice,/static/media/food/donburi_rice.jpg
とんかつ和幸,かつかりー,tonkatsu_pork,/static/media/food/tonkatsu_pork.jpg
とんかつ和幸,ひれかつサンド(レギュラー),burger_classic,/static/media/food/burger_classic.jpg
とんかつ和幸,ひれかつサンド(ハーフ),burger_classic,/static/media/food/burger_classic.jpg
とんかつ和幸,とんかつそうす,tonkatsu_pork,/static/media/food/tonkatsu_pork.jpg
とんかつ和幸,柚子どれっしんぐ,,(tile)
とんかつ和幸,カップ味噌汁,soup_miso,/static/media/food/soup_miso.jpg
とんかつ和幸,とんかつ和幸オリジナル 黒烏龍茶,tonkatsu_pork,/static/media/food/tonkatsu_pork.jpg
とんかつ和幸,特ひれかつ,tonkatsu_pork,/static/media/food/tonkatsu_pork.jpg
とんかつ和幸,特ロースかつ,tonkatsu_pork,/static/media/food/tonkatsu_pork.jpg
とんかつ和幸,ロースかつ,tonkatsu_pork,/static/media/food/tonkatsu_pork.jpg
とんかつ和幸,一口ひれかつ,tonkatsu_pork,/static/media/food/tonkatsu_pork.jpg
とんかつ和幸,大海老フライ,fry_seafood,/static/media/food/fry_seafood.jpg
とんかつ和幸,小海老フライ,fry_seafood,/static/media/food/fry_seafood.jpg
とんかつ和幸,大葉入りささみかつ,tonkatsu_pork,/static/media/food/tonkatsu_pork.jpg
とんかつ和幸,いかフライ,fry_seafood,/static/media/food/fry_seafood.jpg
とんかつ和幸,メンチかつ,tonkatsu_pork,/static/media/food/tonkatsu_pork.jpg
とんかつ和幸,北海道コロッケ,korokke,/static/media/food/korokke.jpg
とんかつ和幸,あじフライ,fry_seafood,/static/media/food/fry_seafood.jpg
とんかつ和幸,オードブルA(3～4名様分),,(tile)
とんかつ和幸,オードブルB(4～6名様分),,(tile)
とんかつ和幸,ひれかつサンドオードブル（小）,burger_classic,/static/media/food/burger_classic.jpg
とんかつ和幸,ひれかつサンドオードブル（大）,burger_classic,/static/media/food/burger_classic.jpg
とんかつ新宿さぼてん,山形豚ロースかつ・大海老フライ御膳,teishoku,/static/media/food/teishoku.jpg
とんかつ新宿さぼてん,サボレッドロースかつ御膳,teishoku,/static/media/food/teishoku.jpg
とんかつ新宿さぼてん,フィレブリアン御膳,teishoku,/static/media/food/teishoku.jpg
とんかつ新宿さぼてん,熟成三元麦豚ロースかつ御膳,teishoku,/static/media/food/teishoku.jpg
とんかつ新宿さぼてん,熟成三元麦豚上ロースかつ・みぞれ御膳（大根おろしポン酢添え）,teishoku,/static/media/food/teishoku.jpg
とんかつ新宿さぼてん,熟成三元麦豚ロースかつ・ひとくちヒレかつ御膳,teishoku,/static/media/food/teishoku.jpg
とんかつ新宿さぼてん,特撰やわらかヒレかつ御膳,teishoku,/static/media/food/teishoku.jpg
とんかつ新宿さぼてん,熟成三元麦豚ロースかつ・大海老フライ御膳,teishoku,/static/media/food/teishoku.jpg
とんかつ新宿さぼてん,特撰やわらかヒレかつ・大海老フライ御膳,teishoku,/static/media/food/teishoku.jpg
とんかつ新宿さぼてん,熟成三元麦豚ロースかつ・濃厚チーズ重ねかつ御膳,teishoku,/static/media/food/teishoku.jpg
とんかつ新宿さぼてん,特撰やわらかヒレかつ・濃厚チーズ重ねかつ御膳,teishoku,/static/media/food/teishoku.jpg
とんかつ新宿さぼてん,雅御膳,teishoku,/static/media/food/teishoku.jpg
とんかつ新宿さぼてん,三種彩り御膳,teishoku,/static/media/food/teishoku.jpg
とんかつ新宿さぼてん,とんかつ新宿さぼてん御膳,teishoku,/static/media/food/teishoku.jpg
とんかつ新宿さぼてん,とんかつ専門店の咖喱（熟成三元麦豚ロースかつ）,tonkatsu_pork,/static/media/food/tonkatsu_pork.jpg
とんかつ新宿さぼてん,さぼてん特製かつ丼（熟成三元麦豚ロースかつ）,katsudon,/static/media/food/katsudon.jpg
とんかつ新宿さぼてん,お子様プレート,,(tile)
とんかつ新宿さぼてん,お子様カレー,curry_rice,/static/media/food/curry_rice.jpg
とんかつ新宿さぼてん,熟成上ロースかつ弁当,bento,/static/media/food/bento.jpg
とんかつ新宿さぼてん,22層のやわらかロース重ねかつ弁当,bento,/static/media/food/bento.jpg
とんかつ新宿さぼてん,特撰やわらかヒレかつ弁当,bento,/static/media/food/bento.jpg
とんかつ新宿さぼてん,特撰ヒレ・海老弁当,bento,/static/media/food/bento.jpg
とんかつ新宿さぼてん,さぼてん弁当,bento,/static/media/food/bento.jpg
とんかつ新宿さぼてん,シーフード弁当,bento,/static/media/food/bento.jpg
とんかつ新宿さぼてん,ミックス弁当,bento,/static/media/food/bento.jpg
とんかつ新宿さぼてん,ひとくちヒレかつ弁当,bento,/static/media/food/bento.jpg
とんかつ新宿さぼてん,ヒレ・唐揚げ弁当,bento,/static/media/food/bento.jpg
とんかつ新宿さぼてん,デラックス弁当,bento,/static/media/food/bento.jpg
とんかつ新宿さぼてん,熟成上ロースかつ（1枚）,tonkatsu_pork,/static/media/food/tonkatsu_pork.jpg
とんかつ新宿さぼてん,22層のやわらかロース重ねかつ（1枚）,tonkatsu_pork,/static/media/food/tonkatsu_pork.jpg
とんかつ新宿さぼてん,特撰やわらかヒレかつ（1枚）,tonkatsu_pork,/static/media/food/tonkatsu_pork.jpg
とんかつ新宿さぼてん,大海老フライ（1本）,fry_seafood,/static/media/food/fry_seafood.jpg
とんかつ新宿さぼてん,海老フライ（1本）,fry_seafood,/static/media/food/fry_seafood.jpg
とんかつ新宿さぼてん,健美豚メンチかつ（1ヶ）,tonkatsu_pork,/static/media/food/tonkatsu_pork.jpg
とんかつ新宿さぼてん,ひとくちヒレかつ（1ヶ）,tonkatsu_pork,/static/media/food/tonkatsu_pork.jpg
とんかつ新宿さぼてん,カニクリームコロッケ（1ヶ）,korokke,/static/media/food/korokke.jpg
とんかつ新宿さぼてん,イカフライ（1ヶ）,fry_seafood,/static/media/food/fry_seafood.jpg
とんかつ新宿さぼてん,北海道コロッケ（1ヶ）,korokke,/static/media/food/korokke.jpg
とんかつ新宿さぼてん,生姜醤油の唐揚げ（1ヶ）,karaage_chicken,/static/media/food/karaage_chicken.jpg
とんかつ新宿さぼてん,ロースかつ丼,katsudon,/static/media/food/katsudon.jpg
とんかつ新宿さぼてん,ヒレかつ丼,katsudon,/static/media/food/katsudon.jpg
とんかつ新宿さぼてん,海老・ヒレ丼,donburi_rice,/static/media/food/donburi_rice.jpg
とんかつ新宿さぼてん,ロースかつカレー弁当,bento,/static/media/food/bento.jpg
とんかつ新宿さぼてん,ヒレかつカレー弁当,bento,/static/media/food/bento.jpg
とんかつ新宿さぼてん,ヒレかつサンド,burger_classic,/static/media/food/burger_classic.jpg
とんかつ新宿さぼてん,チーズミルフィーユかつサンド,burger_classic,/static/media/food/burger_classic.jpg
とんかつ新宿さぼてん,エビかつサンド,burger_classic,/static/media/food/burger_classic.jpg
とんかつ新宿さぼてん,ミックスかつサンド,burger_classic,/static/media/food/burger_classic.jpg
とんかつ新宿さぼてん,ミニヒレかつサンド,burger_classic,/static/media/food/burger_classic.jpg
とんかつ新宿さぼてん,ミニチーズミルフィーユかつサンド,burger_classic,/static/media/food/burger_classic.jpg
とんかつ新宿さぼてん,ミニエビかつサンド,burger_classic,/static/media/food/burger_classic.jpg
とんかつ新宿さぼてん,スペシャルオードブル（5～6人前）,,(tile)
とんかつ新宿さぼてん,バラエティオードブル（3～4人前）,,(tile)
とんかつ新宿さぼてん,さぼてんオードブル（3～4人前）,,(tile)
とんかつ新宿さぼてん,管理栄養士監修 とんかつ専門店のスパイスカレー,curry_rice,/static/media/food/curry_rice.jpg
とんかつ新宿さぼてん,SaboREDたっぷりキーマカレー,curry_rice,/static/media/food/curry_rice.jpg
とんかつ新宿さぼてん,8種具材と信州味噌® 三元麦豚のとん汁,soup_miso,/static/media/food/soup_miso.jpg
とんかつ新宿さぼてん,国産野菜と三元麦豚 ほっくり美味しい肉じゃが,,(tile)
とんかつ新宿さぼてん,キャベツミックス,,(tile)
とんかつ新宿さぼてん,富良野産とんかつソース,tonkatsu_pork,/static/media/food/tonkatsu_pork.jpg
とんかつ新宿さぼてん,胡麻ドレッシング,,(tile)
とんかつ新宿さぼてん,ゆずドレッシング,,(tile)
とんかつ新宿さぼてん,ミニソース,,(tile)
とんかつ新宿さぼてん,からし,,(tile)
とんかつ新宿さぼてん,タルタルソース,,(tile)
とんかつ新宿さぼてん,おろしポン酢,,(tile)
とんかつ新宿さぼてん,とんかつのために煎れた烏龍茶（500ml）,oolong_tea,
とんかつ新宿さぼてん,しじみ汁,,(tile)
どうとんぼり神座,おいしいラーメン,ramen_shoyu,/static/media/food/ramen_shoyu.jpg
どうとんぼり神座,煮玉子ラーメン,ramen_shoyu,/static/media/food/ramen_shoyu.jpg
どうとんぼり神座,小チャーシュー煮玉子ラーメン,ramen_shoyu,/static/media/food/ramen_shoyu.jpg
どうとんぼり神座,煮玉子ネギラーメン,ramen_shoyu,/static/media/food/ramen_shoyu.jpg
どうとんぼり神座,チャーシューラーメン,ramen_shoyu,/static/media/food/ramen_shoyu.jpg
どうとんぼり神座,野菜いっぱいラーメン,ramen_shoyu,/static/media/food/ramen_shoyu.jpg
どうとんぼり神座,ネギキムチラーメン,ramen_shoyu,/static/media/food/ramen_shoyu.jpg
どうとんぼり神座,煮玉子もやしラーメン,ramen_shoyu,/static/media/food/ramen_shoyu.jpg
どうとんぼり神座,こんにゃくラーメン,ramen_shoyu,/static/media/food/ramen_shoyu.jpg
どうとんぼり神座,煮玉子,tamago_egg,/static/media/food/tamago_egg.jpg
どうとんぼり神座,ネギ,,(tile)
どうとんぼり神座,キムチ,kimchi,/static/media/food/kimchi.jpg
どうとんぼり神座,もやし,,(tile)
どうとんぼり神座,野菜,,(tile)
どうとんぼり神座,小チャーシュー,chashu,/static/media/food/chashu.jpg
どうとんぼり神座,チャーシュー,chashu,/static/media/food/chashu.jpg
どうとんぼり神座,餃子セット,teishoku,/static/media/food/teishoku.jpg
どうとんぼり神座,からあげセット,teishoku,/static/media/food/teishoku.jpg
どうとんぼり神座,炒飯セット,teishoku,/static/media/food/teishoku.jpg
どうとんぼり神座,そぼろ丼セット,teishoku,/static/media/food/teishoku.jpg
どうとんぼり神座,炒飯,chahan,/static/media/food/chahan.jpg
どうとんぼり神座,ライス,gohan_rice,
どうとんぼり神座,ライス (大),gohan_rice,
どうとんぼり神座,そぼろ丼,donburi_rice,/static/media/food/donburi_rice.jpg
どうとんぼり神座,餃子,gyoza,
どうとんぼり神座,からあげ,karaage_chicken,/static/media/food/karaage_chicken.jpg
どんぶり屋,しらす大漁丼,donburi_rice,/static/media/food/donburi_rice.jpg
どんぶり屋,海ぶどう丼,donburi_rice,/static/media/food/donburi_rice.jpg
どんぶり屋,冷やしあかもくうどん,udon,/static/media/food/udon.jpg
どんぶり屋,しらすねぎとろ丼,donburi_rice,/static/media/food/donburi_rice.jpg
どんぶり屋,炙りスモークサーモン丼,donburi_rice,/static/media/food/donburi_rice.jpg
どんぶり屋,うなぎ1尾丼,donburi_rice,/static/media/food/donburi_rice.jpg
どんぶり屋,うなぎとろ丼,donburi_rice,/static/media/food/donburi_rice.jpg
どんぶり屋,うな丼,unagi,/static/media/food/unagi.jpg
どんぶり屋,肉うどん,udon,/static/media/food/udon.jpg
どんぶり屋,わかめ月見うどん,udon,/static/media/food/udon.jpg
どんぶり屋,海の親子丼,donburi_rice,/static/media/food/donburi_rice.jpg
どんぶり屋,炙り牛カルビ丼,gyudon_beef,/static/media/food/gyudon_beef.jpg
どんぶり屋,お子様かけうどん (ドリンク付き),udon,/static/media/food/udon.jpg
なか卯,辛旨赤の親子丼,donburi_rice,/static/media/food/donburi_rice.jpg
なか卯,温たま赤の親子丼,donburi_rice,/static/media/food/donburi_rice.jpg
なか卯,チーズ赤の親子丼,donburi_rice,/static/media/food/donburi_rice.jpg
なか卯,親子丼,donburi_rice,/static/media/food/donburi_rice.jpg
なか卯,とろたま親子丼,donburi_rice,/static/media/food/donburi_rice.jpg
なか卯,チーズ親子丼,donburi_rice,/static/media/food/donburi_rice.jpg
なか卯,ねぎラー親子丼,donburi_rice,/static/media/food/donburi_rice.jpg
なか卯,牛あいがけ親子丼,donburi_rice,/static/media/food/donburi_rice.jpg
なか卯,とろたまねぎラー親子丼,donburi_rice,/static/media/food/donburi_rice.jpg
なか卯,とろたま牛すき丼,donburi_rice,/static/media/food/donburi_rice.jpg
なか卯,温たま牛すき丼,donburi_rice,/static/media/food/donburi_rice.jpg
なか卯,牛すき丼,donburi_rice,/static/media/food/donburi_rice.jpg
なか卯,カツ丼,katsudon,/static/media/food/katsudon.jpg
なか卯,チーズカツ丼,katsudon,/static/media/food/katsudon.jpg
なか卯,牛あいがけカツ丼,katsudon,/static/media/food/katsudon.jpg
なか卯,牛とじ丼,donburi_rice,/static/media/food/donburi_rice.jpg
なか卯,チーズ牛とじ丼,donburi_rice,/static/media/food/donburi_rice.jpg
なか卯,まぐろユッケ丼,donburi_rice,/static/media/food/donburi_rice.jpg
なか卯,まぐろのたたき丼,donburi_rice,/static/media/food/donburi_rice.jpg
なか卯,うな重,unagi,/static/media/food/unagi.jpg
なか卯,特盛うな丼,unagi,/static/media/food/unagi.jpg
なか卯,うなぎあいがけ親子丼,donburi_rice,/static/media/food/donburi_rice.jpg
なか卯,牛すきうな重,unagi,/static/media/food/unagi.jpg
なか卯,牛すき特盛うな丼,unagi,/static/media/food/unagi.jpg
なか卯,鶏から丼,donburi_rice,/static/media/food/donburi_rice.jpg
なか卯,食べラー鶏から丼,donburi_rice,/static/media/food/donburi_rice.jpg
なか卯,ねぎラー鶏から丼,donburi_rice,/static/media/food/donburi_rice.jpg
なか卯,とろたま鶏から丼,donburi_rice,/static/media/food/donburi_rice.jpg
なか卯,マヨ鶏から丼,donburi_rice,/static/media/food/donburi_rice.jpg
なか卯,和風カレー,curry_rice,/static/media/food/curry_rice.jpg
なか卯,和風カツカレー,curry_rice,/static/media/food/curry_rice.jpg
なか卯,和風チーズカレー,curry_rice,/static/media/food/curry_rice.jpg
なか卯,和風こだわり卵カレー,curry_rice,/static/media/food/curry_rice.jpg
なか卯,和風牛あいがけカレー,curry_rice,/static/media/food/curry_rice.jpg
なか卯,紀州南高梅おろしうどん,udon,/static/media/food/udon.jpg
なか卯,かつお節オクラ梅おろしうどん,udon,/static/media/food/udon.jpg
なか卯,温たま冷やし担々うどん,udon,/static/media/food/udon.jpg
なか卯,冷やし担々うどん,udon,/static/media/food/udon.jpg
なか卯,温たま痺辛麻辣冷やし担々うどん,udon,/static/media/food/udon.jpg
なか卯,痺辛麻辣冷やし担々うどん,udon,/static/media/food/udon.jpg
なか卯,冷やしはいからうどん,udon,/static/media/food/udon.jpg
なか卯,ざるうどん,udon,/static/media/food/udon.jpg
なか卯,はいからうどん,udon,/static/media/food/udon.jpg
なか卯,月見うどん,udon,/static/media/food/udon.jpg
なか卯,きつねうどん,udon,/static/media/food/udon.jpg
なか卯,和風カレーうどん,udon,/static/media/food/udon.jpg
なか卯,紀州南高梅おろしそば,soba,/static/media/food/soba.jpg
なか卯,かつお節オクラ梅おろしそば,soba,/static/media/food/soba.jpg
なか卯,温たま冷やし担々そば,soba,/static/media/food/soba.jpg
なか卯,冷やし担々そば,soba,/static/media/food/soba.jpg
なか卯,温たま痺辛麻辣冷やし担々そば,soba,/static/media/food/soba.jpg
なか卯,痺辛麻辣冷やし担々そば,soba,/static/media/food/soba.jpg
なか卯,冷やしはいからそば,soba,/static/media/food/soba.jpg
なか卯,ざるそば,soba,/static/media/food/soba.jpg
なか卯,はいからそば,soba,/static/media/food/soba.jpg
なか卯,きつねそば,soba,/static/media/food/soba.jpg
なか卯,月見そば,soba,/static/media/food/soba.jpg
なか卯,牛カルビ定食,teishoku,/static/media/food/teishoku.jpg
なか卯,目玉焼き牛カルビ定食,teishoku,/static/media/food/teishoku.jpg
なか卯,W牛カルビ定食,teishoku,/static/media/food/teishoku.jpg
なか卯,目玉焼きW牛カルビ定食,teishoku,/static/media/food/teishoku.jpg
なか卯,豚しょうが焼き定食,teishoku,/static/media/food/teishoku.jpg
なか卯,目玉焼き豚しょうが焼き定食,teishoku,/static/media/food/teishoku.jpg
なか卯,W豚しょうが焼き定食,teishoku,/static/media/food/teishoku.jpg
なか卯,目玉焼きW豚しょうが焼き定食,teishoku,/static/media/food/teishoku.jpg
なか卯,目玉焼き鶏小鉢ベーコン朝食,bacon_dish,
なか卯,目玉焼きベーコン朝食,bacon_dish,
なか卯,目玉焼き納豆ベーコン朝食,bacon_dish,
なか卯,目玉焼き牛小鉢ベーコン朝食,bacon_dish,
なか卯,目玉焼き鶏小鉢朝食,tamago_egg,/static/media/food/tamago_egg.jpg
なか卯,目玉焼き朝食,tamago_egg,/static/media/food/tamago_egg.jpg
なか卯,目玉焼き納豆朝食,natto,/static/media/food/natto.jpg
なか卯,目玉焼き牛小鉢朝食,tamago_egg,/static/media/food/tamago_egg.jpg
なか卯,こだわり卵の鶏小鉢朝食,tamago_egg,/static/media/food/tamago_egg.jpg
なか卯,こだわり卵朝食,tamago_egg,/static/media/food/tamago_egg.jpg
なか卯,こだわり卵の納豆朝食,natto,/static/media/food/natto.jpg
なか卯,こだわり卵の牛小鉢朝食,tamago_egg,/static/media/food/tamago_egg.jpg
なか卯,銀鮭鶏小鉢朝食,sushi_salmon,/static/media/food/sushi_salmon.jpg
なか卯,銀鮭朝食,sushi_salmon,/static/media/food/sushi_salmon.jpg
なか卯,銀鮭納豆朝食,natto,/static/media/food/natto.jpg
なか卯,銀鮭牛小鉢朝食,sushi_salmon,/static/media/food/sushi_salmon.jpg
なか卯,はいからうどん ベーコンエッグ＋ごはん(小盛),udon,/static/media/food/udon.jpg
なか卯,冷やしはいからうどん ベーコンエッグ＋ごはん(小盛),udon,/static/media/food/udon.jpg
なか卯,月見うどん ベーコンエッグ＋ごはん(小盛),udon,/static/media/food/udon.jpg
なか卯,きつねうどん ベーコンエッグ＋ごはん(小盛),udon,/static/media/food/udon.jpg
なか卯,はいからうどん ベーコンエッグ,udon,/static/media/food/udon.jpg
なか卯,冷やしはいからうどん ベーコンエッグ,udon,/static/media/food/udon.jpg
なか卯,月見うどん ベーコンエッグ,udon,/static/media/food/udon.jpg
なか卯,きつねうどん ベーコンエッグ,udon,/static/media/food/udon.jpg
なか卯,銀鮭,sushi_salmon,/static/media/food/sushi_salmon.jpg
なか卯,目玉焼き,tamago_egg,/static/media/food/tamago_egg.jpg
なか卯,鶏小鉢,,(tile)
なか卯,牛小鉢,,(tile)
なか卯,のり,,(tile)
なか卯,納豆,natto,/static/media/food/natto.jpg
なか卯,ベーコン,bacon_dish,
なか卯,お子様親子丼 うき卯きセット,donburi_rice,/static/media/food/donburi_rice.jpg
なか卯,お子様カレー丼 うき卯きセット,curry_rice,/static/media/food/curry_rice.jpg
なか卯,お子様きつねうどん うき卯きセット,udon,/static/media/food/udon.jpg
なか卯,お子様わかめうどん うき卯きセット,udon,/static/media/food/udon.jpg
なか卯,お子様親子丼【単品】,donburi_rice,/static/media/food/donburi_rice.jpg
なか卯,お子様カレー丼ぶり【単品】,curry_rice,/static/media/food/curry_rice.jpg
なか卯,お子様きつねうどん【単品】,udon,/static/media/food/udon.jpg
なか卯,お子様わかめうどん【単品】,udon,/static/media/food/udon.jpg
なか卯,梅スカッシュ,,(tile)
なか卯,こだわり卵のプリン,pudding,
なか卯,アップルジュース,juice_beverage,/static/media/food/juice_beverage.jpg
なか卯,黒烏龍茶,oolong_tea,
なか卯,鶏から,,(tile)
なか卯,マヨネーズ,,(tile)
なか卯,紀州南高梅,,(tile)
なか卯,かつお節オクラ,tonkatsu_pork,/static/media/food/tonkatsu_pork.jpg
なか卯,こだわり卵,tamago_egg,/static/media/food/tamago_egg.jpg
なか卯,彩り野菜サラダ,salad_green,
なか卯,食べるラー油,,(tile)
なか卯,とろろ,,(tile)
なか卯,京風つけもの,,(tile)
なか卯,こだわり温たま,,(tile)
なか卯,青ネギ,,(tile)
なか卯,カレールー,curry_rice,/static/media/food/curry_rice.jpg
なか卯,ごはん,gohan_rice,
なか卯,みそ汁,soup_miso,/static/media/food/soup_miso.jpg
なか卯,具だくさんとん汁,soup_miso,/static/media/food/soup_miso.jpg
なか卯,親子皿,,(tile)
なか卯,牛すき皿,,(tile)
なか卯,カツとじ皿,tonkatsu_pork,/static/media/food/tonkatsu_pork.jpg
なか卯,牛とじ皿,,(tile)
なか卯,単品 牛カルビ,yakiniku_steak,/static/media/food/yakiniku_steak.jpg
なか卯,単品 豚しょうが焼き,,(tile)
なか卯,うな皿,,(tile)
なか卯,特うな皿,,(tile)
はなまるうどん,豚しゃぶうどん,udon,/static/media/food/udon.jpg
はなまるうどん,豚しゃぶサラダうどん,udon,/static/media/food/udon.jpg
はなまるうどん,温玉ごま担々,,(tile)
はなまるうどん,豚しゃぶごま担々,shabu,/static/media/food/shabu.jpg
はなまるうどん,白ごま担々,,(tile)
はなまるうどん,冷かけ,,(tile)
はなまるうどん,きつね,,(tile)
はなまるうどん,わかめ,,(tile)
はなまるうどん,塩豚ねぎうどん,udon,/static/media/food/udon.jpg
はなまるうどん,牛肉うどん,udon,/static/media/food/udon.jpg
はなまるうどん,かけ,,(tile)
はなまるうどん,おろしぶっかけ,,(tile)
はなまるうどん,温玉ぶっかけ,,(tile)
はなまるうどん,塩豚おろしぶっかけ,,(tile)
はなまるうどん,塩豚温玉ぶっかけ,,(tile)
はなまるうどん,牛肉おろしぶっかけ,,(tile)
はなまるうどん,牛肉温玉ぶっかけ,,(tile)
はなまるうどん,玉とろぶっかけ,,(tile)
はなまるうどん,明太玉とろぶっかけ,,(tile)
はなまるうどん,牛肉玉とろぶっかけ,,(tile)
はなまるうどん,10種野菜のサラダうどん,udon,/static/media/food/udon.jpg
はなまるうどん,カレーうどん,udon,/static/media/food/udon.jpg
はなまるうどん,にこはなセット,teishoku,/static/media/food/teishoku.jpg
はなまるうどん,ざる,,(tile)
はなまるうどん,釜上げ,,(tile)
はなまるうどん,かま玉,,(tile)
はなまるうどん,おろししょうゆ,,(tile)
はなまるうどん,明太おろししょうゆ,,(tile)
はなまるうどん,カレーライス,curry_rice,/static/media/food/curry_rice.jpg
はなまるうどん,ミニ塩豚丼,gyudon_beef,/static/media/food/gyudon_beef.jpg
はなまるうどん,ミニ牛肉ごはん,gohan_rice,
はなまるうどん,ライス,gohan_rice,
はなまるうどん,おにぎり,onigiri,/static/media/food/onigiri.jpg
はなまるうどん,ごまいなり,,(tile)
はなまるうどん,北海道男爵のコロッケ,korokke,/static/media/food/korokke.jpg
はなまるうどん,大海老天,sushi_shrimp,
はなまるうどん,野菜かき揚げ,tempura,/static/media/food/tempura.jpg
はなまるうどん,とり天,,(tile)
はなまるうどん,ちくわ磯辺揚げ,,(tile)
はなまるうどん,いか天,sushi_platter,/static/media/food/sushi_platter.jpg
はなまるうどん,かぼちゃ天,,(tile)
はなまるうどん,はなまる唐揚げ,karaage_chicken,/static/media/food/karaage_chicken.jpg
はなまるうどん,半熟たまご,tamago_egg,/static/media/food/tamago_egg.jpg
はなまるうどん,生たまご,tamago_egg,/static/media/food/tamago_egg.jpg
はなまるうどん,おでん,oden,/static/media/food/oden.jpg
はなまるうどん,野菜サラダ,salad_green,
はなまるうどん,定番うどん弁当,bento,/static/media/food/bento.jpg
はなまるうどん,大海老天うどん弁当,bento,/static/media/food/bento.jpg
はなまるうどん,よくばりうどん弁当,bento,/static/media/food/bento.jpg
はま寿司,特大5種野菜のかき揚げ握り,sushi_platter,/static/media/food/sushi_platter.jpg
はま寿司,特大5種野菜のかき揚げ握り（お好み風）,sushi_platter,/static/media/food/sushi_platter.jpg
はま寿司,鴨つくね軍艦,sushi_roll,/static/media/food/sushi_roll.jpg
はま寿司,山盛り炙りとろサーモンつつみ,sushi_salmon,/static/media/food/sushi_salmon.jpg
はま寿司,山盛り赤えびつつみ,sushi_shrimp,
はま寿司,北海道噴火湾産大粒ほたて,sushi_platter,/static/media/food/sushi_platter.jpg
はま寿司,炙り北海道噴火湾産大粒ほたて焦がし醤油,sushi_platter,/static/media/food/sushi_platter.jpg
はま寿司,厳選まぐろ中とろ,sushi_tuna,/static/media/food/sushi_tuna.jpg
はま寿司,炙り厳選まぐろ中とろゆず塩,sushi_tuna,/static/media/food/sushi_tuna.jpg
はま寿司,特製漬け中とろ,sushi_tuna,/static/media/food/sushi_tuna.jpg
はま寿司,しめさば,,(tile)
はま寿司,炙りしめさば,,(tile)
はま寿司,しめさばおろし盛り,,(tile)
はま寿司,炙りしめさばおろし盛り,,(tile)
はま寿司,車えび,sushi_shrimp,
はま寿司,炙り車えび塩レモン,sushi_shrimp,
はま寿司,バフンウニ～うにソースがけ～,,(tile)
はま寿司,鹿児島県産大切り活〆平政,,(tile)
はま寿司,炙り鹿児島県産大切り平政ゆず塩,,(tile)
はま寿司,鹿児島県産大切り平政レアステーキ,steak_plate,/static/media/food/steak_plate.jpg
はま寿司,鹿児島県産活〆とろ平政,,(tile)
はま寿司,炙り鹿児島県産とろ平政ゆず塩,,(tile)
はま寿司,大えびフライ,fry_seafood,/static/media/food/fry_seafood.jpg
はま寿司,大えびフライ（タルタルソース）,fry_seafood,/static/media/food/fry_seafood.jpg
はま寿司,大えびフライ（お好みソース）,fry_seafood,/static/media/food/fry_seafood.jpg
はま寿司,重ね厳選まぐろ中とろ,sushi_tuna,/static/media/food/sushi_tuna.jpg
はま寿司,炙り重ね厳選まぐろ中とろゆず塩,sushi_tuna,/static/media/food/sushi_tuna.jpg
はま寿司,一本穴子,unagi,/static/media/food/unagi.jpg
はま寿司,濃厚冷やし担々麺（花椒付き）,ramen_shoyu,/static/media/food/ramen_shoyu.jpg
はま寿司,鴨うどんつくね入り,yakitori,/static/media/food/yakitori.jpg
はま寿司,鴨そばつくね入り,yakitori,/static/media/food/yakitori.jpg
はま寿司,2種のチーズのカルボナーラ風茶碗蒸し,chawanmushi,/static/media/food/chawanmushi.jpg
はま寿司,花こえび®入りおさかなナゲット,karaage_chicken,/static/media/food/karaage_chicken.jpg
はま寿司,白桃フロマージュパルフェ,,(tile)
はま寿司,完熟アップルマンゴー,,(tile)
はま寿司,濃厚 抹茶のベイクドチーズケーキ,cake_dessert,/static/media/food/cake_dessert.png
はま寿司,純米酒 英勲,beer_alcohol,/static/media/food/beer_alcohol.jpg
はま寿司,まぐろ,sushi_tuna,/static/media/food/sushi_tuna.jpg
はま寿司,特製漬けまぐろ,sushi_tuna,/static/media/food/sushi_tuna.jpg
はま寿司,まぐろレアステーキつつみ,steak_plate,/static/media/food/steak_plate.jpg
はま寿司,とろびんちょう,,(tile)
はま寿司,とろびんちょう山わさび,,(tile)
はま寿司,特製漬けとろびんちょう,,(tile)
はま寿司,とろびんちょう塩ごま油,,(tile)
はま寿司,とろたくつつみ,,(tile)
はま寿司,とろたくユッケつつみ,,(tile)
はま寿司,まぐろ二種盛り,sushi_tuna,/static/media/food/sushi_tuna.jpg
はま寿司,サーモン,sushi_salmon,/static/media/food/sushi_salmon.jpg
はま寿司,サーモンゆず塩,sushi_salmon,/static/media/food/sushi_salmon.jpg
はま寿司,サーモン山わさび,sushi_salmon,/static/media/food/sushi_salmon.jpg
はま寿司,サーモンつつみ,sushi_salmon,/static/media/food/sushi_salmon.jpg
はま寿司,えび,sushi_shrimp,
はま寿司,炙りえびマヨ,sushi_shrimp,
はま寿司,えび 塩ごま油,sushi_shrimp,
はま寿司,えびたま二種盛り（えび・旨だしたまご）,sushi_shrimp,
はま寿司,生えび,sushi_shrimp,
はま寿司,甘えび,sushi_shrimp,
はま寿司,えび天握り,sushi_platter,/static/media/food/sushi_platter.jpg
はま寿司,えび天,sushi_shrimp,
はま寿司,アカイカ,,(tile)
はま寿司,アカイカゆず塩,,(tile)
はま寿司,大葉漬けアカイカ,,(tile)
はま寿司,旨だしたまご,tamago_egg,/static/media/food/tamago_egg.jpg
はま寿司,旨だしたまごマヨ,tamago_egg,/static/media/food/tamago_egg.jpg
はま寿司,わさびなす,,(tile)
はま寿司,煮あなご,unagi,/static/media/food/unagi.jpg
はま寿司,煮あなごゆず塩,unagi,/static/media/food/unagi.jpg
はま寿司,れんこん天握り,sushi_platter,/static/media/food/sushi_platter.jpg
はま寿司,れんこん天,,(tile)
はま寿司,いか天握り,sushi_platter,/static/media/food/sushi_platter.jpg
はま寿司,いか天握りガーリックマヨ,sushi_platter,/static/media/food/sushi_platter.jpg
はま寿司,いか天,sushi_platter,/static/media/food/sushi_platter.jpg
はま寿司,生ハム,prosciutto,
はま寿司,生ハムマヨオニオン,prosciutto,
はま寿司,合鴨,,(tile)
はま寿司,合鴨マヨオニオン,,(tile)
はま寿司,合鴨ガーリックソース,,(tile)
はま寿司,合鴨山わさび,,(tile)
はま寿司,炙り合鴨,,(tile)
はま寿司,燻製二種盛り（生ハム・合鴨）,prosciutto,
はま寿司,ローストビーフ,roast_beef,/static/media/food/roast_beef.jpg
はま寿司,ローストビーフガーリックソース,roast_beef,/static/media/food/roast_beef.jpg
はま寿司,ローストビーフガーリックソース山わさび,roast_beef,/static/media/food/roast_beef.jpg
はま寿司,豚塩カルビ,yakiniku_steak,/static/media/food/yakiniku_steak.jpg
はま寿司,豚塩カルビマヨ,yakiniku_steak,/static/media/food/yakiniku_steak.jpg
はま寿司,直火焼き牛カルビ,yakiniku_steak,/static/media/food/yakiniku_steak.jpg
はま寿司,直火焼き牛カルビマヨ,yakiniku_steak,/static/media/food/yakiniku_steak.jpg
はま寿司,ハンバーグ,yakiniku_steak,/static/media/food/yakiniku_steak.jpg
はま寿司,ハンバーグマヨ,yakiniku_steak,/static/media/food/yakiniku_steak.jpg
はま寿司,炙りハンバーグチーズマヨ,cheese_plate,
はま寿司,まぐろたたき軍艦,sushi_roll,/static/media/food/sushi_roll.jpg
はま寿司,ピリ辛まぐろたたきユッケ,sushi_tuna,/static/media/food/sushi_tuna.jpg
はま寿司,まぐろたたき納豆,natto,/static/media/food/natto.jpg
はま寿司,たっぷりかにみそ（紅ずわい使用）,,(tile)
はま寿司,大葉かにみそ（紅ずわい使用）,,(tile)
はま寿司,かにマヨ軍艦,sushi_roll,/static/media/food/sushi_roll.jpg
はま寿司,たらマヨ,,(tile)
はま寿司,大葉たらこ,pasta,/static/media/food/pasta.jpg
はま寿司,コーン,,(tile)
はま寿司,ツナ＆コーン,,(tile)
はま寿司,ツナサラダ,salad_green,
はま寿司,ツナキムチ,kimchi,/static/media/food/kimchi.jpg
はま寿司,シーフードサラダ,salad_green,
はま寿司,いかオクラ,sushi_platter,/static/media/food/sushi_platter.jpg
はま寿司,いかオクラ納豆,natto,/static/media/food/natto.jpg
はま寿司,納豆,natto,/static/media/food/natto.jpg
はま寿司,納豆キムチ,kimchi,/static/media/food/kimchi.jpg
はま寿司,わさびえんがわ,,(tile)
はま寿司,かっぱ巻,sushi_roll,/static/media/food/sushi_roll.jpg
はま寿司,たくあん巻(ごま入り),,(tile)
はま寿司,納豆巻,sushi_roll,/static/media/food/sushi_roll.jpg
はま寿司,鉄火巻,sushi_roll,/static/media/food/sushi_roll.jpg
はま寿司,まぐろたたき巻,sushi_tuna,/static/media/food/sushi_tuna.jpg
はま寿司,生ハムロール,prosciutto,
はま寿司,カリフォルニアロール,,(tile)
はま寿司,さばの押し寿司,sushi_platter,/static/media/food/sushi_platter.jpg
はま寿司,いなり(ごま入り),,(tile)
はま寿司,特製キンパ風ツナキムチ太巻,kimchi,/static/media/food/kimchi.jpg
はま寿司,とろびんちょうレアステーキ,steak_plate,/static/media/food/steak_plate.jpg
はま寿司,サーモンレアステーキ,steak_plate,/static/media/food/steak_plate.jpg
はま寿司,えびレアステーキ,steak_plate,/static/media/food/steak_plate.jpg
はま寿司,アカイカレアステーキ,steak_plate,/static/media/food/steak_plate.jpg
はま寿司,天然赤えび,sushi_shrimp,
はま寿司,天然赤えび 塩レモン,sushi_shrimp,
はま寿司,炙り天然赤えび 塩レモン,sushi_shrimp,
はま寿司,天然赤えびレアステーキ,steak_plate,/static/media/food/steak_plate.jpg
はま寿司,活〆はまち,,(tile)
はま寿司,炙りはまちゆず塩,,(tile)
はま寿司,活〆まだい（四国・九州産）,,(tile)
はま寿司,炙りまだいゆず塩（四国・九州産）,,(tile)
はま寿司,大とろサーモン,sushi_salmon,/static/media/food/sushi_salmon.jpg
はま寿司,大とろサーモン山わさび,sushi_salmon,/static/media/food/sushi_salmon.jpg
はま寿司,炙りうなぎ,unagi,/static/media/food/unagi.jpg
はま寿司,ほたて(北海道・青森県産),sushi_platter,/static/media/food/sushi_platter.jpg
はま寿司,炙りほたて(北海道・青森県産),sushi_platter,/static/media/food/sushi_platter.jpg
はま寿司,ほたてレアステーキ(北海道・青森県産),steak_plate,/static/media/food/steak_plate.jpg
はま寿司,つぶ貝,sushi_platter,/static/media/food/sushi_platter.jpg
はま寿司,赤貝,sushi_platter,/static/media/food/sushi_platter.jpg
はま寿司,真だこ,,(tile)
はま寿司,えんがわ,,(tile)
はま寿司,炙りえんがわ,,(tile)
はま寿司,炙りえびチーズマヨ,cheese_plate,
はま寿司,炙りサーモンチーズマヨ,cheese_plate,
はま寿司,炙りたまごチーズマヨ,cheese_plate,
はま寿司,真あじ,,(tile)
はま寿司,真あじ漁師漬け,,(tile)
はま寿司,宮城県産とろいわし,,(tile)
はま寿司,炙り宮城県産とろいわし,,(tile)
はま寿司,宮城県産とろいわし漁師漬け,,(tile)
はま寿司,サーモンマヨオニオン,sushi_salmon,/static/media/food/sushi_salmon.jpg
はま寿司,サーモンマヨアボカド,salad_green,
はま寿司,とろびんちょうマヨアボカド,salad_green,
はま寿司,えびマヨアボカド,salad_green,
はま寿司,生ハムマヨアボカド,salad_green,
はま寿司,サーモン おろし盛り,sushi_salmon,/static/media/food/sushi_salmon.jpg
はま寿司,豚塩カルビ おろし盛り,yakiniku_steak,/static/media/food/yakiniku_steak.jpg
はま寿司,えび天握り おろし盛り,sushi_platter,/static/media/food/sushi_platter.jpg
はま寿司,いか天握り おろし盛り,sushi_platter,/static/media/food/sushi_platter.jpg
はま寿司,サーモン 旨辛ネギ盛り,sushi_salmon,/static/media/food/sushi_salmon.jpg
はま寿司,生ハム 旨辛ネギ盛り,prosciutto,
はま寿司,えび 旨辛ネギ盛り,sushi_shrimp,
はま寿司,アカイカ 旨辛ネギ盛り,,(tile)
はま寿司,とろびんちょう 旨辛ネギ盛り,,(tile)
はま寿司,豚塩カルビ 旨辛ネギ盛り,yakiniku_steak,/static/media/food/yakiniku_steak.jpg
はま寿司,牛カルビ 旨辛ネギ盛り,yakiniku_steak,/static/media/food/yakiniku_steak.jpg
はま寿司,サーモンつつみ(いくらのせ),sushi_salmon,/static/media/food/sushi_salmon.jpg
はま寿司,いくら,,(tile)
はま寿司,とろいくら,,(tile)
はま寿司,生しらす（日本近海産）,,(tile)
はま寿司,つぶっこ（樺太ししゃも卵）,tamago_egg,/static/media/food/tamago_egg.jpg
はま寿司,かに軍艦,sushi_roll,/static/media/food/sushi_roll.jpg
はま寿司,かにみそ軍艦,sushi_roll,/static/media/food/sushi_roll.jpg
はま寿司,アスパラ天握り,sushi_platter,/static/media/food/sushi_platter.jpg
はま寿司,アスパラ天,,(tile)
はま寿司,まぐろ三種盛りまぐろ・とろびんちょう・とろたく,sushi_tuna,/static/media/food/sushi_tuna.jpg
はま寿司,いか三種盛り真いか・アカイカ・大葉漬けアカイカ,sushi_platter,/static/media/food/sushi_platter.jpg
はま寿司,いか三種盛りいか・アカイカ・大葉漬けアカイカ,sushi_platter,/static/media/food/sushi_platter.jpg
はま寿司,サーモン三種盛りサーモンレアステーキ・大とろサーモン・サーモン,sushi_salmon,/static/media/food/sushi_salmon.jpg
はま寿司,えび三種盛りえび・甘えび・生えび,sushi_shrimp,
はま寿司,レアステーキ三種盛りとろびんちょう・サーモン・アカイカ,sushi_salmon,/static/media/food/sushi_salmon.jpg
はま寿司,とろ三種盛り中とろ・とろびんちょう・大とろサーモン,sushi_salmon,/static/media/food/sushi_salmon.jpg
はま寿司,とろネバ三種盛りまぐろたたき軍艦・納豆・いかオクラ,sushi_platter,/static/media/food/sushi_platter.jpg
はま寿司,サラダ軍艦三種盛りシーフード・コーン・ツナ,sushi_roll,/static/media/food/sushi_roll.jpg
はま寿司,厳選まぐろ中とろ食べ比べ（中とろ・炙りゆず塩）,sushi_tuna,/static/media/food/sushi_tuna.jpg
はま寿司,厳選まぐろ中とろ食べ比べ（中とろ・レアステーキ）,sushi_tuna,/static/media/food/sushi_tuna.jpg
はま寿司,天然赤えび食べ比べ（赤えび・炙り塩レモン）,sushi_shrimp,
はま寿司,天然赤えび食べ比べ（赤えび・レアステーキ）,sushi_shrimp,
はま寿司,焼津産かつおだしの特製茶碗蒸し,chawanmushi,/static/media/food/chawanmushi.jpg
はま寿司,あおさみそ汁,soup_miso,/static/media/food/soup_miso.jpg
はま寿司,あさりみそ汁,soup_miso,/static/media/food/soup_miso.jpg
はま寿司,特製とん汁,soup_miso,/static/media/food/soup_miso.jpg
はま寿司,かけうどん,udon,/static/media/food/udon.jpg
はま寿司,きつねうどん,udon,/static/media/food/udon.jpg
はま寿司,えびの天ぷらそば,soba,/static/media/food/soba.jpg
はま寿司,えびの天ぷらうどん,udon,/static/media/food/udon.jpg
はま寿司,あさりとあおさのうどん,udon,/static/media/food/udon.jpg
はま寿司,鴨そば,soba,/static/media/food/soba.jpg
はま寿司,鴨うどん,udon,/static/media/food/udon.jpg
はま寿司,えび天きつねうどん,udon,/static/media/food/udon.jpg
はま寿司,えび天鴨そば,soba,/static/media/food/soba.jpg
はま寿司,えび天鴨うどん,udon,/static/media/food/udon.jpg
はま寿司,特製しょう油ラーメン,ramen_shoyu,/static/media/food/ramen_shoyu.jpg
はま寿司,焼豚増量特製しょう油ラーメン,ramen_shoyu,/static/media/food/ramen_shoyu.jpg
はま寿司,厳選素材の貝節塩ラーメン,ramen_shoyu,/static/media/food/ramen_shoyu.jpg
はま寿司,焼豚増量厳選素材の貝節塩ラーメン,ramen_shoyu,/static/media/food/ramen_shoyu.jpg
はま寿司,鶏のから揚げ(4個),karaage_chicken,/static/media/food/karaage_chicken.jpg
はま寿司,鶏のから揚げ(2個),karaage_chicken,/static/media/food/karaage_chicken.jpg
はま寿司,カリカリポテト,french_fries,/static/media/food/french_fries.jpg
はま寿司,カリカリポテト（バター醤油味）,french_fries,/static/media/food/french_fries.jpg
はま寿司,チーズカリカリポテト,french_fries,/static/media/food/french_fries.jpg
はま寿司,MEGAカリカリポテト,french_fries,/static/media/food/french_fries.jpg
はま寿司,MEGAカリカリポテト（バター醤油味）,french_fries,/static/media/food/french_fries.jpg
はま寿司,旨だしたこ焼き(3個),takoyaki,/static/media/food/takoyaki.jpg
はま寿司,旨だしたこ焼き(6個),takoyaki,/static/media/food/takoyaki.jpg
はま寿司,チーズたこ焼き(6個),takoyaki,/static/media/food/takoyaki.jpg
はま寿司,あさりの酒蒸し,beer_alcohol,/static/media/food/beer_alcohol.jpg
はま寿司,ツナとブロッコリーのタルタルサラダ,salad_green,
はま寿司,旨だし厚焼きたまご,tamago_egg,/static/media/food/tamago_egg.jpg
はま寿司,旨だし厚焼きたまごおろし添え,tamago_egg,/static/media/food/tamago_egg.jpg
はま寿司,枝豆,edamame,/static/media/food/edamame.jpg
はま寿司,キムチ,kimchi,/static/media/food/kimchi.jpg
はま寿司,〆シャリ,,(tile)
はま寿司,追加トッピング 旨辛ネギ,,(tile)
はま寿司,追加トッピング 大根おろし,,(tile)
はま寿司,ミルクレープ,crepe_sweet,/static/media/food/crepe_sweet.jpg
はま寿司,フランス直輸入濃厚ガトーショコラ,chocolate,/static/media/food/chocolate.jpg
はま寿司,たまごプリン,pudding,
はま寿司,黒蜜きなこ豆乳プリン,pudding,
はま寿司,大学いも,,(tile)
はま寿司,大学いもバニラアイス添え,icecream_parfait,/static/media/food/icecream_parfait.jpg
はま寿司,コーヒーゼリー(バニラアイスのせ),coffee,/static/media/food/coffee.jpg
はま寿司,コーヒーゼリー,coffee,/static/media/food/coffee.jpg
はま寿司,チョコとバニラのはまパルフェ,chocolate,/static/media/food/chocolate.jpg
はま寿司,三色だんご（こしあん入り）,,(tile)
はま寿司,フレッシュパイン,donut,/static/media/food/donut.jpg
はま寿司,波照間黒糖のわらびもち,,(tile)
はま寿司,波照間黒糖のわらびもちバニラアイス添え,icecream_parfait,/static/media/food/icecream_parfait.jpg
はま寿司,はまアイス（バニラ）,icecream_parfait,/static/media/food/icecream_parfait.jpg
はま寿司,はまアイス（チョコレート）,icecream_parfait,/static/media/food/icecream_parfait.jpg
はま寿司,豆乳いちごアイス,icecream_parfait,/static/media/food/icecream_parfait.jpg
はま寿司,追加トッピング ホイップ,,(tile)
はま寿司,コーラフロート,juice_beverage,/static/media/food/juice_beverage.jpg
はま寿司,メロンソーダフロート,juice_beverage,/static/media/food/juice_beverage.jpg
はま寿司,コーヒーフロート,juice_beverage,/static/media/food/juice_beverage.jpg
はま寿司,コカ・コーラ,cola_drink,/static/media/food/cola_drink.jpg
はま寿司,カルピス,,(tile)
はま寿司,カルピスソーダ,juice_beverage,/static/media/food/juice_beverage.jpg
はま寿司,ファンタメロン,,(tile)
はま寿司,ファンタグレープ,,(tile)
はま寿司,スプライト,,(tile)
はま寿司,煌烏龍茶,oolong_tea,
はま寿司,Qoo オレンジ,,(tile)
はま寿司,アップル100％ジュース,juice_beverage,/static/media/food/juice_beverage.jpg
はま寿司,ぶどう100％ジュース,juice_beverage,/static/media/food/juice_beverage.jpg
はま寿司,コーヒー（HOT／ICE）,coffee,/static/media/food/coffee.jpg
はま寿司,カフェラテ（HOT／ICE）,coffee,/static/media/food/coffee.jpg
はま寿司,抹茶ラテ（HOT／ICE）,coffee,/static/media/food/coffee.jpg
はま寿司,生ビール中ジョッキ,beer_alcohol,/static/media/food/beer_alcohol.jpg
はま寿司,生ビール小ジョッキ,beer_alcohol,/static/media/food/beer_alcohol.jpg
はま寿司,ブラックニッカハイボール,whisky,/static/media/food/whisky.jpg
はま寿司,日本酒 金勝山,sake_drink,/static/media/food/sake_drink.jpg
はま寿司,麦焼酎 白水,shochu,/static/media/food/shochu.jpg
はま寿司,芋焼酎 薩摩宝山,shochu,/static/media/food/shochu.jpg
はま寿司,レモンサワー,chuhai,/static/media/food/chuhai.jpg
はま寿司,グレープフルーツサワー,chuhai,/static/media/food/chuhai.jpg
はま寿司,サントリーオールフリー（ノンアルコールビール）,beer_alcohol,/static/media/food/beer_alcohol.jpg
はま寿司,しめさば おろし盛り,,(tile)
はま寿司,炙りしめさば おろし盛り,,(tile)
はま寿司,光り物三種盛りあじ・とろいわし・しめさば,,(tile)
はま寿司,ほっき貝(カナダ産),sushi_platter,/static/media/food/sushi_platter.jpg
はま寿司,炙りほっき貝ゆず塩(カナダ産),sushi_platter,/static/media/food/sushi_platter.jpg
はま寿司,真いか,sushi_platter,/static/media/food/sushi_platter.jpg
はま寿司,真いかゆず塩,sushi_platter,/static/media/food/sushi_platter.jpg
はま寿司,真いか山わさび,sushi_platter,/static/media/food/sushi_platter.jpg
はま寿司,水だこ,,(tile)
はま寿司,大葉水だこ,,(tile)
はま寿司,とびこ,,(tile)
はま寿司,サーモン巻,sushi_salmon,/static/media/food/sushi_salmon.jpg
はま寿司,さばしそ巻,,(tile)
はま寿司,ゆず塩炙りほっき貝(カナダ産),sushi_platter,/static/media/food/sushi_platter.jpg
はま寿司,石垣貝,sushi_platter,/static/media/food/sushi_platter.jpg
はま寿司,いか,sushi_platter,/static/media/food/sushi_platter.jpg
はま寿司,いかゆず塩,sushi_platter,/static/media/food/sushi_platter.jpg
はま寿司,大えび,sushi_shrimp,
はま寿司,炙り大えびマヨ,sushi_shrimp,
はま寿司,炙り大えびチーズマヨ,cheese_plate,
はま寿司,えび天ロール,sushi_shrimp,
はま寿司,あさりたっぷりみそ汁,soup_miso,/static/media/food/soup_miso.jpg
はま寿司,ハンバーグガーリックソース,yakiniku_steak,/static/media/food/yakiniku_steak.jpg
はま寿司,ポーク玉子握り,sushi_platter,/static/media/food/sushi_platter.jpg
はま寿司,玉子サラダ,salad_green,
はま寿司,たっぷりマヨたまたこ焼き(6個),takoyaki,/static/media/food/takoyaki.jpg
はま寿司,はまっこ海鮮丼,sushi_platter,/static/media/food/sushi_platter.jpg
はま寿司,まぐろ丼,donburi_rice,/static/media/food/donburi_rice.jpg
はま寿司,まぐろサーモン丼,donburi_rice,/static/media/food/donburi_rice.jpg
はま寿司,特選！海鮮レアステーキ丼,donburi_rice,/static/media/food/donburi_rice.jpg
はま寿司,7種の海鮮丼,sushi_platter,/static/media/food/sushi_platter.jpg
はま寿司,おうちではま寿司セット,teishoku,/static/media/food/teishoku.jpg
はま寿司,追加シャリ,,(tile)
はま寿司,おうちではま寿司 手巻きセット,sushi_platter,/static/media/food/sushi_platter.jpg
はま寿司,特上11種セット,teishoku,/static/media/food/teishoku.jpg
はま寿司,厳選12種セット,teishoku,/static/media/food/teishoku.jpg
はま寿司,人気12種セット,teishoku,/static/media/food/teishoku.jpg
はま寿司,定番8貫,,(tile)
はま寿司,まぐろづくし（10貫）,sushi_tuna,/static/media/food/sushi_tuna.jpg
びっくりドンキー,メンチカツ&ハンバーグディッシュ,yakiniku_steak,/static/media/food/yakiniku_steak.jpg
びっくりドンキー,メンチカツカリー&ハンバーグディッシュ,yakiniku_steak,/static/media/food/yakiniku_steak.jpg
びっくりドンキー,メンチカツペッパーソース&ハンバーグディッシュ,yakiniku_steak,/static/media/food/yakiniku_steak.jpg
びっくりドンキー,メンチカツおろしそ＆ハンバーグディッシュ,yakiniku_steak,/static/media/food/yakiniku_steak.jpg
びっくりドンキー,メンチカツディッシュ,tonkatsu_pork,/static/media/food/tonkatsu_pork.jpg
びっくりドンキー,メンチカツカリーディッシュ,tonkatsu_pork,/static/media/food/tonkatsu_pork.jpg
びっくりドンキー,メンチカツペッパーソースディッシュ,tonkatsu_pork,/static/media/food/tonkatsu_pork.jpg
びっくりドンキー,メンチカツおろしそディッシュ,tonkatsu_pork,/static/media/food/tonkatsu_pork.jpg
びっくりドンキー,チーズダッカルビ風バーグディッシュ,yakiniku_steak,/static/media/food/yakiniku_steak.jpg
びっくりドンキー,オムデミチーズバーグディッシュ,cheese_plate,
びっくりドンキー,レギュラーバーグディッシュ,,(tile)
びっくりドンキー,エッグバーグディッシュ,,(tile)
びっくりドンキー,チーズバーグディッシュ,cheese_plate,
びっくりドンキー,パインバーグディッシュ,donut,/static/media/food/donut.jpg
びっくりドンキー,おろしそバーグディッシュ,,(tile)
びっくりドンキー,ポテサラパケットディッシュ,,(tile)
びっくりドンキー,フォンデュ風チーズバーグディッシュ,cheese_plate,
びっくりドンキー,黒デミバーグディッシュ,,(tile)
びっくりドンキー,カリーバーグディッシュ,,(tile)
びっくりドンキー,エッグカリーバーグディッシュ,,(tile)
びっくりドンキー,チーズカリーバーグディッシュ,cheese_plate,
びっくりドンキー,パインカリーバーグディッシュ,donut,/static/media/food/donut.jpg
びっくりドンキー,ライトセット レギュラー,teishoku,/static/media/food/teishoku.jpg
びっくりドンキー,ライトセット エッグ,teishoku,/static/media/food/teishoku.jpg
びっくりドンキー,ライトセット チーズ,teishoku,/static/media/food/teishoku.jpg
びっくりドンキー,ライトセット パイン,teishoku,/static/media/food/teishoku.jpg
びっくりドンキー,ライトセット おろしそ,teishoku,/static/media/food/teishoku.jpg
びっくりドンキー,いろどりセット レギュラー,teishoku,/static/media/food/teishoku.jpg
びっくりドンキー,いろどりセット エッグ,teishoku,/static/media/food/teishoku.jpg
びっくりドンキー,いろどりセット チーズ,teishoku,/static/media/food/teishoku.jpg
びっくりドンキー,いろどりセット パイン,teishoku,/static/media/food/teishoku.jpg
びっくりドンキー,いろどりセット おろしそ,teishoku,/static/media/food/teishoku.jpg
びっくりドンキー,ソイカリーバーグディッシュ,,(tile)
びっくりドンキー,メンチカツサンド,burger_classic,/static/media/food/burger_classic.jpg
びっくりドンキー,ビバ！ミートスパ,,(tile)
びっくりドンキー,ハンバーグ&ビバ！ミートスパ,yakiniku_steak,/static/media/food/yakiniku_steak.jpg
びっくりドンキー,焼きカリーライス,gohan_rice,
びっくりドンキー,メンチカツ(単品),tonkatsu_pork,/static/media/food/tonkatsu_pork.jpg
びっくりドンキー,びっくりフライドポテト,french_fries,/static/media/food/french_fries.jpg
びっくりドンキー,スパイシーポテト,french_fries,/static/media/food/french_fries.jpg
びっくりドンキー,ザンギ＆ポテト,french_fries,/static/media/food/french_fries.jpg
びっくりドンキー,オーロラシュリンプ＆ポテト,french_fries,/static/media/food/french_fries.jpg
びっくりドンキー,イカの箱舟,,(tile)
びっくりドンキー,ブロッコリーの箱舟,,(tile)
びっくりドンキー,マカロニ＆チーズ,cheese_plate,
びっくりドンキー,薪窯マルゲリータ,pizza,/static/media/food/pizza.jpg
びっくりドンキー,チーズソース,cheese_plate,
びっくりドンキー,カリーソース,,(tile)
びっくりドンキー,ピーチパフェ,icecream_parfait,/static/media/food/icecream_parfait.jpg
びっくりドンキー,ピーチサンデー,icecream_parfait,/static/media/food/icecream_parfait.jpg
びっくりドンキー,バニラアイスのピーチシフォンプレート,icecream_parfait,/static/media/food/icecream_parfait.jpg
びっくりドンキー,ジョッキパフェ(ピーチ),icecream_parfait,/static/media/food/icecream_parfait.jpg
びっくりドンキー,夏氷ソフト(イチゴ),,(tile)
びっくりドンキー,夏氷ソフト(ドラゴンフルーツ＆マンゴー),,(tile)
びっくりドンキー,珈琲パフェ,icecream_parfait,/static/media/food/icecream_parfait.jpg
びっくりドンキー,ガトーショコラパフェ,icecream_parfait,/static/media/food/icecream_parfait.jpg
びっくりドンキー,塩キャラメルプリンパフェ,icecream_parfait,/static/media/food/icecream_parfait.jpg
びっくりドンキー,北海道ミニソフト,,(tile)
びっくりドンキー,北海道ミニソフト（チョコソース）,chocolate,/static/media/food/chocolate.jpg
びっくりドンキー,北海道ミニソフト（イチゴソース）,,(tile)
びっくりドンキー,北海道ソフトクリーム,soft_serve,/static/media/food/soft_serve.jpg
びっくりドンキー,北海道ソフトクリーム（チョコソース）,soft_serve,/static/media/food/soft_serve.jpg
びっくりドンキー,北海道ソフトクリーム（イチゴソース）,soft_serve,/static/media/food/soft_serve.jpg
びっくりドンキー,シナモンロール,,(tile)
びっくりドンキー,しっとりクラシックチョコケーキ,cake_dessert,/static/media/food/cake_dessert.png
びっくりドンキー,シャンディレモン,,(tile)
びっくりドンキー,ドンキーフリー(レモン),,(tile)
びっくりドンキー,ドンキーハウスビール〈樽生〉,beer_alcohol,/static/media/food/beer_alcohol.jpg
びっくりドンキー,ドンキーフリー(ピルスナー),,(tile)
びっくりドンキー,ドンキーフリー(スタウト),,(tile)
びっくりドンキー,メンチカツ,tonkatsu_pork,/static/media/food/tonkatsu_pork.jpg
びっくりドンキー,ペッパーソース,,(tile)
びっくりドンキー,おろしそ,,(tile)
びっくりドンキー,パーティーセット,teishoku,/static/media/food/teishoku.jpg
びっくりドンキー,ガーリックチキン＆ハンバーグ,yakiniku_steak,/static/media/food/yakiniku_steak.jpg
びっくりドンキー,ガーリックチキン,karaage_chicken,/static/media/food/karaage_chicken.jpg
びっくりドンキー,レギュラーハンバーグ,yakiniku_steak,/static/media/food/yakiniku_steak.jpg
びっくりドンキー,エッグハンバーグ,yakiniku_steak,/static/media/food/yakiniku_steak.jpg
びっくりドンキー,チーズハンバーグ,yakiniku_steak,/static/media/food/yakiniku_steak.jpg
びっくりドンキー,パインハンバーグ,yakiniku_steak,/static/media/food/yakiniku_steak.jpg
びっくりドンキー,フォンデュ風チーズハンバーグ,yakiniku_steak,/static/media/food/yakiniku_steak.jpg
びっくりドンキー,黒デミバーグ,,(tile)
びっくりドンキー,ポテサラパケットバーグ,,(tile)
びっくりドンキー,びっくりエビフライ＆ハンバーグ,yakiniku_steak,/static/media/food/yakiniku_steak.jpg
びっくりドンキー,おこさまランチ,teishoku,/static/media/food/teishoku.jpg
びっくりドンキー,ライス,gohan_rice,
びっくりドンキー,みそ汁,soup_miso,/static/media/food/soup_miso.jpg
びっくりドンキー,ネギ塩サラダ,salad_green,
びっくりドンキー,マーメイドサラダ,salad_green,
びっくりドンキー,ボックスサラダ,salad_green,
びっくりドンキー,カップサラダ,salad_green,
びっくりドンキー,ホットコーヒー(シングルオリジン),coffee,/static/media/food/coffee.jpg
びっくりドンキー,ホットコーヒー(ブレンド),coffee,/static/media/food/coffee.jpg
びっくりドンキー,アイスコーヒー(シングルオリジン),coffee,/static/media/food/coffee.jpg
びっくりドンキー,アイスコーヒー(ブレンド),coffee,/static/media/food/coffee.jpg
びっくりドンキー,アイスカフェラテ,coffee,/static/media/food/coffee.jpg
びっくりドンキー,イチゴミルク,milk_drink,/static/media/food/milk_drink.jpg
びっくりドンキー,のみごろキウイ,,(tile)
びっくりドンキー,オレンジジュース,juice_beverage,/static/media/food/juice_beverage.jpg
びっくりドンキー,いきいき乳酸菌ヨーデル,,(tile)
びっくりドンキー,北海道ソフトクリーム(チョコソース),soft_serve,/static/media/food/soft_serve.jpg
びっくりドンキー,北海道ソフトクリーム(イチゴソース),soft_serve,/static/media/food/soft_serve.jpg
びっくりドンキー,乳･小麦･卵を使わないハンバーグ,yakiniku_steak,/static/media/food/yakiniku_steak.jpg
びっくりドンキー,乳･小麦･卵を使わないハンバーグ(ライス・サラダ小盛),yakiniku_steak,/static/media/food/yakiniku_steak.jpg
びっくりドンキー,サラダ・みそ汁セット,teishoku,/static/media/food/teishoku.jpg
びっくりドンキー,ドンキーセット,teishoku,/static/media/food/teishoku.jpg
びっくりドンキー,コーンスープ,soup_corn,
びっくりドンキー,ガーリックチキン＆ハンバーグステーキ,steak_plate,/static/media/food/steak_plate.jpg
びっくりドンキー,ガーリックチキンステーキ,steak_plate,/static/media/food/steak_plate.jpg
びっくりドンキー,レギュラーバーグステーキ,steak_plate,/static/media/food/steak_plate.jpg
びっくりドンキー,エッグバーグステーキ,steak_plate,/static/media/food/steak_plate.jpg
びっくりドンキー,チーズバーグステーキ,steak_plate,/static/media/food/steak_plate.jpg
びっくりドンキー,パインバーグステーキ,steak_plate,/static/media/food/steak_plate.jpg
びっくりドンキー,おろしそバーグステーキ,steak_plate,/static/media/food/steak_plate.jpg
びっくりドンキー,フォンデュ風チーズバーグステーキ,steak_plate,/static/media/food/steak_plate.jpg
びっくりドンキー,黒デミバーグステーキ,steak_plate,/static/media/food/steak_plate.jpg
びっくりドンキー,ねぎポンおろしバーグステーキ,steak_plate,/static/media/food/steak_plate.jpg
びっくりドンキー,コロコロステーキ,steak_plate,/static/media/food/steak_plate.jpg
びっくりドンキー,ハンバーグ&コロコロステーキ,steak_plate,/static/media/food/steak_plate.jpg
びっくりドンキー,びっくりエビフライ＆ハンバーグステーキ,steak_plate,/static/media/food/steak_plate.jpg
びっくりドンキー,ホットカフェラテ,coffee,/static/media/food/coffee.jpg
びっくりドンキー,アイスクリーミーラテ,coffee,/static/media/food/coffee.jpg
びっくりドンキー,ホットウーロン茶,oolong_tea,
びっくりドンキー,アイスウーロン茶,oolong_tea,
びっくりドンキー,イチゴミルクソフトフロート,juice_beverage,/static/media/food/juice_beverage.jpg
びっくりドンキー,のみごろキウイソフトフロート,juice_beverage,/static/media/food/juice_beverage.jpg
びっくりドンキー,太陽のオレンジ,,(tile)
びっくりドンキー,森のリンゴスカッシュ,,(tile)
びっくりドンキー,森のリンゴスカッシュアイスフロート,juice_beverage,/static/media/food/juice_beverage.jpg
びっくりドンキー,コーラ,cola_drink,/static/media/food/cola_drink.jpg
びっくりドンキー,メロンソーダ,juice_beverage,/static/media/food/juice_beverage.jpg
びっくりドンキー,コーラアイスフロート,juice_beverage,/static/media/food/juice_beverage.jpg
びっくりドンキー,ソーダアイスフロート,juice_beverage,/static/media/food/juice_beverage.jpg
びっくりドンキー,ドンキースペシャルブレックファスト（目玉焼き）プレーントースト,toast_breakfast,/static/media/food/toast_breakfast.jpg
びっくりドンキー,ドンキースペシャルブレックファスト（目玉焼き）チーズトースト,toast_breakfast,/static/media/food/toast_breakfast.jpg
びっくりドンキー,ドンキースペシャルブレックファスト（目玉焼き）ポテサラトースト,toast_breakfast,/static/media/food/toast_breakfast.jpg
びっくりドンキー,ドンキースペシャルブレックファスト（目玉焼き）イチゴホイップトースト,toast_breakfast,/static/media/food/toast_breakfast.jpg
びっくりドンキー,ドンキースペシャルブレックファスト（スクランブルエッグ）プレーントースト,toast_breakfast,/static/media/food/toast_breakfast.jpg
びっくりドンキー,ドンキースペシャルブレックファスト（スクランブルエッグ）チーズトースト,toast_breakfast,/static/media/food/toast_breakfast.jpg
びっくりドンキー,ドンキースペシャルブレックファスト（スクランブルエッグ）ポテサラトースト,toast_breakfast,/static/media/food/toast_breakfast.jpg
びっくりドンキー,ドンキースペシャルブレックファスト（スクランブルエッグ）イチゴホイップトースト,toast_breakfast,/static/media/food/toast_breakfast.jpg
びっくりドンキー,ミニマムレギュラーバーグディッシュ,,(tile)
びっくりドンキー,ミニマムエッグバーグディッシュ,,(tile)
びっくりドンキー,ミニマムチーズバーグディッシュ,cheese_plate,
びっくりドンキー,ミニマムパインバーグディッシュ,donut,/static/media/food/donut.jpg
びっくりドンキー,ミニマムおろしそバーグディッシュ,,(tile)
びっくりドンキー,ミニマムレギュラーバーグディッシュセット（みそ汁orドリンク）,teishoku,/static/media/food/teishoku.jpg
びっくりドンキー,ミニマムエッグバーグディッシュセット（みそ汁orドリンク）,teishoku,/static/media/food/teishoku.jpg
びっくりドンキー,ミニマムチーズバーグディッシュセット（みそ汁orドリンク）,teishoku,/static/media/food/teishoku.jpg
びっくりドンキー,ミニマムパインバーグディッシュセット（みそ汁orドリンク）,teishoku,/static/media/food/teishoku.jpg
びっくりドンキー,ミニマムおろしそバーグディッシュセット（みそ汁orドリンク）,teishoku,/static/media/food/teishoku.jpg
びっくりドンキー,シナモンロールセット,teishoku,/static/media/food/teishoku.jpg
びっくりドンキー,プレーントーストセット（みそ汁orドリンク）,teishoku,/static/media/food/teishoku.jpg
びっくりドンキー,チーズトーストセット（みそ汁orドリンク）,teishoku,/static/media/food/teishoku.jpg
びっくりドンキー,ポテサラトーストセット（みそ汁orドリンク）,teishoku,/static/media/food/teishoku.jpg
びっくりドンキー,イチゴホイップトーストセット（みそ汁orドリンク）,teishoku,/static/media/food/teishoku.jpg
びっくりドンキー,卵かけご飯,gohan_rice,
びっくりドンキー,ディッシュサラダ,salad_green,
びっくりドンキー,シーザーサラダ,salad_green,
びっくりドンキー,レギュラーバーグディッシュランチ（みそ汁付）,teishoku,/static/media/food/teishoku.jpg
びっくりドンキー,エッグバーグディッシュランチ（みそ汁付）,teishoku,/static/media/food/teishoku.jpg
びっくりドンキー,チーズバーグディッシュランチ（みそ汁付）,teishoku,/static/media/food/teishoku.jpg
びっくりドンキー,パインバーグディッシュランチ（みそ汁付）,teishoku,/static/media/food/teishoku.jpg
びっくりドンキー,おろしそバーグディッシュランチ（みそ汁付）,teishoku,/static/media/food/teishoku.jpg
びっくりドンキー,オムデミチーズバーグディッシュランチ（みそ汁付）,teishoku,/static/media/food/teishoku.jpg
びっくりドンキー,ハンバーグ&コロコロステーキランチ（ライス＋みそ汁付）,teishoku,/static/media/food/teishoku.jpg
びっくりドンキー,ぶ〜ちゃんのおこさまランチ,teishoku,/static/media/food/teishoku.jpg
びっくりドンキー,プチうどん,udon,/static/media/food/udon.jpg
びっくりドンキー,おこさまカレー,curry_rice,/static/media/food/curry_rice.jpg
びっくりドンキー,おこさまスパゲティ,,(tile)
びっくりドンキー,おこさまコーンスープ,soup_corn,
びっくりドンキー,おこさまザンギ,,(tile)
びっくりドンキー,びっくりフライドポテトS,french_fries,/static/media/food/french_fries.jpg
びっくりドンキー,おこさまイチゴミルク,milk_drink,/static/media/food/milk_drink.jpg
びっくりドンキー,おこさま太陽のオレンジ,,(tile)
びっくりドンキー,おこさまコーラ,cola_drink,/static/media/food/cola_drink.jpg
びっくりドンキー,おこさまメロンソーダ,juice_beverage,/static/media/food/juice_beverage.jpg
びっくりドンキー,おこさまリンゴジュース,juice_beverage,/static/media/food/juice_beverage.jpg
びっくりドンキー,乳酸菌飲料ミルポックル,,(tile)
べじらーめんゆにわ,醤油ベジラーメン,ramen_shoyu,/static/media/food/ramen_shoyu.jpg
べじらーめんゆにわ,塩ベジラーメン,ramen_shoyu,/static/media/food/ramen_shoyu.jpg
べじらーめんゆにわ,レモンごまベジラーメン,ramen_shoyu,/static/media/food/ramen_shoyu.jpg
べじらーめんゆにわ,汁なし担々麺,ramen_shoyu,/static/media/food/ramen_shoyu.jpg
べじらーめんゆにわ,担々麺,ramen_shoyu,/static/media/food/ramen_shoyu.jpg
べじらーめんゆにわ,トマトベジラーメン,ramen_shoyu,/static/media/food/ramen_shoyu.jpg
べじらーめんゆにわ,ベジ油そば,ramen_shoyu,/static/media/food/ramen_shoyu.jpg
べじらーめんゆにわ,味噌ベジラーメン,ramen_shoyu,/static/media/food/ramen_shoyu.jpg
べじらーめんゆにわ,ベジ辛つけ麺ごまソース,ramen_tsukemen,/static/media/food/ramen_tsukemen.jpg
べじらーめんゆにわ,ベジまぜそば,soba,/static/media/food/soba.jpg
べじらーめんゆにわ,おいなりさん,,(tile)
べじらーめんゆにわ,玄米ごはん,gohan_rice,
べじらーめんゆにわ,納豆キムチ炒飯,chahan,/static/media/food/chahan.jpg
べじらーめんゆにわ,べじカレー,curry_rice,/static/media/food/curry_rice.jpg
べじらーめんゆにわ,べじ餃子,gyoza,
べじらーめんゆにわ,車麩丼,donburi_rice,/static/media/food/donburi_rice.jpg
べじらーめんゆにわ,自家製あんみつ,anmitsu,/static/media/food/anmitsu.jpg
ほっともっと,アジフライのりタル弁当,bento,/static/media/food/bento.jpg
ほっともっと,アジフライ＆しょうが焼き弁当,bento,/static/media/food/bento.jpg
ほっともっと,今治焼豚玉子飯,tamago_egg,/static/media/food/tamago_egg.jpg
ほっともっと,W今治焼豚玉子飯(肉2倍),tamago_egg,/static/media/food/tamago_egg.jpg
ほっともっと,麻辣湯弁当,bento,/static/media/food/bento.jpg
ほっともっと,チーズ麻辣湯弁当,bento,/static/media/food/bento.jpg
ほっともっと,おろしかつめし（丼タイプ）,tonkatsu_pork,/static/media/food/tonkatsu_pork.jpg
ほっともっと,おろしかつ弁当,bento,/static/media/food/bento.jpg
ほっともっと,8コ入りチキンBOX 3種のディップソースセット,karaage_chicken,/static/media/food/karaage_chicken.jpg
ほっともっと,12コ入りチキンBOX 3種のディップソースセット,karaage_chicken,/static/media/food/karaage_chicken.jpg
ほっともっと,16コ入りチキンセット(8コ入りBOX×2） 3種のディップソースセット,teishoku,/static/media/food/teishoku.jpg
ほっともっと,チキポテBOX 3種のディップソースセット,teishoku,/static/media/food/teishoku.jpg
ほっともっと,白身フライ＆チキンBOX 3種のディップソースセット,karaage_chicken,/static/media/food/karaage_chicken.jpg
ほっともっと,フライドポテトBOX 3種のディップソースセット,french_fries,/static/media/food/french_fries.jpg
ほっともっと,3種のディップソースセット(通常価格),teishoku,/static/media/food/teishoku.jpg
ほっともっと,アジフライ＆しょうが焼き　おかずのみ,fry_seafood,/static/media/food/fry_seafood.jpg
ほっともっと,麻辣湯　おかずのみ,,(tile)
ほっともっと,チーズ麻辣湯　おかずのみ,cheese_plate,
ほっともっと,おろしかつ　おかずのみ,tonkatsu_pork,/static/media/food/tonkatsu_pork.jpg
ほっともっと,のり弁当,bento,/static/media/food/bento.jpg
ほっともっと,特のりタル弁当,bento,/static/media/food/bento.jpg
ほっともっと,全部のせのりタル弁当,bento,/static/media/food/bento.jpg
ほっともっと,BIGのりタル弁当(ナポリタン),bento,/static/media/food/bento.jpg
ほっともっと,しゃけのり弁当,bento,/static/media/food/bento.jpg
ほっともっと,4コ入りから揚弁当,bento,/static/media/food/bento.jpg
ほっともっと,6コ入りから揚弁当,bento,/static/media/food/bento.jpg
ほっともっと,4コ入りから揚　おかずのみ,,(tile)
ほっともっと,6コ入りから揚　おかずのみ,,(tile)
ほっともっと,チキン南蛮弁当,bento,/static/media/food/bento.jpg
ほっともっと,九州チキン南蛮弁当,bento,/static/media/food/bento.jpg
ほっともっと,おろしチキン竜田弁当,bento,/static/media/food/bento.jpg
ほっともっと,ロースとんかつ弁当,bento,/static/media/food/bento.jpg
ほっともっと,しょうが焼き弁当,bento,/static/media/food/bento.jpg
ほっともっと,牛焼肉弁当,bento,/static/media/food/bento.jpg
ほっともっと,ビーフカットステーキ弁当,bento,/static/media/food/bento.jpg
ほっともっと,デミグラスハンバーグ弁当,bento,/static/media/food/bento.jpg
ほっともっと,和風オニオンソースハンバーグ弁当,bento,/static/media/food/bento.jpg
ほっともっと,チーズハンバーグ弁当,bento,/static/media/food/bento.jpg
ほっともっと,ロースかつとじ弁当,bento,/static/media/food/bento.jpg
ほっともっと,肉野菜炒め弁当,bento,/static/media/food/bento.jpg
ほっともっと,チキン南蛮　おかずのみ,karaage_chicken,/static/media/food/karaage_chicken.jpg
ほっともっと,九州チキン南蛮　おかずのみ,karaage_chicken,/static/media/food/karaage_chicken.jpg
ほっともっと,おろしチキン竜田　おかずのみ,karaage_chicken,/static/media/food/karaage_chicken.jpg
ほっともっと,ロースとんかつ　おかずのみ,tonkatsu_pork,/static/media/food/tonkatsu_pork.jpg
ほっともっと,しょうが焼き　おかずのみ,,(tile)
ほっともっと,牛焼肉　おかずのみ,yakiniku_steak,/static/media/food/yakiniku_steak.jpg
ほっともっと,ビーフカットステーキ　おかずのみ,steak_plate,/static/media/food/steak_plate.jpg
ほっともっと,デミグラスハンバーグ　おかずのみ,yakiniku_steak,/static/media/food/yakiniku_steak.jpg
ほっともっと,和風オニオンソースハンバーグ　おかずのみ,yakiniku_steak,/static/media/food/yakiniku_steak.jpg
ほっともっと,チーズハンバーグ弁当　おかずのみ,bento,/static/media/food/bento.jpg
ほっともっと,ロースかつとじ　おかずのみ,tonkatsu_pork,/static/media/food/tonkatsu_pork.jpg
ほっともっと,肉野菜炒め　おかずのみ,yasai_itame,/static/media/food/yasai_itame.jpg
ほっともっと,しょうが焼き＆から揚弁当,bento,/static/media/food/bento.jpg
ほっともっと,牛焼肉＆から揚弁当,bento,/static/media/food/bento.jpg
ほっともっと,デミグラスハンバーグ＆から揚弁当,bento,/static/media/food/bento.jpg
ほっともっと,和風オニオンソースハンバーグ＆から揚弁当,bento,/static/media/food/bento.jpg
ほっともっと,しょうが焼き＆から揚　おかずのみ,,(tile)
ほっともっと,牛焼肉＆から揚　おかずのみ,yakiniku_steak,/static/media/food/yakiniku_steak.jpg
ほっともっと,デミグラスハンバーグ＆から揚　おかずのみ,yakiniku_steak,/static/media/food/yakiniku_steak.jpg
ほっともっと,和風オニオンソースハンバーグ＆から揚　おかずのみ,yakiniku_steak,/static/media/food/yakiniku_steak.jpg
ほっともっと,倍盛チキン南蛮弁当(肉2倍),bento,/static/media/food/bento.jpg
ほっともっと,倍盛九州チキン南蛮弁当(肉2倍),bento,/static/media/food/bento.jpg
ほっともっと,倍盛おろしチキン竜田弁当(肉2倍),bento,/static/media/food/bento.jpg
ほっともっと,倍盛ロースとんかつ弁当(肉2倍),bento,/static/media/food/bento.jpg
ほっともっと,倍盛しょうが焼き弁当(肉2倍),bento,/static/media/food/bento.jpg
ほっともっと,倍盛牛焼肉弁当(肉2倍),bento,/static/media/food/bento.jpg
ほっともっと,倍盛ビーフカットステーキ弁当(肉2倍),bento,/static/media/food/bento.jpg
ほっともっと,倍盛デミグラスハンバーグ弁当(肉2倍),bento,/static/media/food/bento.jpg
ほっともっと,倍盛和風オニオンソースハンバーグ弁当(肉2倍),bento,/static/media/food/bento.jpg
ほっともっと,倍盛チーズハンバーグ弁当(肉2倍),bento,/static/media/food/bento.jpg
ほっともっと,倍盛ロースかつとじ弁当(肉2倍),bento,/static/media/food/bento.jpg
ほっともっと,倍盛チキン南蛮　おかずのみ,karaage_chicken,/static/media/food/karaage_chicken.jpg
ほっともっと,倍盛九州チキン南蛮　おかずのみ,karaage_chicken,/static/media/food/karaage_chicken.jpg
ほっともっと,倍盛おろしチキン竜田　おかずのみ,karaage_chicken,/static/media/food/karaage_chicken.jpg
ほっともっと,倍盛ロースとんかつ　おかずのみ,tonkatsu_pork,/static/media/food/tonkatsu_pork.jpg
ほっともっと,倍盛しょうが焼き　おかずのみ,,(tile)
ほっともっと,倍盛牛焼肉　おかずのみ,yakiniku_steak,/static/media/food/yakiniku_steak.jpg
ほっともっと,倍盛ビーフカットステーキ　おかずのみ,steak_plate,/static/media/food/steak_plate.jpg
ほっともっと,倍盛デミグラスハンバーグ　おかずのみ,yakiniku_steak,/static/media/food/yakiniku_steak.jpg
ほっともっと,倍盛和風オニオンソースハンバーグ　おかずのみ,yakiniku_steak,/static/media/food/yakiniku_steak.jpg
ほっともっと,倍盛チーズハンバーグ　おかずのみ,yakiniku_steak,/static/media/food/yakiniku_steak.jpg
ほっともっと,倍盛ロースかつとじ　おかずのみ,tonkatsu_pork,/static/media/food/tonkatsu_pork.jpg
ほっともっと,とりめし弁当,bento,/static/media/food/bento.jpg
ほっともっと,親子丼,donburi_rice,/static/media/food/donburi_rice.jpg
ほっともっと,ロースかつ丼,katsudon,/static/media/food/katsudon.jpg
ほっともっと,Wロースかつ丼(肉2倍),katsudon,/static/media/food/katsudon.jpg
ほっともっと,カレー,curry_rice,/static/media/food/curry_rice.jpg
ほっともっと,ロースカツカレー,curry_rice,/static/media/food/curry_rice.jpg
ほっともっと,から揚カレー,curry_rice,/static/media/food/curry_rice.jpg
ほっともっと,白身フライカレー,curry_rice,/static/media/food/curry_rice.jpg
ほっともっと,特製ナポリタン＆サラダ,salad_green,
ほっともっと,W特製ナポリタン＆サラダ(麺2倍),salad_green,
ほっともっと,特製ナポリタン弁当,bento,/static/media/food/bento.jpg
ほっともっと,W特製ナポリタン弁当(麺2倍),bento,/static/media/food/bento.jpg
ほっともっと,ビーフカットステーキ重,steak_plate,/static/media/food/steak_plate.jpg
ほっともっと,もちミニ®彩・豆腐ハンバーグ弁当,bento,/static/media/food/bento.jpg
ほっともっと,もちミニ®しゃけ弁当,bento,/static/media/food/bento.jpg
ほっともっと,幕の内弁当(豆腐ハンバーグと野菜の照りだれ),bento,/static/media/food/bento.jpg
ほっともっと,幕の内弁当(牛焼肉),bento,/static/media/food/bento.jpg
ほっともっと,特撰幕の内弁当,bento,/static/media/food/bento.jpg
ほっともっと,洋風バラエティ弁当,bento,/static/media/food/bento.jpg
ほっともっと,スペシャル洋風バラエティ弁当,bento,/static/media/food/bento.jpg
ほっともっと,ドラえもんランチ/ドラミちゃんランチ(ふりかけ),teishoku,/static/media/food/teishoku.jpg
ほっともっと,ドラえもんランチ/ドラミちゃんランチ(カレー),teishoku,/static/media/food/teishoku.jpg
ほっともっと,カレー　ルーのみ,curry_rice,/static/media/food/curry_rice.jpg
ほっともっと,8コ入りチキンBOX,karaage_chicken,/static/media/food/karaage_chicken.jpg
ほっともっと,12コ入りチキンBOX,karaage_chicken,/static/media/food/karaage_chicken.jpg
ほっともっと,16コ入りチキンセット　(8コ入りBOX×2）,teishoku,/static/media/food/teishoku.jpg
ほっともっと,チキポテBOX,,(tile)
ほっともっと,白身フライ＆チキンBOX,karaage_chicken,/static/media/food/karaage_chicken.jpg
ほっともっと,フライドポテトBOX,french_fries,/static/media/food/french_fries.jpg
ほっともっと,ミニ冷やしわかめうどん,udon,/static/media/food/udon.jpg
ほっともっと,旨辛特製豚汁,soup_miso,/static/media/food/soup_miso.jpg
ほっともっと,プラスから揚（2コ入り）,,(tile)
ほっともっと,ほっとチキン,karaage_chicken,/static/media/food/karaage_chicken.jpg
ほっともっと,手羽から揚(しお味)5本入り,yakitori,/static/media/food/yakitori.jpg
ほっともっと,手羽から揚(しお味)10本入り,yakitori,/static/media/food/yakitori.jpg
ほっともっと,フライドポテト,french_fries,/static/media/food/french_fries.jpg
ほっともっと,パリパリ春巻,gyoza,
ほっともっと,たっぷりグリーンサラダ,salad_green,
ほっともっと,7品目のミックスサラダ,salad_green,
ほっともっと,3種根菜の煮物,,(tile)
ほっともっと,6種具材のひじき煮,,(tile)
ほっともっと,さっぱりゆず大根,,(tile)
ほっともっと,旨さやみつきキムチ,kimchi,/static/media/food/kimchi.jpg
ほっともっと,ライス単品(中),gohan_rice,
ほっともっと,ミニわかめうどん,udon,/static/media/food/udon.jpg
ほっともっと,特製豚汁,soup_miso,/static/media/food/soup_miso.jpg
ほっともっと,豚汁,soup_miso,/static/media/food/soup_miso.jpg
ほっともっと,わかめスープ,soup_miso,/static/media/food/soup_miso.jpg
ほっともっと,たまごスープ,soup_miso,/static/media/food/soup_miso.jpg
ほっともっと,しじみのみそ汁,soup_miso,/static/media/food/soup_miso.jpg
ほっともっと,海苔とあおさのみそ汁,soup_miso,/static/media/food/soup_miso.jpg
ほっともっと,アジフライ,fry_seafood,/static/media/food/fry_seafood.jpg
ほっともっと,から揚,,(tile)
ほっともっと,メンチカツ,tonkatsu_pork,/static/media/food/tonkatsu_pork.jpg
ほっともっと,白身フライ,fry_seafood,/static/media/food/fry_seafood.jpg
ほっともっと,エビフライ,fry_seafood,/static/media/food/fry_seafood.jpg
ほっともっと,ちくわ天,,(tile)
ほっともっと,オードブル,,(tile)
ほっともっと,おつまみプレート,,(tile)
ほっともっと,特注弁当　松,bento,/static/media/food/bento.jpg
ほっともっと,特注弁当　竹,bento,/static/media/food/bento.jpg
ほっともっと,特注弁当　梅,bento,/static/media/food/bento.jpg
ほっともっと,特注弁当,bento,/static/media/food/bento.jpg
ほっともっと,おにぎりセット,teishoku,/static/media/food/teishoku.jpg
ほっともっと,スポーツ弁当　のり,bento,/static/media/food/bento.jpg
ほっともっと,スポーツ弁当　しょうが焼き＆焼売,bento,/static/media/food/bento.jpg
ほっともっと,スポーツ弁当　から揚＆デミメンチ,bento,/static/media/food/bento.jpg
ほっともっと,スポーツ弁当　バラエティ,bento,/static/media/food/bento.jpg
ほっともっと,スポーツ弁当　12品目の幕の内,bento,/static/media/food/bento.jpg
まきの,天ぷら定食 (玉子天付き),teishoku,/static/media/food/teishoku.jpg
まきの,天ぷら定食 (夏の梅肉タルタル),teishoku,/static/media/food/teishoku.jpg
まきの,海老天定食,teishoku,/static/media/food/teishoku.jpg
まきの,海老天定食 (玉子天付き),teishoku,/static/media/food/teishoku.jpg
まきの,魚介天定食,teishoku,/static/media/food/teishoku.jpg
まきの,魚介天定食 (玉子天付き),teishoku,/static/media/food/teishoku.jpg
まきの,野菜天定食,teishoku,/static/media/food/teishoku.jpg
まきの,野菜天定食 (玉子天付き),teishoku,/static/media/food/teishoku.jpg
まきの,まきののから揚げ定食,teishoku,/static/media/food/teishoku.jpg
まきの,まきののから揚げ定食 (玉子天付き),teishoku,/static/media/food/teishoku.jpg
まきの,ざる蕎麦,soba,/static/media/food/soba.jpg
まきの,ざるうどん,udon,/static/media/food/udon.jpg
まきの,小蕎麦,soba,/static/media/food/soba.jpg
まきの,小うどん,udon,/static/media/food/udon.jpg
まきの,ご飯,gohan_rice,
まきの,ご飯セット,teishoku,/static/media/food/teishoku.jpg
まきの,味噌汁,soup_miso,/static/media/food/soup_miso.jpg
まきの,ビール,beer_alcohol,/static/media/food/beer_alcohol.jpg
まきの,ハイボール,whisky,/static/media/food/whisky.jpg
まきの,日本酒,sake_drink,/static/media/food/sake_drink.jpg
まきの,コーラ,cola_drink,/static/media/food/cola_drink.jpg
まきの,瓶ビール,beer_alcohol,/static/media/food/beer_alcohol.jpg
まんまの,うずら,tamago_egg,/static/media/food/tamago_egg.jpg
まんまの,しいたけ,,(tile)
まんまの,さつま揚げ,,(tile)
まんまの,厚揚げ,,(tile)
まんまの,こんにゃく,,(tile)
まんまの,じゃがいも,,(tile)
まんまの,宇和島じゃこてん,,(tile)
まんまの,和牛すじ,,(tile)
まんまの,餅巾着,,(tile)
まんまの,たこ,sushi_platter,/static/media/food/sushi_platter.jpg
まんまの,おでん5種盛り,oden,/static/media/food/oden.jpg
まんまの,玉子,tamago_egg,/static/media/food/tamago_egg.jpg
まんまの,いか,sushi_platter,/static/media/food/sushi_platter.jpg
まんまの,まぐろ,sushi_tuna,/static/media/food/sushi_tuna.jpg
まんまの,サーモン,sushi_salmon,/static/media/food/sushi_salmon.jpg
まんまの,えび,sushi_shrimp,
まんまの,たい,,(tile)
まんまの,ほたて,sushi_platter,/static/media/food/sushi_platter.jpg
まんまの,うなぎ,unagi,/static/media/food/unagi.jpg
まんまの,かんぱち,,(tile)
まんまの,つぶ貝,sushi_platter,/static/media/food/sushi_platter.jpg
まんまの,いくら,,(tile)
まんまの,ねぎとろ,sushi_tuna,/static/media/food/sushi_tuna.jpg
まんまの,かに,,(tile)
まんまの,うに,,(tile)
まんまの,炙りサーモン,sushi_salmon,/static/media/food/sushi_salmon.jpg
まんまの,炙りえび,sushi_shrimp,
まんまの,炙りほたて,sushi_platter,/static/media/food/sushi_platter.jpg
まんまの,炙りうなぎ,unagi,/static/media/food/unagi.jpg
まんまの,炙りかんぱち,,(tile)
まんまの,炙りつぶ貝,sushi_platter,/static/media/food/sushi_platter.jpg
まんまの,炙りまぐろ,sushi_tuna,/static/media/food/sushi_tuna.jpg
まんまの,炙りたい,,(tile)
まんまの,炙りいか,sushi_platter,/static/media/food/sushi_platter.jpg
まんまの,炙り玉子,tamago_egg,/static/media/food/tamago_egg.jpg
まんまの,炙りいくら,,(tile)
まんまの,炙りねぎとろ,sushi_tuna,/static/media/food/sushi_tuna.jpg
まんまの,炙りかに,,(tile)
まんまの,炙りうに,,(tile)
まんまの,海鮮ユッケ巻き,sushi_roll,/static/media/food/sushi_roll.jpg
まんまの,うなカツ,tonkatsu_pork,/static/media/food/tonkatsu_pork.jpg
まんまの,まんまの握り,sushi_platter,/static/media/food/sushi_platter.jpg
まんまの,サーモン巻き,sushi_roll,/static/media/food/sushi_roll.jpg
まんまの,とろ鉄火巻き,sushi_roll,/static/media/food/sushi_roll.jpg
まんまの,サーモン3種食べ比べ,sushi_salmon,/static/media/food/sushi_salmon.jpg
まんまの,まぐろ3種食べ比べ,sushi_tuna,/static/media/food/sushi_tuna.jpg
まんまの,たまご巻き,sushi_roll,/static/media/food/sushi_roll.jpg
まんまの,鉄火巻き,sushi_roll,/static/media/food/sushi_roll.jpg
まんまの,茄子,,(tile)
まんまの,たまねぎ,,(tile)
まんまの,もち,,(tile)
まんまの,プチトマト,,(tile)
まんまの,れんこん,,(tile)
まんまの,豚ばら,,(tile)
まんまの,さつまいも,,(tile)
まんまの,アスパラ,,(tile)
まんまの,南京,,(tile)
まんまの,鶏むね,,(tile)
まんまの,にんにく,,(tile)
まんまの,チーズ,cheese_plate,
まんまの,紅しょうが,,(tile)
まんまの,豚ロース,yakiniku_steak,/static/media/food/yakiniku_steak.jpg
まんまの,牛ロース,yakiniku_steak,/static/media/food/yakiniku_steak.jpg
まんまの,ホルモン,horumon,
まんまの,串かつ5種盛り,tonkatsu_pork,/static/media/food/tonkatsu_pork.jpg
まんまの,串かつ7種盛り,tonkatsu_pork,/static/media/food/tonkatsu_pork.jpg
まんまの,カツオたたき,tonkatsu_pork,/static/media/food/tonkatsu_pork.jpg
まんまの,お造り3種盛り,sashimi,/static/media/food/sashimi.jpg
まんまの,お造り5種盛り,sashimi,/static/media/food/sashimi.jpg
まんまの,大根,,(tile)
まんまの,いわし,,(tile)
まんまの,てんぷら5種盛り,,(tile)
まんまの,いかしそ,sushi_platter,/static/media/food/sushi_platter.jpg
まんまの,丸揚げにんにく,,(tile)
まんまの,昔ながらのコロッケ,korokke,/static/media/food/korokke.jpg
まんまの,エイヒレ,,(tile)
まんまの,生麩田楽,miso_dengaku,/static/media/food/miso_dengaku.jpg
まんまの,チーズ春巻き,sushi_roll,/static/media/food/sushi_roll.jpg
まんまの,手羽先オーブン焼き,karaage_chicken,/static/media/food/karaage_chicken.jpg
まんまの,酒盗クリームチーズ,cheese_plate,
まんまの,マスカルポーネ奈良漬け,,(tile)
まんまの,万願寺唐辛子,,(tile)
まんまの,ポテトサラダ,salad_green,
まんまの,カキフライ,fry_seafood,/static/media/food/fry_seafood.jpg
まんまの,だし巻き,tamagoyaki,/static/media/food/tamagoyaki.jpg
まんまの,まんまのまんま焼き鳥,yakitori,/static/media/food/yakitori.jpg
まんまの,たこさんウインナー,sausage,/static/media/food/sausage.jpg
まんまの,ポテトフライ,fry_seafood,/static/media/food/fry_seafood.jpg
まんまの,海老グラタン,gratin,/static/media/food/gratin.jpg
まんまの,うなぎの蒲焼,unagi,/static/media/food/unagi.jpg
まんまの,たこから揚げ,karaage_chicken,/static/media/food/karaage_chicken.jpg
まんまの,深海魚の唐揚げ,karaage_chicken,/static/media/food/karaage_chicken.jpg
まんまの,イカゲソ唐揚げ,karaage_chicken,/static/media/food/karaage_chicken.jpg
まんまの,ポテト明太チーズ,cheese_plate,
まんまの,豚キムチ,kimchi,/static/media/food/kimchi.jpg
まんまの,うなぎ玉子,tamago_egg,/static/media/food/tamago_egg.jpg
まんまの,アボカドユッケ,salad_green,
まんまの,梅水晶,,(tile)
まんまの,まんまのサラダ,salad_green,
まんまの,漬物,tsukemono,/static/media/food/tsukemono.jpg
まんまの,さんま節冷奴,hiyayakko,/static/media/food/hiyayakko.jpg
まんまの,えのきポン酢,,(tile)
まんまの,チャンジャ,,(tile)
まんまの,たこわさ,sushi_platter,/static/media/food/sushi_platter.jpg
まんまの,あん肝なめろう,,(tile)
まんまの,白ごはん,gohan_rice,
まんまの,お茶漬け,tea_matcha,/static/media/food/tea_matcha.jpg
まんまの,お味噌汁,soup_miso,/static/media/food/soup_miso.jpg
まんまの,おにぎり,onigiri,/static/media/food/onigiri.jpg
まんまの,季節のシャーベット,icecream_parfait,/static/media/food/icecream_parfait.jpg
まんまの,バニラアイス,icecream_parfait,/static/media/food/icecream_parfait.jpg
まんまの,チョコアイス,icecream_parfait,/static/media/food/icecream_parfait.jpg
まんまの,黒蜜きなこアイス,icecream_parfait,/static/media/food/icecream_parfait.jpg
めしや宮本むなし,こだわり豚汁と玉子焼きの定食　鶏唐2個付き,teishoku,/static/media/food/teishoku.jpg
めしや宮本むなし,こだわり豚汁と玉子焼きの定食,teishoku,/static/media/food/teishoku.jpg
めしや宮本むなし,自家製タルタルのチキン南蛮定食（4個）,teishoku,/static/media/food/teishoku.jpg
めしや宮本むなし,自家製タルタルのチキン南蛮定食（5個）,teishoku,/static/media/food/teishoku.jpg
めしや宮本むなし,鶏もも唐揚げ定食（5個）,teishoku,/static/media/food/teishoku.jpg
めしや宮本むなし,鶏もも唐揚げ定食（7個）,teishoku,/static/media/food/teishoku.jpg
めしや宮本むなし,豚バラのしょうが焼き定食,teishoku,/static/media/food/teishoku.jpg
めしや宮本むなし,豚バラのしょうが焼き定食（大盛）,teishoku,/static/media/food/teishoku.jpg
めしや宮本むなし,たっぷり肉野菜炒め定食,teishoku,/static/media/food/teishoku.jpg
めしや宮本むなし,たっぷり肉野菜炒め定食（大盛）,teishoku,/static/media/food/teishoku.jpg
めしや宮本むなし,特製デミのハンバーグ定食,teishoku,/static/media/food/teishoku.jpg
めしや宮本むなし,おろしポン酢ハンバーグ定食,teishoku,/static/media/food/teishoku.jpg
めしや宮本むなし,鶏とキャベツのコク旨味噌炒め定食,teishoku,/static/media/food/teishoku.jpg
めしや宮本むなし,甘辛チキンステーキ定食,teishoku,/static/media/food/teishoku.jpg
めしや宮本むなし,鶏むね肉のチキン南蛮と豚バラの生姜焼き定食,teishoku,/static/media/food/teishoku.jpg
めしや宮本むなし,サクサク鶏むね肉のチキン南蛮とエビフライ定食,teishoku,/static/media/food/teishoku.jpg
めしや宮本むなし,とんかつ＆エビフライ定食,teishoku,/static/media/food/teishoku.jpg
めしや宮本むなし,とんかつ＆カニクリームコロッケ定食,teishoku,/static/media/food/teishoku.jpg
めしや宮本むなし,ふんわり玉子の土鍋かつ煮定食,teishoku,/static/media/food/teishoku.jpg
めしや宮本むなし,濃厚！土鍋味噌かつ煮定食,teishoku,/static/media/food/teishoku.jpg
めしや宮本むなし,サバの塩焼き定食,teishoku,/static/media/food/teishoku.jpg
めしや宮本むなし,【牛・豚・鶏】焼肉ミックス定食,teishoku,/static/media/food/teishoku.jpg
めしや宮本むなし,【牛・豚・鶏】焼肉ミックス定食（肉倍盛）,teishoku,/static/media/food/teishoku.jpg
めしや宮本むなし,茄子味噌と焼魚の定食,teishoku,/static/media/food/teishoku.jpg
めしや宮本むなし,しまほっけと甘辛チキンステーキ定食,teishoku,/static/media/food/teishoku.jpg
めしや宮本むなし,しまほっけと鶏唐定食,teishoku,/static/media/food/teishoku.jpg
めしや宮本むなし,塩サバと鶏唐定食,teishoku,/static/media/food/teishoku.jpg
めしや宮本むなし,牛カットステーキミックス定食,teishoku,/static/media/food/teishoku.jpg
めしや宮本むなし,牛カットステーキ定食（ガーリック）,teishoku,/static/media/food/teishoku.jpg
めしや宮本むなし,牛カットステーキ定食大盛（ガーリック）,teishoku,/static/media/food/teishoku.jpg
めしや宮本むなし,牛カットステーキ定食（おろしポン酢）,teishoku,/static/media/food/teishoku.jpg
めしや宮本むなし,牛カットステーキ定食大盛（おろしポン酢）,teishoku,/static/media/food/teishoku.jpg
めしや宮本むなし,白ごはん→十六穀米へ変更,gohan_rice,
めしや宮本むなし,味噌汁→豚汁へ変更,soup_miso,/static/media/food/soup_miso.jpg
めしや宮本むなし,味噌汁→冷やしミニそばへ変更,soba,/static/media/food/soba.jpg
めしや宮本むなし,定食をデラックスに変更,teishoku,/static/media/food/teishoku.jpg
めしや宮本むなし,【帯広名物】小さな豚丼とざるそば,soba,/static/media/food/soba.jpg
めしや宮本むなし,【大分郷土料理】小さなりゅうきゅう丼とざるそば,soba,/static/media/food/soba.jpg
めしや宮本むなし,小さな漬けまぐろ丼とざるそば,soba,/static/media/food/soba.jpg
めしや宮本むなし,【帯広名物】豚丼とざるそば,soba,/static/media/food/soba.jpg
めしや宮本むなし,【大分郷土料理】りゅうきゅう丼とざるそば,soba,/static/media/food/soba.jpg
めしや宮本むなし,漬けまぐろ丼とざるそば,soba,/static/media/food/soba.jpg
めしや宮本むなし,【帯広名物】豚丼,gyudon_beef,/static/media/food/gyudon_beef.jpg
めしや宮本むなし,【大分郷土料理】りゅうきゅう丼,donburi_rice,/static/media/food/donburi_rice.jpg
めしや宮本むなし,漬けまぐろ丼,donburi_rice,/static/media/food/donburi_rice.jpg
めしや宮本むなし,ざるそば,soba,/static/media/food/soba.jpg
めしや宮本むなし,ざるそば大盛変更,soba,/static/media/food/soba.jpg
めしや宮本むなし,お母さんの玉子丼と鶏唐セット,teishoku,/static/media/food/teishoku.jpg
めしや宮本むなし,コク旨味噌スープの豚菜麺,soup_miso,/static/media/food/soup_miso.jpg
めしや宮本むなし,コク旨味噌スープの豚菜麺定食,teishoku,/static/media/food/teishoku.jpg
めしや宮本むなし,ねぎとろ丼,donburi_rice,/static/media/food/donburi_rice.jpg
めしや宮本むなし,カツ丼（味噌汁付）,katsudon,/static/media/food/katsudon.jpg
めしや宮本むなし,玉子かけご飯朝食,gohan_rice,
めしや宮本むなし,納豆朝食,natto,/static/media/food/natto.jpg
めしや宮本むなし,目玉焼きとウインナー朝食,sausage,/static/media/food/sausage.jpg
めしや宮本むなし,サバの塩焼き朝食,,(tile)
めしや宮本むなし,しゃけの塩焼き朝食,,(tile)
めしや宮本むなし,コロッケ定食,teishoku,/static/media/food/teishoku.jpg
めしや宮本むなし,サクサク鶏むね肉のチキン南蛮定食,teishoku,/static/media/food/teishoku.jpg
めしや宮本むなし,ミックスフライ定食,teishoku,/static/media/food/teishoku.jpg
めしや宮本むなし,カツ玉子とじ定食,teishoku,/static/media/food/teishoku.jpg
めしや宮本むなし,ランチハンバーグ定食（デミ）,teishoku,/static/media/food/teishoku.jpg
めしや宮本むなし,ランチハンバーグ定食（おろし）,teishoku,/static/media/food/teishoku.jpg
めしや宮本むなし,具だくさん豚汁,soup_miso,/static/media/food/soup_miso.jpg
めしや宮本むなし,チキン南蛮（3個）,karaage_chicken,/static/media/food/karaage_chicken.jpg
めしや宮本むなし,チキン南蛮（2個）,karaage_chicken,/static/media/food/karaage_chicken.jpg
めしや宮本むなし,チキン南蛮（1個）,karaage_chicken,/static/media/food/karaage_chicken.jpg
めしや宮本むなし,鶏唐（3個）,,(tile)
めしや宮本むなし,鶏唐（2個）,,(tile)
めしや宮本むなし,鶏唐（1個）,,(tile)
めしや宮本むなし,本にがり豆腐,,(tile)
めしや宮本むなし,お母さんの玉子焼き,tamagoyaki,/static/media/food/tamagoyaki.jpg
めしや宮本むなし,お母さんの玉子焼き（ねぎ入り）,tamagoyaki,/static/media/food/tamagoyaki.jpg
めしや宮本むなし,イカの唐揚げ,karaage_chicken,/static/media/food/karaage_chicken.jpg
めしや宮本むなし,鶏唐（2個）＆ポテトフライ,fry_seafood,/static/media/food/fry_seafood.jpg
めしや宮本むなし,エビフライ＆コロッケ,korokke,/static/media/food/korokke.jpg
めしや宮本むなし,アジフライ,fry_seafood,/static/media/food/fry_seafood.jpg
めしや宮本むなし,大盛ポテトフライ,fry_seafood,/static/media/food/fry_seafood.jpg
めしや宮本むなし,ミニ塩サバ,,(tile)
めしや宮本むなし,カニクリームコロッケ,korokke,/static/media/food/korokke.jpg
めしや宮本むなし,納豆,natto,/static/media/food/natto.jpg
めしや宮本むなし,玉子（目玉焼きor生玉子）,tamago_egg,/static/media/food/tamago_egg.jpg
めしや宮本むなし,サラダ,salad_green,
めしや宮本むなし,小豆腐,,(tile)
めしや宮本むなし,青ネギ,,(tile)
めしや宮本むなし,大根おろし,,(tile)
めしや宮本むなし,自家製タルタルソース,,(tile)
めしや宮本むなし,アサヒスーパードライ（生中ジョッキ）,,(tile)
めしや宮本むなし,ハイボール,whisky,/static/media/food/whisky.jpg
めしや宮本むなし,アサヒゼロ（ノンアルコール）,,(tile)
やよい軒,デミハンバーグ定食,teishoku,/static/media/food/teishoku.jpg
やよい軒,ブラックアンガスビーフのカットステーキ定食【おろしぽん酢】,teishoku,/static/media/food/teishoku.jpg
やよい軒,ブラックアンガスビーフのカットステーキ定食【和風ソース】,teishoku,/static/media/food/teishoku.jpg
やよい軒,サバの塩焼定食,teishoku,/static/media/food/teishoku.jpg
やよい軒,チキン南蛮とエビフライの定食,teishoku,/static/media/food/teishoku.jpg
やよい軒,ミックスとじ定食,teishoku,/static/media/food/teishoku.jpg
やよい軒,大分とり天定食,teishoku,/static/media/food/teishoku.jpg
やよい軒,宮崎冷汁ととり南蛮の定食,teishoku,/static/media/food/teishoku.jpg
やよい軒,から揚げ＆白身フライ定食,teishoku,/static/media/food/teishoku.jpg
やよい軒,やよい御膳,teishoku,/static/media/food/teishoku.jpg
やよい軒,特から揚げ定食,teishoku,/static/media/food/teishoku.jpg
やよい軒,ハンバーグとエビフライとから揚げの人気トリオ定食,teishoku,/static/media/food/teishoku.jpg
やよい軒,チキン南蛮としょうが焼の人気コンビ定食,teishoku,/static/media/food/teishoku.jpg
やよい軒,なす味噌と焼魚の定食,teishoku,/static/media/food/teishoku.jpg
やよい軒,から揚げ定食,teishoku,/static/media/food/teishoku.jpg
やよい軒,4種のチーズハンバーグ定食,teishoku,/static/media/food/teishoku.jpg
やよい軒,しまほっけ定食,teishoku,/static/media/food/teishoku.jpg
やよい軒,夏越ごはんと豚しゃぶの定食,teishoku,/static/media/food/teishoku.jpg
やよい軒,味噌かつ煮定食,teishoku,/static/media/food/teishoku.jpg
やよい軒,しょうが焼定食,teishoku,/static/media/food/teishoku.jpg
やよい軒,肉野菜炒め定食,teishoku,/static/media/food/teishoku.jpg
やよい軒,銀鮭の塩焼定食,teishoku,/static/media/food/teishoku.jpg
やよい軒,和風おろしハンバーグ定食,teishoku,/static/media/food/teishoku.jpg
やよい軒,サバの味噌煮定食,teishoku,/static/media/food/teishoku.jpg
やよい軒,ロースとんかつとエビフライの定食,teishoku,/static/media/food/teishoku.jpg
やよい軒,しまほっけとサバの塩焼の定食,teishoku,/static/media/food/teishoku.jpg
やよい軒,チキン南蛮定食,teishoku,/static/media/food/teishoku.jpg
やよい軒,味噌かつ定食,teishoku,/static/media/food/teishoku.jpg
やよい軒,味噌かつとエビフライの定食,teishoku,/static/media/food/teishoku.jpg
やよい軒,大豆ミートのなす味噌と焼魚の定食,teishoku,/static/media/food/teishoku.jpg
やよい軒,大豆ミートのしょうが焼定食,teishoku,/static/media/food/teishoku.jpg
やよい軒,大豆ミートの野菜炒め定食,teishoku,/static/media/food/teishoku.jpg
やよい軒,かつ丼,katsudon,/static/media/food/katsudon.jpg
やよい軒,地鶏親子丼～阿波尾鶏～,donburi_rice,/static/media/food/donburi_rice.jpg
やよい軒,ネギまぐろ丼,donburi_rice,/static/media/food/donburi_rice.jpg
やよい軒,ネギ味噌かつ丼,katsudon,/static/media/food/katsudon.jpg
やよい軒,お子様カレー(低アレルゲン),curry_rice,/static/media/food/curry_rice.jpg
やよい軒,お子様ランチ,teishoku,/static/media/food/teishoku.jpg
やよい軒,しらすおろし朝食,,(tile)
やよい軒,納豆朝食,natto,/static/media/food/natto.jpg
やよい軒,エッグ&ウインナー朝食,sausage,/static/media/food/sausage.jpg
やよい軒,しゃけの塩焼朝食,,(tile)
やよい軒,ミニすき焼き朝食,sukiyaki,/static/media/food/sukiyaki.jpg
やよい軒,玉子焼き,tamagoyaki,/static/media/food/tamagoyaki.jpg
やよい軒,野菜サラダ,salad_green,
やよい軒,国産大和芋のとろろ,,(tile)
やよい軒,生たまご,tamago_egg,/static/media/food/tamago_egg.jpg
やよい軒,豚汁,soup_miso,/static/media/food/soup_miso.jpg
やよい軒,蒸し鶏と海藻のぽん酢和え,,(tile)
やよい軒,【だし茶漬用】ほぐし鮭小鉢,sushi_salmon,/static/media/food/sushi_salmon.jpg
やよい軒,【だし茶漬用】ミニサバ小鉢,tea_matcha,/static/media/food/tea_matcha.jpg
やよい軒,フライドポテト,french_fries,/static/media/food/french_fries.jpg
やよい軒,天ぷら小鉢,tempura,/static/media/food/tempura.jpg
やよい軒,フライドポテト&ウインナー,sausage,/static/media/food/sausage.jpg
やよい軒,宮崎冷汁（単品）,,(tile)
やよい軒,納豆,natto,/static/media/food/natto.jpg
やよい軒,みそ汁,soup_miso,/static/media/food/soup_miso.jpg
やよい軒,から揚げ（5個）,karaage_chicken,/static/media/food/karaage_chicken.jpg
やよい軒,冷奴,hiyayakko,/static/media/food/hiyayakko.jpg
やよい軒,明太子（単品）,pasta,/static/media/food/pasta.jpg
やよい軒,牛肉のすき焼き小鉢,sukiyaki,/static/media/food/sukiyaki.jpg
やよい軒,貝汁,sushi_platter,/static/media/food/sushi_platter.jpg
やよい軒,イカのから揚げ,karaage_chicken,/static/media/food/karaage_chicken.jpg
やよい軒,ミニから揚げ,karaage_chicken,/static/media/food/karaage_chicken.jpg
ゆで太郎,海老かしわ天そば,soba,/static/media/food/soba.jpg
ゆで太郎,肉舞茸そば,soba,/static/media/food/soba.jpg
ゆで太郎,天玉そば,soba,/static/media/food/soba.jpg
ゆで太郎,野菜かきあげそば,soba,/static/media/food/soba.jpg
ゆで太郎,かけそば,soba,/static/media/food/soba.jpg
ゆで太郎,ハーフそば,soba,/static/media/food/soba.jpg
ゆで太郎,海老かしわ天もり,sushi_shrimp,
ゆで太郎,冷し野菜かきあげそば,soba,/static/media/food/soba.jpg
ゆで太郎,冷し薬味そば,soba,/static/media/food/soba.jpg
ゆで太郎,肉茄子せいろ,,(tile)
ゆで太郎,肉茄子せいろ（おそば1.5倍）,soba,/static/media/food/soba.jpg
ゆで太郎,もり,,(tile)
ゆで太郎,2枚もり（2倍）,,(tile)
ゆで太郎,特もり（3倍）,,(tile)
ゆで太郎,1キロもり,,(tile)
ゆで太郎,ざる,,(tile)
ゆで太郎,2枚ざる（2倍）,,(tile)
ゆで太郎,特ざる（3倍）,,(tile)
ゆで太郎,1キロざる,,(tile)
ゆで太郎,ニラ中華そば,ramen_shoyu,/static/media/food/ramen_shoyu.jpg
ゆで太郎,中華そば,ramen_shoyu,/static/media/food/ramen_shoyu.jpg
ゆで太郎,ざる中華,,(tile)
ゆで太郎,ミニかつ丼セット,teishoku,/static/media/food/teishoku.jpg
ゆで太郎,ミニ辛葱豚丼セット,teishoku,/static/media/food/teishoku.jpg
ゆで太郎,ミニ海老かしわ天丼セット,teishoku,/static/media/food/teishoku.jpg
ゆで太郎,ミニのり弁（アジフライ）セット,teishoku,/static/media/food/teishoku.jpg
ゆで太郎,ミニのり弁（白身フライ）セット,teishoku,/static/media/food/teishoku.jpg
ゆで太郎,ミニ焼鯖炙りたらこごはんセット,teishoku,/static/media/food/teishoku.jpg
ゆで太郎,ミニ野菜かきあげ天セット,teishoku,/static/media/food/teishoku.jpg
ゆで太郎,ミニカツカレーセット,teishoku,/static/media/food/teishoku.jpg
ゆで太郎,ミニカレーセット,teishoku,/static/media/food/teishoku.jpg
ゆで太郎,満腹かつ丼セット,teishoku,/static/media/food/teishoku.jpg
ゆで太郎,満腹辛葱豚丼セット,teishoku,/static/media/food/teishoku.jpg
ゆで太郎,満腹カツカレーセット,teishoku,/static/media/food/teishoku.jpg
ゆで太郎,満腹カレーライスセット,teishoku,/static/media/food/teishoku.jpg
ゆで太郎,ミニうな丼セット,teishoku,/static/media/food/teishoku.jpg
ゆで太郎,ミニうな海老天丼セット,teishoku,/static/media/food/teishoku.jpg
ゆで太郎,満腹うな丼セット,teishoku,/static/media/food/teishoku.jpg
ゆで太郎,満腹うな海老天丼セット,teishoku,/static/media/food/teishoku.jpg
ゆで太郎,満腹一尾うな丼セット,teishoku,/static/media/food/teishoku.jpg
ゆで太郎,満腹一尾うな海老天丼セット,teishoku,/static/media/food/teishoku.jpg
ゆで太郎,うな丼,unagi,/static/media/food/unagi.jpg
ゆで太郎,うな海老天丼,donburi_rice,/static/media/food/donburi_rice.jpg
ゆで太郎,一尾うな丼,unagi,/static/media/food/unagi.jpg
ゆで太郎,一尾うな海老天丼,donburi_rice,/static/media/food/donburi_rice.jpg
ゆで太郎,うなぎ一切れ,unagi,/static/media/food/unagi.jpg
ゆで太郎,小柱と夏野菜のかきあげそば,soba,/static/media/food/soba.jpg
ゆで太郎,小柱と夏野菜のミニかきあげ丼セット,teishoku,/static/media/food/teishoku.jpg
ゆで太郎,小柱と夏野菜のミニかきあげ丼,donburi_rice,/static/media/food/donburi_rice.jpg
ゆで太郎,小柱と夏野菜のかきあげ,,(tile)
ゆで太郎,月見とろろそば,soba,/static/media/food/soba.jpg
ゆで太郎,月見とろろそば（おそば1.5倍）,soba,/static/media/food/soba.jpg
ゆで太郎,月見とろろミニ丼セット,teishoku,/static/media/food/teishoku.jpg
ゆで太郎,月見とろろミニ丼,donburi_rice,/static/media/food/donburi_rice.jpg
ゆで太郎,朝そば（鬼おろし）,soba,/static/media/food/soba.jpg
ゆで太郎,朝そば（玉子）,soba,/static/media/food/soba.jpg
ゆで太郎,朝らー（温）,,(tile)
ゆで太郎,朝らー（冷）,,(tile)
ゆで太郎,朝セット 焼鯖炙りたらこごはん,teishoku,/static/media/food/teishoku.jpg
ゆで太郎,朝セット 野菜かきあげ丼,teishoku,/static/media/food/teishoku.jpg
ゆで太郎,朝セット カレー,teishoku,/static/media/food/teishoku.jpg
ゆで太郎,朝セット 納豆,teishoku,/static/media/food/teishoku.jpg
ゆで太郎,季節のかきあげ,,(tile)
ゆで太郎,かしわ天,,(tile)
ゆで太郎,海老天,sushi_shrimp,
ゆで太郎,野菜かきあげ,,(tile)
ゆで太郎,太刀魚のちくわ天（2ヶ）,,(tile)
ゆで太郎,海老かしわ天盛り,sushi_shrimp,
ゆで太郎,アジフライ,fry_seafood,/static/media/food/fry_seafood.jpg
ゆで太郎,ハーフかつ,tonkatsu_pork,/static/media/food/tonkatsu_pork.jpg
ゆで太郎,白身フライ,fry_seafood,/static/media/food/fry_seafood.jpg
ゆで太郎,コロッケ,korokke,/static/media/food/korokke.jpg
ゆで太郎,かつ煮,tonkatsu_pork,/static/media/food/tonkatsu_pork.jpg
ゆで太郎,肉茄子つけ汁,,(tile)
ゆで太郎,カレールー,curry_rice,/static/media/food/curry_rice.jpg
ゆで太郎,ごはん,gohan_rice,
ゆで太郎,とろろ,,(tile)
ゆで太郎,お椀そば,soba,/static/media/food/soba.jpg
ゆで太郎,焼のり4枚（1束）,,(tile)
ゆで太郎,三陸わかめ,,(tile)
ゆで太郎,おひたし,,(tile)
ゆで太郎,鬼おろし,,(tile)
ゆで太郎,納豆,natto,/static/media/food/natto.jpg
ゆで太郎,きざみのり,,(tile)
ゆで太郎,自家製温泉玉子,tamago_egg,/static/media/food/tamago_egg.jpg
ゆで太郎,おみ漬け,,(tile)
ゆで太郎,もり汁セット,teishoku,/static/media/food/teishoku.jpg
ゆで太郎,生たまご,tamago_egg,/static/media/food/tamago_egg.jpg
ゆで太郎,たっぷり薬味ねぎ,,(tile)
ゆで太郎,枕崎鰹枯れ節,,(tile)
ゆで太郎,もつ煮定食,teishoku,/static/media/food/teishoku.jpg
ゆで太郎,ニラにんにくもつ煮定食,teishoku,/static/media/food/teishoku.jpg
ゆで太郎,もつ炒め定食,teishoku,/static/media/food/teishoku.jpg
ゆで太郎,ニラにんにくもつ炒め定食,teishoku,/static/media/food/teishoku.jpg
ゆで太郎,合い盛りもつ定食,teishoku,/static/media/food/teishoku.jpg
ゆで太郎,もつ煮,motsunabe,/static/media/food/motsunabe.jpg
ゆで太郎,もつ炒め,,(tile)
ゆで太郎,大もつ煮,motsunabe,/static/media/food/motsunabe.jpg
ゆで太郎,大もつ炒め,,(tile)
ゆで太郎,大ニラにんにくもつ煮,motsunabe,/static/media/food/motsunabe.jpg
ゆで太郎,大ニラにんにくもつ炒め,,(tile)
ゆで太郎,アジフライ（1ヶ）,fry_seafood,/static/media/food/fry_seafood.jpg
ゆで太郎,きざみニラ,,(tile)
ゆで太郎,ごはん（並）,gohan_rice,
ゆで太郎,ごはん（大）,gohan_rice,
ゆで太郎,天抜き,,(tile)
ゆで太郎,ビール・ハイボール,whisky,/static/media/food/whisky.jpg
ゆで太郎,レモンサワー,chuhai,/static/media/food/chuhai.jpg
ゆで太郎,アサヒスーパードライ（350ml缶）,,(tile)
ゆで太郎,サントリー角ハイボール（350ml缶）,whisky,/static/media/food/whisky.jpg
ゆで太郎,キリン本搾りチューハイレモン（350ml缶）,chuhai,/static/media/food/chuhai.jpg
ゆで太郎,ゆで呑みセット（ビールORハイボール）,teishoku,/static/media/food/teishoku.jpg
ゆで太郎,ゆで呑みセット（レモンサワー）,teishoku,/static/media/food/teishoku.jpg
ゆで太郎,もつ呑みセット（ビールORハイボール）,teishoku,/static/media/food/teishoku.jpg
ゆで太郎,もつ呑みセット（レモンサワー）,teishoku,/static/media/food/teishoku.jpg
ゆで太郎,お持ち帰りもつ煮 1kgパック,motsunabe,/static/media/food/motsunabe.jpg
らあめん花月嵐,嵐げんこつらあめん,,(tile)
らあめん花月嵐,嵐げんこつらあめん味噌,,(tile)
らあめん花月嵐,嵐げんこつらあめん塩,,(tile)
らあめん花月嵐,嵐げんこつバリ辛らあめん,,(tile)
らあめん花月嵐,横浜家系ラーメン藤崎家,ramen_shoyu,/static/media/food/ramen_shoyu.jpg
らあめん花月嵐,昭和レトロラーメン懐かし中華そば,ramen_shoyu,/static/media/food/ramen_shoyu.jpg
らあめん花月嵐,黄金の味噌ラーメンClassic+,ramen_miso,/static/media/food/ramen_miso.jpg
らあめん花月嵐,豚そば銀次郎,soba,/static/media/food/soba.jpg
らあめん花月嵐,豚そばつけ麺,ramen_tsukemen,/static/media/food/ramen_tsukemen.jpg
らあめん花月嵐,油そば嵐,ramen_shoyu,/static/media/food/ramen_shoyu.jpg
らあめん花月嵐,嵐げんこつお子様らあめんセット,teishoku,/static/media/food/teishoku.jpg
らあめん花月嵐,鉄板イタめし（醤油バター味／ニンニクバター味）,,(tile)
らあめん花月嵐,餃子（5ヶ）,gyoza,
らあめん花月嵐,鳥のからあげ,karaage_chicken,/static/media/food/karaage_chicken.jpg
らあめん花月嵐,フライドポテト,french_fries,/static/media/food/french_fries.jpg
らあめん花月嵐,穂先メンマごはん,gohan_rice,
らあめん花月嵐,ぶためし,,(tile)
らあめん花月嵐,豚のから揚げ,karaage_chicken,/static/media/food/karaage_chicken.jpg
らあめん花月嵐,豚もやし,,(tile)
らあめん花月嵐,激辛壺ニラ（無料トッピング）,,(tile)
らあめん花月嵐,ギョーザセット（餃子3ヶ＋ライス）,teishoku,/static/media/food/teishoku.jpg
らあめん花月嵐,ぶためしセット（餃子3ヶ＋ぶためし）,teishoku,/static/media/food/teishoku.jpg
らあめん花月嵐,鳥のからあげセット,teishoku,/static/media/food/teishoku.jpg
らあめん花月嵐,豚のからあげセット,teishoku,/static/media/food/teishoku.jpg
らあめん花月嵐,ぶためし鳥のからあげセット,teishoku,/static/media/food/teishoku.jpg
らあめん花月嵐,ぶためし豚のからあげセット,teishoku,/static/media/food/teishoku.jpg
らあめん花月嵐,とろ〜り半熟味玉,,(tile)
らあめん花月嵐,焼きバラ海苔,,(tile)
らあめん花月嵐,秘伝の漬け込みダレ,,(tile)
らあめん花月嵐,のり,,(tile)
らあめん花月嵐,ワカメ,,(tile)
らあめん花月嵐,シャキネギ,,(tile)
らあめん花月嵐,キャベツ,,(tile)
らあめん花月嵐,バリ辛ハバネロ暴流,,(tile)
らあめん花月嵐,もやし,,(tile)
らあめん花月嵐,ホウレン草,,(tile)
らあめん花月嵐,コーン,,(tile)
らあめん花月嵐,メンマ,,(tile)
らあめん花月嵐,バター,,(tile)
らあめん花月嵐,白菜（冬季限定）,,(tile)
アウトバックステーキハウス,ブルーミン・オニオン,,(tile)
アウトバックステーキハウス,ブルーム・ペタル（花びら）,,(tile)
アウトバックステーキハウス,ステーキ・ケサディア,steak_plate,/static/media/food/steak_plate.jpg
アウトバックステーキハウス,オージー・チーズフライ,fry_seafood,/static/media/food/fry_seafood.jpg
アウトバックステーキハウス,クッカバラ・チキン・ウィング,karaage_chicken,/static/media/food/karaage_chicken.jpg
アウトバックステーキハウス,BBQミニ・リブ,,(tile)
アウトバックステーキハウス,アウトバック・ナチョス,nachos,/static/media/food/nachos.jpg
アウトバックステーキハウス,ポップコーン・シュリンプ,popcorn,
アウトバックステーキハウス,シーザー・サラダ,salad_green,
アウトバックステーキハウス,クィーンズランド・サラダ,salad_green,
アウトバックステーキハウス,本日のスープ,soup_miso,/static/media/food/soup_miso.jpg
アウトバックステーキハウス,サイド・サラダ,salad_green,
アウトバックステーキハウス,ベビーバック・リブ,,(tile)
アウトバックステーキハウス,ラム・ラック,,(tile)
アウトバックステーキハウス,アリス・スプリングス・チキン,karaage_chicken,/static/media/food/karaage_chicken.jpg
アウトバックステーキハウス,グリル・サーモン,sushi_salmon,/static/media/food/sushi_salmon.jpg
アウトバックステーキハウス,ハンバーグ・ステーキ,steak_plate,/static/media/food/steak_plate.jpg
アウトバックステーキハウス,チキン・オンザバービー,karaage_chicken,/static/media/food/karaage_chicken.jpg
アウトバックステーキハウス,クリーミー・シュリンプ・パスタ,pasta,/static/media/food/pasta.jpg
アウトバックステーキハウス,クリーミー・チキン・パスタ,pasta,/static/media/food/pasta.jpg
アウトバックステーキハウス,クリーミー・シュリンプ・チキン・パスタ,pasta,/static/media/food/pasta.jpg
アウトバックステーキハウス,リブとグリルチキン,karaage_chicken,/static/media/food/karaage_chicken.jpg
アウトバックステーキハウス,リブとアリス・スプリングス・チキン,karaage_chicken,/static/media/food/karaage_chicken.jpg
アウトバックステーキハウス,アンガス・ランプ & グリル・シュリンプ,,(tile)
アウトバックステーキハウス,オージー・ランプ & グリル・シュリンプ,,(tile)
アウトバックステーキハウス,アンガス・ランプ & ベビーバック・リブ,,(tile)
アウトバックステーキハウス,オージー・ランプ & ベビーバック・リブ,,(tile)
アウトバックステーキハウス,リブアイ&ベビーバック・リブ,,(tile)
アウトバックステーキハウス,リブアイ&グリル・シュリンプ,,(tile)
アウトバックステーキハウス,ロースト・ビーフ・ステーキ,steak_plate,/static/media/food/steak_plate.jpg
アウトバックステーキハウス,国産・直火焼サーロイン・ステーキ,steak_plate,/static/media/food/steak_plate.jpg
アウトバックステーキハウス,アンガス・ランプ,,(tile)
アウトバックステーキハウス,オージー・ランプ,,(tile)
アウトバックステーキハウス,ビクトリア・フィレ,,(tile)
アウトバックステーキハウス,リブアイ,,(tile)
アウトバックステーキハウス,フレームグリル・サーロイン,steak_plate,/static/media/food/steak_plate.jpg
アウトバックステーキハウス,プライム・サーロイン,steak_plate,/static/media/food/steak_plate.jpg
アウトバックステーキハウス,ガーリック・ステーキ,steak_plate,/static/media/food/steak_plate.jpg
アウトバックステーキハウス,ブラック・ペッパー・ステーキ,steak_plate,/static/media/food/steak_plate.jpg
アウトバックステーキハウス,ハーフ・BBQ・リブ,,(tile)
アウトバックステーキハウス,グリル・シュリンプ,,(tile)
アウトバックステーキハウス,バターライス,gohan_rice,
アウトバックステーキハウス,フライドポテト,french_fries,/static/media/food/french_fries.jpg
アウトバックステーキハウス,温野菜,yasai_itame,/static/media/food/yasai_itame.jpg
アウトバックステーキハウス,ベイクドポテト,french_fries,/static/media/food/french_fries.jpg
アウトバックステーキハウス,コールスロー,salad_green,
アウトバックステーキハウス,マッシュポテト,french_fries,/static/media/food/french_fries.jpg
アウトバックステーキハウス,アウトバッカー・バーガー,burger_classic,/static/media/food/burger_classic.jpg
アウトバックステーキハウス,べーコン・チーズバーガー,burger_cheese,/static/media/food/burger_cheese.jpg
アウトバックステーキハウス,ブルーミン・バーガー,burger_classic,/static/media/food/burger_classic.jpg
アウトバックステーキハウス,BBQチキン・ベーコン・バーガー,burger_chicken,
アウトバックステーキハウス,キッズ・ダイス・ステーキ,steak_plate,/static/media/food/steak_plate.jpg
アウトバックステーキハウス,キッズ・チーズ・バーガー,burger_cheese,/static/media/food/burger_cheese.jpg
アウトバックステーキハウス,キッズ・リブ,,(tile)
アウトバックステーキハウス,キッズ・チキンフィンガー,karaage_chicken,/static/media/food/karaage_chicken.jpg
アウトバックステーキハウス,ウルル・ハンバーグ・ステーキ,steak_plate,/static/media/food/steak_plate.jpg
アウトバックステーキハウス,キッズ・マック＆チーズ,cheese_plate,
アウトバックステーキハウス,チョコレート・サンダー・フロム・ダウン・アンダー,chocolate,/static/media/food/chocolate.jpg
アウトバックステーキハウス,チーズケーキ,cake_dessert,/static/media/food/cake_dessert.png
アウトバックステーキハウス,クラシック・チョコレート・サンデー,icecream_parfait,/static/media/food/icecream_parfait.jpg
アウトバックステーキハウス,本日の牧場のジェラート・本日のアイスクリーム,icecream_parfait,/static/media/food/icecream_parfait.jpg
アンテナアメリカ-グランド,スーパー「美味しい」バーガー,burger_classic,/static/media/food/burger_classic.jpg
アンテナアメリカ-グランド,プルドポークサンドイッチ,sandwich,/static/media/food/sandwich.jpg
アンテナアメリカ-グランド,追加 ピコデガロ,,(tile)
アンテナアメリカ-グランド,追加 グアカモレ,,(tile)
アンテナアメリカ-グランド,追加 チーズ,cheese_plate,
アンテナアメリカ-グランド,追加 ベーコン,bacon_dish,
アンテナアメリカ-グランド,ワッフルフライセット,teishoku,/static/media/food/teishoku.jpg
アンテナアメリカ-グランド,オニオンリングセット,teishoku,/static/media/food/teishoku.jpg
アンテナアメリカ-グランド,チポトレポークタコス 2pc,tacos,/static/media/food/tacos.jpg
アンテナアメリカ-グランド,チポトレポークタコス 1pc,tacos,/static/media/food/tacos.jpg
アンテナアメリカ-グランド,フライドフィッシュタコス 2pc,tacos,/static/media/food/tacos.jpg
アンテナアメリカ-グランド,フライドフィッシュタコス 1pc,tacos,/static/media/food/tacos.jpg
アンテナアメリカ-グランド,バッファローチキンウィング 10pc,karaage_chicken,/static/media/food/karaage_chicken.jpg
アンテナアメリカ-グランド,バッファローチキンウィング 6pc,karaage_chicken,/static/media/food/karaage_chicken.jpg
アンテナアメリカ-グランド,バッファローチキンウィング 4pc,karaage_chicken,/static/media/food/karaage_chicken.jpg
アンテナアメリカ-グランド,自家製ドレッシング ブルーチーズ,cheese_plate,
アンテナアメリカ-グランド,自家製ドレッシング ランチ,teishoku,/static/media/food/teishoku.jpg
アンテナアメリカ-グランド,追加ソース,,(tile)
アンテナアメリカ-グランド,プルドポーク＆チーズケサディーヤ,cheese_plate,
アンテナアメリカ-グランド,チーズケサディーヤ,cheese_plate,
アンテナアメリカ-グランド,フライドコンボ レギュラー,fry_seafood,/static/media/food/fry_seafood.jpg
アンテナアメリカ-グランド,フライドコンボ スモール,fry_seafood,/static/media/food/fry_seafood.jpg
アンテナアメリカ-グランド,オニオンリング レギュラー,onion_rings,/static/media/food/onion_rings.jpg
アンテナアメリカ-グランド,オニオンリング スモール,onion_rings,/static/media/food/onion_rings.jpg
アンテナアメリカ-グランド,ワッフルフライ レギュラー,fry_seafood,/static/media/food/fry_seafood.jpg
アンテナアメリカ-グランド,ワッフルフライ スモール,fry_seafood,/static/media/food/fry_seafood.jpg
アンテナアメリカ-グランド,ハラペーニョポッパー,,(tile)
アンテナアメリカ-グランド,フライドチーズカード,cheese_plate,
アンテナアメリカ-グランド,スーパーローデッドナチョス レギュラー,nachos,/static/media/food/nachos.jpg
アンテナアメリカ-グランド,スーパーローデッドナチョス ハーフ,nachos,/static/media/food/nachos.jpg
アンテナアメリカ-グランド,スーパーローデッドワッフルフライ レギュラー,fry_seafood,/static/media/food/fry_seafood.jpg
アンテナアメリカ-グランド,スーパーローデッドワッフルフライ ハーフ,fry_seafood,/static/media/food/fry_seafood.jpg
アンテナアメリカ-グランド,トッピング サワークリーム,chuhai,/static/media/food/chuhai.jpg
アンテナアメリカ-グランド,トッピング 追加チリビーンズ,,(tile)
アンテナアメリカ-グランド,トッピング 追加プルドポーク,tonkatsu_pork,/static/media/food/tonkatsu_pork.jpg
アンテナアメリカ-グランド,自家製スパイシースモークナッツ,nuts_snack,/static/media/food/nuts_snack.png
アンテナアメリカ-グランド,クラフトピクルス,,(tile)
アンテナアメリカ-グランド,ベジースティック,,(tile)
アンテナアメリカ-グランド,アメリカンチーズプレート レギュラー,cheese_plate,
アンテナアメリカ-グランド,アメリカンチーズプレート ダブル,cheese_plate,
アンテナアメリカ-グランド,チリボウル＆チップス,,(tile)
アンテナアメリカ-グランド,エクストラチップス,,(tile)
アンテナアメリカ-グランド,チキンテンダー,karaage_chicken,/static/media/food/karaage_chicken.jpg
アンテナアメリカ東京,"Super ""Oishii"" Burger",burger_classic,/static/media/food/burger_classic.jpg
アンテナアメリカ東京,Pulled Pork Sandwich,sandwich,/static/media/food/sandwich.jpg
アンテナアメリカ東京,Pico de Gallo,,(tile)
アンテナアメリカ東京,Guacamole,,(tile)
アンテナアメリカ東京,Cheese,,(tile)
アンテナアメリカ東京,Bacon,,(tile)
アンテナアメリカ東京,Double Patty,,(tile)
アンテナアメリカ東京,Set,,(tile)
アンテナアメリカ東京,Chipotle Pork Taco,tacos,/static/media/food/tacos.jpg
アンテナアメリカ東京,Fried Fish Taco,tacos,/static/media/food/tacos.jpg
アンテナアメリカ東京,Pulled Pork & Cheese Quesadilla,tacos,/static/media/food/tacos.jpg
アンテナアメリカ東京,Cheese Quesadilla,tacos,/static/media/food/tacos.jpg
アンテナアメリカ東京,Buffalo Chicken Wings,karaage_chicken,/static/media/food/karaage_chicken.jpg
アンテナアメリカ東京,Blue Cheese,,(tile)
アンテナアメリカ東京,Ranch,,(tile)
アンテナアメリカ東京,BBQ,,(tile)
アンテナアメリカ東京,Honey Mustard,,(tile)
アンテナアメリカ東京,Classic Hot,,(tile)
アンテナアメリカ東京,Sweet Heat,,(tile)
アンテナアメリカ東京,Tropical Heat,,(tile)
アンテナアメリカ東京,Lemon Pepper,,(tile)
アンテナアメリカ東京,Cajun,,(tile)
アンテナアメリカ東京,Extra Sauce,,(tile)
アンテナアメリカ東京,Fried Combo,teishoku,/static/media/food/teishoku.jpg
アンテナアメリカ東京,Onion Rings,onion_rings,/static/media/food/onion_rings.jpg
アンテナアメリカ東京,Waffle Fries,french_fries,/static/media/food/french_fries.jpg
アンテナアメリカ東京,Jalapeno Poppers,,(tile)
アンテナアメリカ東京,Fried Cheese Curds,,(tile)
アンテナアメリカ東京,Super Loaded Nachos,tacos,/static/media/food/tacos.jpg
アンテナアメリカ東京,Super Loaded Waffle Fries,french_fries,/static/media/food/french_fries.jpg
アンテナアメリカ東京,Sour Cream,,(tile)
アンテナアメリカ東京,Extra Chili Beans,,(tile)
アンテナアメリカ東京,Extra Pulled Pork,,(tile)
アンテナアメリカ東京,Chili Bowl & Chips,,(tile)
アンテナアメリカ東京,Extra Chips,,(tile)
アンテナアメリカ東京,Chicken Tenders,,(tile)
アンテナアメリカ東京,Homemade Spicy Smoked Nuts,,(tile)
アンテナアメリカ東京,Craft Pickles,,(tile)
アンテナアメリカ東京,Veggie Sticks,,(tile)
アンテナアメリカ東京,American Cheese Plate,teishoku,/static/media/food/teishoku.jpg
アンパンマングッズつきキッズ,キッズラーメンセット,teishoku,/static/media/food/teishoku.jpg
アンパンマングッズつきキッズ,キッズチャーハンセット,teishoku,/static/media/food/teishoku.jpg
アンパンマングッズつきキッズ,キッズメンメン,,(tile)
アンパンマングッズつきキッズ,低アレルゲンキッズカレー,curry_rice,/static/media/food/curry_rice.jpg
アンパンマングッズつきキッズ,キッズドリンクバイキング,,(tile)
アンパンマングッズつきキッズ,キッズアイス (バニラ),icecream_parfait,/static/media/food/icecream_parfait.jpg
アンパンマングッズつきキッズ,キッズアイス (いちご),icecream_parfait,/static/media/food/icecream_parfait.jpg
アンパンマングッズつきキッズ,仕切り小皿,,(tile)
アンパンマングッズつきキッズ,取り皿,,(tile)
アンパンマングッズつきキッズ,すくいやすいお皿,,(tile)
アンパンマングッズつきキッズ,クッキングボード,,(tile)
ウェンディーズ-ファーストキッチン,ウェンディーズチリチーズ ベーコンバーガー,cheese_plate,
ウェンディーズ-ファーストキッチン,ウェンディーズチリベーコンバーガー,burger_classic,/static/media/food/burger_classic.jpg
ウェンディーズ-ファーストキッチン,ウェンディーズホットチリ スパイシーチキンフィレバーガー,burger_chicken,
ウェンディーズ-ファーストキッチン,Jr.ウェンディーズチリバーガー,burger_classic,/static/media/food/burger_classic.jpg
ウェンディーズ-ファーストキッチン,トリュフ&モッツァレラベーコネーター,,(tile)
ウェンディーズ-ファーストキッチン,トリュフ&モッツァレラベーコネーターダブル,,(tile)
ウェンディーズ-ファーストキッチン,ウェンディーズ ベーコンエッグバーガー,burger_classic,/static/media/food/burger_classic.jpg
ウェンディーズ-ファーストキッチン,ウェンディーズ チーズベーコンエッグバーガー,burger_cheese,/static/media/food/burger_cheese.jpg
ウェンディーズ-ファーストキッチン,てりやきバーガー,burger_classic,/static/media/food/burger_classic.jpg
ウェンディーズ-ファーストキッチン,ワイルド☆ロック,,(tile)
ウェンディーズ-ファーストキッチン,Jr.ベーコンエッグバーガー,burger_classic,/static/media/food/burger_classic.jpg
ウェンディーズ-ファーストキッチン,Jr.チーズベーコンエッグバーガー,burger_cheese,/static/media/food/burger_cheese.jpg
ウェンディーズ-ファーストキッチン,Jr.てりやきバーガー,burger_classic,/static/media/food/burger_classic.jpg
ウェンディーズ-ファーストキッチン,Jr.チーズバーガーデラックス,burger_cheese,/static/media/food/burger_cheese.jpg
ウェンディーズ-ファーストキッチン,クリスピーチキンバーガー,burger_chicken,
ウェンディーズ-ファーストキッチン,てりやき クリスピーチキンバーガー,burger_chicken,
ウェンディーズ-ファーストキッチン,チキンクラブサンド,burger_classic,/static/media/food/burger_classic.jpg
ウェンディーズ-ファーストキッチン,てりやきチキンサンド,burger_classic,/static/media/food/burger_classic.jpg
ウェンディーズ-ファーストキッチン,チキンフィレバーガーUSA,burger_chicken,
ウェンディーズ-ファーストキッチン,スパイシーチキンフィレバーガーUSA,burger_chicken,
ウェンディーズ-ファーストキッチン,ウェンディーズバーガーUSA,burger_classic,/static/media/food/burger_classic.jpg
ウェンディーズ-ファーストキッチン,ウェンディーズバーガーUSAダブル,burger_classic,/static/media/food/burger_classic.jpg
ウェンディーズ-ファーストキッチン,ウェンディーズバーガーUSAトリプル,burger_classic,/static/media/food/burger_classic.jpg
ウェンディーズ-ファーストキッチン,ベーコネーターUSAシングル,,(tile)
ウェンディーズ-ファーストキッチン,ベーコネーターUSAダブル,,(tile)
ウェンディーズ-ファーストキッチン,贅沢 カニトマトクリーム -パルメザンチーズ添え-,cheese_plate,
ウェンディーズ-ファーストキッチン,パンチェッタの濃厚カルボナーラ -半熟卵添え-,pasta,/static/media/food/pasta.jpg
ウェンディーズ-ファーストキッチン,濃厚クリームペンネ -パルメザンチーズ添え-,cheese_plate,
ウェンディーズ-ファーストキッチン,ペンネアラビアータ -パルメザンチーズ添え-,cheese_plate,
ウェンディーズ-ファーストキッチン,和風たらこ,pasta,/static/media/food/pasta.jpg
ウェンディーズ-ファーストキッチン,濃厚じゃがバタ味ポテト,french_fries,/static/media/food/french_fries.jpg
ウェンディーズ-ファーストキッチン,焦がしバター醤油味ポテト,french_fries,/static/media/food/french_fries.jpg
ウェンディーズ-ファーストキッチン,チキンコンソメ味ポテト,french_fries,/static/media/food/french_fries.jpg
ウェンディーズ-ファーストキッチン,プレーン（塩）,,(tile)
ウェンディーズ-ファーストキッチン,フレンチフライ チリ&チーズ,french_fries,/static/media/food/french_fries.jpg
ウェンディーズ-ファーストキッチン,チキンナゲット,karaage_chicken,/static/media/food/karaage_chicken.jpg
ウェンディーズ-ファーストキッチン,チキンナゲット10個入り,karaage_chicken,/static/media/food/karaage_chicken.jpg
ウェンディーズ-ファーストキッチン,フライドチキン,karaage_chicken,/static/media/food/karaage_chicken.jpg
ウェンディーズ-ファーストキッチン,シェアボックスA,,(tile)
ウェンディーズ-ファーストキッチン,シェアボックスB,,(tile)
ウェンディーズ-ファーストキッチン,ウェンディーズチリ,,(tile)
ウェンディーズ-ファーストキッチン,贅沢ピーチラテタピオカ,coffee,/static/media/food/coffee.jpg
ウェンディーズ-ファーストキッチン,贅沢ピーチスパークリングタピオカ,champagne,/static/media/food/champagne.jpg
ウェンディーズ-ファーストキッチン,本格タピオカ 贅沢ストロベリーラテ,coffee,/static/media/food/coffee.jpg
ウェンディーズ-ファーストキッチン,【飲む茶葉】本格タピオカ 天空の抹茶®,tea_matcha,/static/media/food/tea_matcha.jpg
ウェンディーズ-ファーストキッチン,【飲む茶葉】本格タピオカ 天空の抹茶®ラテ,coffee,/static/media/food/coffee.jpg
ウェンディーズ-ファーストキッチン,本格タピオカ 贅沢ストロベリースパークリング,champagne,/static/media/food/champagne.jpg
ウェンディーズ-ファーストキッチン,【茶スプレッソ®】 本格タピオカ アールグレイ,tea_matcha,/static/media/food/tea_matcha.jpg
ウェンディーズ-ファーストキッチン,【茶スプレッソ®】 本格タピオカ アールグレイラテ,coffee,/static/media/food/coffee.jpg
ウェンディーズ-ファーストキッチン,【茶スプレッソ®】 本格タピオカ ジャスミン,tea_matcha,/static/media/food/tea_matcha.jpg
ウェンディーズ-ファーストキッチン,【茶スプレッソ®】 本格タピオカ ジャスミンラテ,coffee,/static/media/food/coffee.jpg
ウェンディーズ-ファーストキッチン,【茶スプレッソ®】 アールグレイティー,tea_matcha,/static/media/food/tea_matcha.jpg
ウェンディーズ-ファーストキッチン,【茶スプレッソ®】 アールグレイラテ,coffee,/static/media/food/coffee.jpg
ウェンディーズ-ファーストキッチン,【茶スプレッソ®】 ジャスミンティー,tea_matcha,/static/media/food/tea_matcha.jpg
ウェンディーズ-ファーストキッチン,【茶スプレッソ®】 ジャスミンラテ,coffee,/static/media/food/coffee.jpg
ウェンディーズ-ファーストキッチン,【茶スプレッソ®】ピーチゼリーアールグレイラテ,coffee,/static/media/food/coffee.jpg
ウェンディーズ-ファーストキッチン,【飲む茶葉リニューアル】 天空の抹茶®,tea_matcha,/static/media/food/tea_matcha.jpg
ウェンディーズ-ファーストキッチン,【飲む茶葉リニューアル】 天空の抹茶®ラテ,coffee,/static/media/food/coffee.jpg
ウェンディーズ-ファーストキッチン,アイスコーヒー,coffee,/static/media/food/coffee.jpg
ウェンディーズ-ファーストキッチン,アイスカフェラテ,coffee,/static/media/food/coffee.jpg
ウェンディーズ-ファーストキッチン,アイスティー (レモン・ミルク),tea_matcha,/static/media/food/tea_matcha.jpg
ウェンディーズ-ファーストキッチン,アイスピーチティー,tea_matcha,/static/media/food/tea_matcha.jpg
ウェンディーズ-ファーストキッチン,レモネード,lemonade,/static/media/food/lemonade.jpg
ウェンディーズ-ファーストキッチン,ホットコーヒー,coffee,/static/media/food/coffee.jpg
ウェンディーズ-ファーストキッチン,カフェラテ,coffee,/static/media/food/coffee.jpg
ウェンディーズ-ファーストキッチン,ダージリンティー (レモン・ミルク),tea_matcha,/static/media/food/tea_matcha.jpg
ウェンディーズ-ファーストキッチン,ホットピーチティー,tea_matcha,/static/media/food/tea_matcha.jpg
ウェンディーズ-ファーストキッチン,ピーチ＆ピーチ クラウンバニラ ラテフロート,juice_beverage,/static/media/food/juice_beverage.jpg
ウェンディーズ-ファーストキッチン,クラウンバニラ 天空の抹茶フロート,juice_beverage,/static/media/food/juice_beverage.jpg
ウェンディーズ-ファーストキッチン,クラウンバニラ アールグレイフロート,juice_beverage,/static/media/food/juice_beverage.jpg
ウェンディーズ-ファーストキッチン,クラウンバニラ ジャスミンフロート,juice_beverage,/static/media/food/juice_beverage.jpg
ウェンディーズ-ファーストキッチン,クラウンバニラ コーヒーフロート,juice_beverage,/static/media/food/juice_beverage.jpg
ウェンディーズ-ファーストキッチン,クラウンバニラ クリームソーダ,juice_beverage,/static/media/food/juice_beverage.jpg
ウェンディーズ-ファーストキッチン,クラウンバニラ コーラフロート,juice_beverage,/static/media/food/juice_beverage.jpg
ウェンディーズ-ファーストキッチン,ミルキーフラッペ ピーチ&ピーチ,smoothie,/static/media/food/smoothie.jpg
ウェンディーズ-ファーストキッチン,ミルキーフラッペ アールグレイストロベリー,smoothie,/static/media/food/smoothie.jpg
ウェンディーズ-ファーストキッチン,ミルキーフラッペ ジャスミンストロベリー,smoothie,/static/media/food/smoothie.jpg
ウェンディーズ-ファーストキッチン,ミルキーフラッペ 天空の抹茶®＆あずき,smoothie,/static/media/food/smoothie.jpg
ウェンディーズ-ファーストキッチン,ミルキーフラッペ ストロベリー,smoothie,/static/media/food/smoothie.jpg
ウェンディーズ-ファーストキッチン,クラウンバニラ ピーチ＆ピーチパフェ,icecream_parfait,/static/media/food/icecream_parfait.jpg
ウェンディーズ-ファーストキッチン,クラウンバニラ 白玉クリームぜんざい,anmitsu,/static/media/food/anmitsu.jpg
ウェンディーズ-ファーストキッチン,クラウンバニラ ハッピーストロベリーパフェ,icecream_parfait,/static/media/food/icecream_parfait.jpg
ウェンディーズ-ファーストキッチン,クラウンバニラ ソフトクリーム,soft_serve,/static/media/food/soft_serve.jpg
ウェンディーズ-ファーストキッチン,クラウンバニラ サブレカップソフトクリーム,soft_serve,/static/media/food/soft_serve.jpg
ウェンディーズ-ファーストキッチン,エッグ＆チーズビーフバーガー,burger_cheese,/static/media/food/burger_cheese.jpg
ウェンディーズ-ファーストキッチン,エッグ＆ベーコンチーズビーフバーガー,burger_cheese,/static/media/food/burger_cheese.jpg
ウェンディーズ-ファーストキッチン,エッグ＆トマトチーズビーフバーガー,burger_cheese,/static/media/food/burger_cheese.jpg
ウェンディーズ-ファーストキッチン,ブレックファーストビーフバーガー,burger_classic,/static/media/food/burger_classic.jpg
ウェンディーズ-ファーストキッチン,B・E・L・T （ベーコンエッグレタストマト）,bacon_dish,
ウェンディーズ-ファーストキッチン,ハッシュポテト,french_fries,/static/media/food/french_fries.jpg
ウェンディーズ-ファーストキッチン,焦がしバター醤油味,,(tile)
ウェンディーズ-ファーストキッチン,プレーン(塩),,(tile)
エクセルシオール-カフェ,ハニーラベンダーラテ,coffee,/static/media/food/coffee.jpg
エクセルシオール-カフェ,ハニーラベンダーロイヤルミルクティー,tea_matcha,/static/media/food/tea_matcha.jpg
エクセルシオール-カフェ,カフェラテ,coffee,/static/media/food/coffee.jpg
エクセルシオール-カフェ,豆乳ラテ,coffee,/static/media/food/coffee.jpg
エクセルシオール-カフェ,抹茶ラテ,coffee,/static/media/food/coffee.jpg
エクセルシオール-カフェ,抹茶豆乳ラテ,coffee,/static/media/food/coffee.jpg
エクセルシオール-カフェ,ほうじ茶ラテ,coffee,/static/media/food/coffee.jpg
エクセルシオール-カフェ,ほうじ茶豆乳ラテ,coffee,/static/media/food/coffee.jpg
エクセルシオール-カフェ,キャラメルラテ,coffee,/static/media/food/coffee.jpg
エクセルシオール-カフェ,ブレンドコーヒー,coffee,/static/media/food/coffee.jpg
エクセルシオール-カフェ,カフェモカ,,(tile)
エクセルシオール-カフェ,アメリカーノ,,(tile)
エクセルシオール-カフェ,エスプレッソ,coffee,/static/media/food/coffee.jpg
エクセルシオール-カフェ,ティー,tea_matcha,/static/media/food/tea_matcha.jpg
エクセルシオール-カフェ,ロイヤルミルクティー,tea_matcha,/static/media/food/tea_matcha.jpg
エクセルシオール-カフェ,豆乳ロイヤルミルクティー,tea_matcha,/static/media/food/tea_matcha.jpg
エクセルシオール-カフェ,マサラチャイティー,tea_matcha,/static/media/food/tea_matcha.jpg
エクセルシオール-カフェ,豆乳マサラチャイティー,tea_matcha,/static/media/food/tea_matcha.jpg
エクセルシオール-カフェ,ココア,cocoa_drink,/static/media/food/cocoa_drink.jpg
エクセルシオール-カフェ,ミルク,milk_drink,/static/media/food/milk_drink.jpg
エクセルシオール-カフェ,ミルチェ,,(tile)
エクセルシオール-カフェ,ミルチェ 抹茶,tea_matcha,/static/media/food/tea_matcha.jpg
エクセルシオール-カフェ,ミルチェ エスプレッソ,coffee,/static/media/food/coffee.jpg
エクセルシオール-カフェ,アイス ハニーラベンダーラテ,icecream_parfait,/static/media/food/icecream_parfait.jpg
エクセルシオール-カフェ,アイス ハニーラベンダーロイヤルミルクティー,icecream_parfait,/static/media/food/icecream_parfait.jpg
エクセルシオール-カフェ,ラベンダーティーソーダ,juice_beverage,/static/media/food/juice_beverage.jpg
エクセルシオール-カフェ,アイス カフェラテ,icecream_parfait,/static/media/food/icecream_parfait.jpg
エクセルシオール-カフェ,アイス 豆乳ラテ,icecream_parfait,/static/media/food/icecream_parfait.jpg
エクセルシオール-カフェ,アイス 抹茶ラテ,icecream_parfait,/static/media/food/icecream_parfait.jpg
エクセルシオール-カフェ,アイス 抹茶豆乳ラテ,icecream_parfait,/static/media/food/icecream_parfait.jpg
エクセルシオール-カフェ,アイス ほうじ茶ラテ,icecream_parfait,/static/media/food/icecream_parfait.jpg
エクセルシオール-カフェ,アイス ほうじ茶豆乳ラテ,icecream_parfait,/static/media/food/icecream_parfait.jpg
エクセルシオール-カフェ,アイス キャラメルラテ,icecream_parfait,/static/media/food/icecream_parfait.jpg
エクセルシオール-カフェ,アイスコーヒー,coffee,/static/media/food/coffee.jpg
エクセルシオール-カフェ,アイス カフェモカ,icecream_parfait,/static/media/food/icecream_parfait.jpg
エクセルシオール-カフェ,アイス アメリカーノ,icecream_parfait,/static/media/food/icecream_parfait.jpg
エクセルシオール-カフェ,アイスティー,tea_matcha,/static/media/food/tea_matcha.jpg
エクセルシオール-カフェ,アイス ロイヤルミルクティー,icecream_parfait,/static/media/food/icecream_parfait.jpg
エクセルシオール-カフェ,アイス 豆乳ロイヤルミルクティー,icecream_parfait,/static/media/food/icecream_parfait.jpg
エクセルシオール-カフェ,アイス マサラチャイティー,icecream_parfait,/static/media/food/icecream_parfait.jpg
エクセルシオール-カフェ,アイス 豆乳マサラチャイティー,icecream_parfait,/static/media/food/icecream_parfait.jpg
エクセルシオール-カフェ,レモネードソーダ,juice_beverage,/static/media/food/juice_beverage.jpg
エクセルシオール-カフェ,温州みかんジュース,juice_beverage,/static/media/food/juice_beverage.jpg
エクセルシオール-カフェ,アイス ココア,icecream_parfait,/static/media/food/icecream_parfait.jpg
エクセルシオール-カフェ,アイス ミルク,icecream_parfait,/static/media/food/icecream_parfait.jpg
エクセルシオール-カフェ,チャバッタサンド グリルチキン＆カポナータソース,burger_classic,/static/media/food/burger_classic.jpg
エクセルシオール-カフェ,チャバッタサンド 海老＆サーモンクリームチーズ,burger_classic,/static/media/food/burger_classic.jpg
エクセルシオール-カフェ,バジル香る 生ハムカプレーゼ ～北海道産モッツァレラチーズ～,cheese_plate,
エクセルシオール-カフェ,パストラミビーフ&グリーンリーフ～トリュフマヨソース～,,(tile)
エクセルシオール-カフェ,モルタデッラ＆ゴーダチーズ,cheese_plate,
エクセルシオール-カフェ,チーズドッグ,hotdog,/static/media/food/hotdog.jpg
エクセルシオール-カフェ,プレーンドッグ,hotdog,/static/media/food/hotdog.jpg
エクセルシオール-カフェ,たけのこと菜の花のグリルチキンドリア,doria,/static/media/food/doria.jpg
エクセルシオール-カフェ,大葉香る 海老とアボカドの明太子ドリア,doria,/static/media/food/doria.jpg
エクセルシオール-カフェ,黒ボロネーゼドリア,doria,/static/media/food/doria.jpg
エクセルシオール-カフェ,タコと塩レモンのアーリオ・オーリオ,sushi_platter,/static/media/food/sushi_platter.jpg
エクセルシオール-カフェ,スモークチキンとマスカルポーネのトマトパスタ,pasta,/static/media/food/pasta.jpg
エクセルシオール-カフェ,半熟卵の黒ボロネーゼ ～トリュフオイル使用～,pasta,/static/media/food/pasta.jpg
エクセルシオール-カフェ,黒ボロネーゼ～トリュフオイル使用～,pasta,/static/media/food/pasta.jpg
エクセルシオール-カフェ,海老とたらこの和風パスタ ～大葉マスカルポーネ～,pasta,/static/media/food/pasta.jpg
エクセルシオール-カフェ,ツナタプナード＆スクランブルエッグ,,(tile)
エクセルシオール-カフェ,ジャンボンハム・レタスサンド,burger_classic,/static/media/food/burger_classic.jpg
エクセルシオール-カフェ,クロックムッシュ,,(tile)
エクセルシオール-カフェ,厚切りトーストプレート,toast_breakfast,/static/media/food/toast_breakfast.jpg
エクセルシオール-カフェ,白桃のチーズタルト～ラズベリーソース～,cake_dessert,/static/media/food/cake_dessert.png
エクセルシオール-カフェ,3層仕立てのガトーショコラ ～柑橘の香り～,chocolate,/static/media/food/chocolate.jpg
エクセルシオール-カフェ,割って食べるパリチョコキャラメルティラミス,cake_dessert,/static/media/food/cake_dessert.png
エクセルシオール-カフェ,ごろっとりんごのアップルパイ,donut,/static/media/food/donut.jpg
エクセルシオール-カフェ,ニューヨークチーズケーキ,cake_dessert,/static/media/food/cake_dessert.png
エクセルシオール-カフェ,ミルクレープ,crepe_sweet,/static/media/food/crepe_sweet.jpg
エクセルシオール-カフェ,【ビール】ハイネケン（330ml）,beer_alcohol,/static/media/food/beer_alcohol.jpg
エクセルシオール-カフェ,【ビール】ギネス エクストラスタウト（330ml）,beer_alcohol,/static/media/food/beer_alcohol.jpg
エリックローズ-カフェ,日替わりホットコーヒー,coffee,/static/media/food/coffee.jpg
エリックローズ-カフェ,コールドブリューコーヒー,coffee,/static/media/food/coffee.jpg
エリックローズ-カフェ,カフェオレ,,(tile)
エリックローズ-カフェ,カフェラテ,coffee,/static/media/food/coffee.jpg
エリックローズ-カフェ,カプチーノ,coffee,/static/media/food/coffee.jpg
エリックローズ-カフェ,フラットホワイト,,(tile)
エリックローズ-カフェ,カフェモカ,,(tile)
エリックローズ-カフェ,メープルヘーゼルナッツラテ,coffee,/static/media/food/coffee.jpg
エリックローズ-カフェ,ハニーラテ,coffee,/static/media/food/coffee.jpg
エリックローズ-カフェ,アメリカーノ,,(tile)
エリックローズ-カフェ,エスプレッソ,coffee,/static/media/food/coffee.jpg
エリックローズ-カフェ,デカフェ,,(tile)
エリックローズ-カフェ,デカフェオレ,,(tile)
エリックローズ-カフェ,エチオピア,,(tile)
エリックローズ-カフェ,ケニア,,(tile)
エリックローズ-カフェ,コロンビア,,(tile)
エリックローズ-カフェ,グアテマラ,,(tile)
エリックローズ-カフェ,ダージリンティー,tea_matcha,/static/media/food/tea_matcha.jpg
エリックローズ-カフェ,アッサムティー,tea_matcha,/static/media/food/tea_matcha.jpg
エリックローズ-カフェ,ルイボスティー,tea_matcha,/static/media/food/tea_matcha.jpg
エリックローズ-カフェ,レモングラスティー,tea_matcha,/static/media/food/tea_matcha.jpg
エリックローズ-カフェ,アイスティー,tea_matcha,/static/media/food/tea_matcha.jpg
エリックローズ-カフェ,ピーチティー,tea_matcha,/static/media/food/tea_matcha.jpg
エリックローズ-カフェ,クランベリーティーソーダ,juice_beverage,/static/media/food/juice_beverage.jpg
エリックローズ-カフェ,ミルクティー,tea_matcha,/static/media/food/tea_matcha.jpg
エリックローズ-カフェ,チャイラテ,coffee,/static/media/food/coffee.jpg
エリックローズ-カフェ,ほうじ茶ラテ,coffee,/static/media/food/coffee.jpg
エリックローズ-カフェ,抹茶ラテ,coffee,/static/media/food/coffee.jpg
エリックローズ-カフェ,グアバ,,(tile)
エリックローズ-カフェ,パッションフルーツ,,(tile)
エリックローズ-カフェ,ピーチソーダ,juice_beverage,/static/media/food/juice_beverage.jpg
エリックローズ-カフェ,レモンソーダ,juice_beverage,/static/media/food/juice_beverage.jpg
エリックローズ-カフェ,ココア,cocoa_drink,/static/media/food/cocoa_drink.jpg
エリックローズ-カフェ,ミルク,milk_drink,/static/media/food/milk_drink.jpg
エリックローズ-カフェ,フィジーウォーター,,(tile)
エリックローズ-カフェ,ペリエ,,(tile)
エリックローズ-カフェ,ビッグウェーブ ゴールデンエール,,(tile)
エリックローズ-カフェ,ハナレイ アイランドIPA,,(tile)
エリックローズ-カフェ,ブラックローズ,,(tile)
エリックローズ-カフェ,カシスオレンジ,cocktail,/static/media/food/cocktail.jpg
エリックローズ-カフェ,カシスソーダ,juice_beverage,/static/media/food/juice_beverage.jpg
エリックローズ-カフェ,スクリュードライバー,,(tile)
エリックローズ-カフェ,ハイボール,whisky,/static/media/food/whisky.jpg
エリックローズ-カフェ,オレンジジュース,juice_beverage,/static/media/food/juice_beverage.jpg
エリックローズ-カフェ,アップルジュース,juice_beverage,/static/media/food/juice_beverage.jpg
エリックローズ-カフェ,いちごミルク,milk_drink,/static/media/food/milk_drink.jpg
エリックローズ-カフェ,エリックパンケーキ,pancakes,
エリックローズ-カフェ,トリコローレ,,(tile)
エリックローズ-カフェ,BCT,,(tile)
エリックローズ-カフェ,サラダボウル,salad_green,
エリックローズ-カフェ,フライドポテト,french_fries,/static/media/food/french_fries.jpg
エリックローズ-カフェ,バタートースト,toast_breakfast,/static/media/food/toast_breakfast.jpg
エリックローズ-カフェ,ジェラート,,(tile)
エリックローズ-カフェ,マフィン,burger_classic,/static/media/food/burger_classic.jpg
エリックローズ-カフェ,ケーキ,cake_dessert,/static/media/food/cake_dessert.png
エリックローズ-カフェ,フロマージュブランのムース,,(tile)
エリックローズ-カフェ,クロワッサン,toast_breakfast,/static/media/food/toast_breakfast.jpg
エリックローズ-カフェ,ミルク追加,milk_drink,/static/media/food/milk_drink.jpg
エリックローズ-カフェ,クッキーストロー,cookie,/static/media/food/cookie.jpg
エリックローズ-カフェ,エスプレッソ追加,coffee,/static/media/food/coffee.jpg
エリックローズ-カフェ,ソイミルク,milk_drink,/static/media/food/milk_drink.jpg
エリックローズ-カフェ,オーツミルク,milk_drink,/static/media/food/milk_drink.jpg
エリックローズ-カフェ,アーモンドミルク,milk_drink,/static/media/food/milk_drink.jpg
エルトリート,テーブルサイドガッカモーレ ズワイガニ,,(tile)
エルトリート,テーブルサイドガッカモーレ,,(tile)
エルトリート,バッハコンボ（人気アペタイザーの盛り合わせ）,,(tile)
エルトリート,クリームチーズ＆アボカド包み揚げ,salad_green,
エルトリート,メキシカンチリチーズポテト,french_fries,/static/media/food/french_fries.jpg
エルトリート,メキシカンチョリソ,,(tile)
エルトリート,ウイング&ポテト,french_fries,/static/media/food/french_fries.jpg
エルトリート,スパイシーシュリンプ＆アボカドサラダ,salad_green,
エルトリート,トスターダ,,(tile)
エルトリート,チキンケサディーヤ,karaage_chicken,/static/media/food/karaage_chicken.jpg
エルトリート,クアトロファヒータ（テキーラフランベ）（2～4名分）,,(tile)
エルトリート,チキン&ビーフファヒータ（2～4名分）,karaage_chicken,/static/media/food/karaage_chicken.jpg
エルトリート,トリオファヒータグランデ（2～4名分）,,(tile)
エルトリート,チキン＆ビーフファヒータ（ハーフ）,karaage_chicken,/static/media/food/karaage_chicken.jpg
エルトリート,スパイシーチキンエンチェラーダ,karaage_chicken,/static/media/food/karaage_chicken.jpg
エルトリート,スパイシービーフエンチェラーダ,donut,/static/media/food/donut.jpg
エルトリート,ピカディーヨ・クリスピータコス,tacos,/static/media/food/tacos.jpg
エルトリート,ライトコンボ,,(tile)
エルトリート,マッチョコンボ,chocolate,/static/media/food/chocolate.jpg
エルトリート,メキシカンタコライス,tacos,/static/media/food/tacos.jpg
エルトリート,マンゴーマウンテン,,(tile)
エルトリート,ディープ フライアイスクリーム,icecream_parfait,/static/media/food/icecream_parfait.jpg
エルトリート,エルトリートマッドパイ,donut,/static/media/food/donut.jpg
エルトリート,ライトコース,,(tile)
エルトリート,スタンダードコース,,(tile)
エルトリート,オルメカコース,,(tile)
エルトリート,アステカコース,,(tile)
エルトリート,フローズン マルガリータ,,(tile)
エルトリート,キャデラック マルガリータ,,(tile)
エルトリート,マルガリータ カラフェ,,(tile)
エルトリート,コロナ,,(tile)
エルトリート,テカテ,,(tile)
エルトリート,サントリー 生ビール（ジョッキ）,beer_alcohol,/static/media/food/beer_alcohol.jpg
エルトリート,ハッピーフルーティーココナッツ,nuts_snack,/static/media/food/nuts_snack.png
エルトリート,クアトロベリー,,(tile)
エルトリート,ロングアイランドアイスティー,tea_matcha,/static/media/food/tea_matcha.jpg
エルトリート,アクアマンゴースプラッシュ,,(tile)
エルトリート,エルトリートピニャコラーダ,,(tile)
エルトリート,サンセットブリーズ,teishoku,/static/media/food/teishoku.jpg
エルトリート,ソノラサンライズ,,(tile)
エルトリート,ココナッツパインスラッシュ,donut,/static/media/food/donut.jpg
エルトリート,アイスティーレモネード,lemonade,/static/media/food/lemonade.jpg
エルトリート,ジンジャー＆ミント,,(tile)
エルトリート,シャーリーテンプル,,(tile)
エルトリート,ソフトドリンク各種,,(tile)
エルトリート,ランチファヒータ,teishoku,/static/media/food/teishoku.jpg
エルトリート,ランチ 炙りチーズファヒータ,teishoku,/static/media/food/teishoku.jpg
エルトリート,チキン&アボガドサラダ,salad_green,
エルトリート,チキン&ビーフトスターダ,karaage_chicken,/static/media/food/karaage_chicken.jpg
エルトリート,エルトリートコンボ,,(tile)
エルトリート,トリオタコス,tacos,/static/media/food/tacos.jpg
エルトリート,定番メキシカン チキンケサディーヤ,karaage_chicken,/static/media/food/karaage_chicken.jpg
カフェ-ベローチェ,ブレンドコーヒー,coffee,/static/media/food/coffee.jpg
カフェ-ベローチェ,アメリカンコーヒー,coffee,/static/media/food/coffee.jpg
カフェ-ベローチェ,カフェオーレ,,(tile)
カフェ-ベローチェ,黒蜜カフェオーレ ～沖縄産黒蜜使用～,,(tile)
カフェ-ベローチェ,エスプレッソ,coffee,/static/media/food/coffee.jpg
カフェ-ベローチェ,カフェモカ,,(tile)
カフェ-ベローチェ,カフェラテ,coffee,/static/media/food/coffee.jpg
カフェ-ベローチェ,抹茶ラテ,coffee,/static/media/food/coffee.jpg
カフェ-ベローチェ,紅茶（ストレート/レモン）,tea_matcha,/static/media/food/tea_matcha.jpg
カフェ-ベローチェ,ロイヤルミルクティー,tea_matcha,/static/media/food/tea_matcha.jpg
カフェ-ベローチェ,ルイボスミントティー（ノンカフェイン）,tea_matcha,/static/media/food/tea_matcha.jpg
カフェ-ベローチェ,ココア,cocoa_drink,/static/media/food/cocoa_drink.jpg
カフェ-ベローチェ,ミルク,milk_drink,/static/media/food/milk_drink.jpg
カフェ-ベローチェ,アイスコーヒー,coffee,/static/media/food/coffee.jpg
カフェ-ベローチェ,アイスカフェオーレ,icecream_parfait,/static/media/food/icecream_parfait.jpg
カフェ-ベローチェ,アイス黒蜜カフェオーレ ～沖縄産黒蜜使用～,icecream_parfait,/static/media/food/icecream_parfait.jpg
カフェ-ベローチェ,アイスカフェモカ,icecream_parfait,/static/media/food/icecream_parfait.jpg
カフェ-ベローチェ,アイスカフェラテ,coffee,/static/media/food/coffee.jpg
カフェ-ベローチェ,アイス抹茶ラテ,coffee,/static/media/food/coffee.jpg
カフェ-ベローチェ,アイスティー（ストレート/レモン）,tea_matcha,/static/media/food/tea_matcha.jpg
カフェ-ベローチェ,アイスロイヤルミルクティー,tea_matcha,/static/media/food/tea_matcha.jpg
カフェ-ベローチェ,アイスルイボスミントティー（ノンカフェイン）,tea_matcha,/static/media/food/tea_matcha.jpg
カフェ-ベローチェ,贅沢マンゴーハニーフロート,juice_beverage,/static/media/food/juice_beverage.jpg
カフェ-ベローチェ,抹茶ラテフロート,juice_beverage,/static/media/food/juice_beverage.jpg
カフェ-ベローチェ,ココアフロート,juice_beverage,/static/media/food/juice_beverage.jpg
カフェ-ベローチェ,コーヒーフロート,juice_beverage,/static/media/food/juice_beverage.jpg
カフェ-ベローチェ,ソルティーレモンスカッシュ,lemonade,/static/media/food/lemonade.jpg
カフェ-ベローチェ,クリームソーダ,juice_beverage,/static/media/food/juice_beverage.jpg
カフェ-ベローチェ,アイスココア,cocoa_drink,/static/media/food/cocoa_drink.jpg
カフェ-ベローチェ,アイスミルク,milk_drink,/static/media/food/milk_drink.jpg
カフェ-ベローチェ,オレンジジュース100％,juice_beverage,/static/media/food/juice_beverage.jpg
カフェ-ベローチェ,アップルジュース100％,juice_beverage,/static/media/food/juice_beverage.jpg
カフェ-ベローチェ,モーニングA トーストサンド とろ～りチーズ＆ツナ ～チェダーチーズ～,toast_breakfast,/static/media/food/toast_breakfast.jpg
カフェ-ベローチェ,モーニングＢ カイザーサンド スクランブルエッグ＆燻しベーコン ～トリュフマヨ入り～,toast_breakfast,/static/media/food/toast_breakfast.jpg
カフェ-ベローチェ,モーニングC トーストサンド とろ～りチーズ＆ハム ～モッツァレラチーズ～,toast_breakfast,/static/media/food/toast_breakfast.jpg
カフェ-ベローチェ,カツサンド～コク旨八丁味噌だれ～,burger_classic,/static/media/food/burger_classic.jpg
カフェ-ベローチェ,ポテトサラダサンド,burger_classic,/static/media/food/burger_classic.jpg
カフェ-ベローチェ,タマゴサンド,burger_classic,/static/media/food/burger_classic.jpg
カフェ-ベローチェ,タマゴハムミックス,,(tile)
カフェ-ベローチェ,タマゴツナミックス,,(tile)
カフェ-ベローチェ,ツナハムミックス,,(tile)
カフェ-ベローチェ,バジルチキンサンド,burger_classic,/static/media/food/burger_classic.jpg
カフェ-ベローチェ,ピーナッツサンド,burger_classic,/static/media/food/burger_classic.jpg
カフェ-ベローチェ,苺ジャムサンド,burger_classic,/static/media/food/burger_classic.jpg
カフェ-ベローチェ,焼きたてドッグ プレーン,hotdog,/static/media/food/hotdog.jpg
カフェ-ベローチェ,焼きたてドッグ たっぷりピクルス,hotdog,/static/media/food/hotdog.jpg
カフェ-ベローチェ,焼きたてサンド 瀬戸内レモンタルタルとハーブチキン,burger_classic,/static/media/food/burger_classic.jpg
カフェ-ベローチェ,焼きたてサンド カマンベール＆ハム,burger_classic,/static/media/food/burger_classic.jpg
カフェ-ベローチェ,海老とブロッコリーの塩バジリコ,sushi_shrimp,
カフェ-ベローチェ,贅沢ビーフのボロネーゼペンネ,pasta,/static/media/food/pasta.jpg
カフェ-ベローチェ,王道ナポリタン,napolitan,/static/media/food/napolitan.jpg
カフェ-ベローチェ,揚げナスとベーコンの香ばし醤油,bacon_dish,
カフェ-ベローチェ,大葉香るたらこバター,pasta,/static/media/food/pasta.jpg
カフェ-ベローチェ,海老のトマトクリームリゾット,risotto,/static/media/food/risotto.jpg
カフェ-ベローチェ,オリジナルビーフカレー,curry_rice,/static/media/food/curry_rice.jpg
カフェ-ベローチェ,海老とブロッコリーの塩バジリコセット,teishoku,/static/media/food/teishoku.jpg
カフェ-ベローチェ,贅沢ビーフのボロネーゼペンネセット,teishoku,/static/media/food/teishoku.jpg
カフェ-ベローチェ,王道ナポリタンセット,teishoku,/static/media/food/teishoku.jpg
カフェ-ベローチェ,揚げナスとベーコンの香ばし醤油セット,teishoku,/static/media/food/teishoku.jpg
カフェ-ベローチェ,大葉香るたらこバターセット,teishoku,/static/media/food/teishoku.jpg
カフェ-ベローチェ,焼きたてサンド 瀬戸内レモンタルタルとハーブチキンセット,burger_classic,/static/media/food/burger_classic.jpg
カフェ-ベローチェ,カマンベール＆ハムセット,teishoku,/static/media/food/teishoku.jpg
カフェ-ベローチェ,プレーンセット,teishoku,/static/media/food/teishoku.jpg
カフェ-ベローチェ,たっぷりピクルスセット,teishoku,/static/media/food/teishoku.jpg
カフェ-ベローチェ,海老のトマトクリームリゾットセット,teishoku,/static/media/food/teishoku.jpg
カフェ-ベローチェ,オリジナルビーフカレーセット,teishoku,/static/media/food/teishoku.jpg
カフェ-ベローチェ,グルテンフリー レモンレアチーズケーキ,cake_dessert,/static/media/food/cake_dessert.png
カフェ-ベローチェ,チョコレートケーキ,cake_dessert,/static/media/food/cake_dessert.png
カフェ-ベローチェ,ベイクドチーズケーキ ～北海道産チーズ使用～,cake_dessert,/static/media/food/cake_dessert.png
カフェ-ベローチェ,とろうま贅沢プリン,pudding,
カフェ-ベローチェ,コーヒーゼリー,coffee,/static/media/food/coffee.jpg
カフェ-ベローチェ,ソフトクリーム,soft_serve,/static/media/food/soft_serve.jpg
カフェ-ベローチェ,チョコマーブルパウンドケーキ,cake_dessert,/static/media/food/cake_dessert.png
カフェ-ベローチェ,バームクーヘン,,(tile)
カフェ-ベローチェ,クッキー,cookie,/static/media/food/cookie.jpg
カフェ-ベローチェ,オレンジパウンドケーキ,cake_dessert,/static/media/food/cake_dessert.png
カフェ-ベローチェ,チョコレートチャンクスコーン,chocolate,/static/media/food/chocolate.jpg
カフェ-ベローチェ,ドリップバッグ／オリジナルブレンド（5杯分）,,(tile)
カフェ-ベローチェ,ドリップバッグ／オリジナルブレンド（1杯分）,,(tile)
カフェ-ベローチェ,ザ・プレミアム・モルツ,,(tile)
カフェ-ベローチェ,角ハイボール,whisky,/static/media/food/whisky.jpg
カフェ-ラ-ボエム,チーズ3種盛,cheese_plate,
カフェ-ラ-ボエム,チーズ5種盛,cheese_plate,
カフェ-ラ-ボエム,オリーブ,olive,/static/media/food/olive.jpg
カフェ-ラ-ボエム,ニョッキフリット,,(tile)
カフェ-ラ-ボエム,ズッキーニのチーズ焼,cheese_plate,
カフェ-ラ-ボエム,スモークサーモンとタルタルと平たいパン,sushi_salmon,/static/media/food/sushi_salmon.jpg
カフェ-ラ-ボエム,なすのアラビアータ,,(tile)
カフェ-ラ-ボエム,ハモンセラーノ,,(tile)
カフェ-ラ-ボエム,パンチェッタコッタ,sushi_platter,/static/media/food/sushi_platter.jpg
カフェ-ラ-ボエム,仔羊と白いんげん豆の煮込み,,(tile)
カフェ-ラ-ボエム,空豆とリコッタチーズのラビオリクリーム,cheese_plate,
カフェ-ラ-ボエム,ポルチーニ茸のリゾット,risotto,/static/media/food/risotto.jpg
カフェ-ラ-ボエム,ゴルゴンゾーラのリゾット,risotto,/static/media/food/risotto.jpg
カフェ-ラ-ボエム,仔羊肩ロース肉のポワレ エストラゴン風味,yakiniku_steak,/static/media/food/yakiniku_steak.jpg
カフェ-ラ-ボエム,鴨もも肉のコンフィ,,(tile)
カフェ-ラ-ボエム,豚ロース肉カツレツボローニャ風,tonkatsu_pork,/static/media/food/tonkatsu_pork.jpg
カフェ-ラ-ボエム,ゴルゴンゾーラクリーム,,(tile)
カフェ-ラ-ボエム,ボロネーゼ,pasta,/static/media/food/pasta.jpg
カフェ-ラ-ボエム,レモンクリーム,,(tile)
カフェ-ラ-ボエム,ポルチーニクリーム,,(tile)
カフェアジール,ブレンドコーヒー,coffee,/static/media/food/coffee.jpg
カフェアジール,コーヒー,coffee,/static/media/food/coffee.jpg
カフェアジール,カフェオレ,,(tile)
カフェアジール,カフェオレチョコ,chocolate,/static/media/food/chocolate.jpg
カフェアジール,ココア,cocoa_drink,/static/media/food/cocoa_drink.jpg
カフェアジール,ミルク,milk_drink,/static/media/food/milk_drink.jpg
カフェアジール,紅茶,tea_matcha,/static/media/food/tea_matcha.jpg
カフェアジール,オレンジジュース,juice_beverage,/static/media/food/juice_beverage.jpg
カフェアジール,グレープフルーツジュース,juice_beverage,/static/media/food/juice_beverage.jpg
カフェアジール,バナナジュース,juice_beverage,/static/media/food/juice_beverage.jpg
カフェアジール,メロンソーダ,juice_beverage,/static/media/food/juice_beverage.jpg
カフェアジール,コーラ,cola_drink,/static/media/food/cola_drink.jpg
カフェアジール,ブルーベリースカッシュ,,(tile)
カフェアジール,キウイスカッシュ,,(tile)
カフェアジール,レモネード,lemonade,/static/media/food/lemonade.jpg
カフェアジール,フロート,juice_beverage,/static/media/food/juice_beverage.jpg
カフェアジール,トースト,toast_breakfast,/static/media/food/toast_breakfast.jpg
カフェアジール,パンケーキ,pancakes,
カフェアジール,バニラ,,(tile)
カフェアジール,ストロベリー,,(tile)
カフェアジール,ストレートティー,tea_matcha,/static/media/food/tea_matcha.jpg
カフェアジール,レモンティー,tea_matcha,/static/media/food/tea_matcha.jpg
カフェアジール,ミルクティー,tea_matcha,/static/media/food/tea_matcha.jpg
カフェアジール,シナモンティー,tea_matcha,/static/media/food/tea_matcha.jpg
カフェアジール,ロイヤルミルクティー,tea_matcha,/static/media/food/tea_matcha.jpg
カフェアジール,プリンアラモード,pudding,
カフェアジール,自家製コーヒーゼリー,coffee,/static/media/food/coffee.jpg
カフェアジール,ランチセット,teishoku,/static/media/food/teishoku.jpg
カレーハウスCoCo壱番屋,ポークカレー,curry_rice,/static/media/food/curry_rice.jpg
カレーハウスCoCo壱番屋,甘口ポークカレー,curry_rice,/static/media/food/curry_rice.jpg
カレーハウスCoCo壱番屋,ビーフカレー,curry_rice,/static/media/food/curry_rice.jpg
カレーハウスCoCo壱番屋,チキンにこみカレー,curry_rice,/static/media/food/curry_rice.jpg
カレーハウスCoCo壱番屋,フライドチキン(5個)カレー,karaage_chicken,/static/media/food/karaage_chicken.jpg
カレーハウスCoCo壱番屋,ハンバーグ(2個)カレー,yakiniku_steak,/static/media/food/yakiniku_steak.jpg
カレーハウスCoCo壱番屋,豚しゃぶカレー,curry_rice,/static/media/food/curry_rice.jpg
カレーハウスCoCo壱番屋,メンチカツカレー,curry_rice,/static/media/food/curry_rice.jpg
カレーハウスCoCo壱番屋,ソーセージ(4本)カレー,sausage,/static/media/food/sausage.jpg
カレーハウスCoCo壱番屋,チキンカツカレー,curry_rice,/static/media/food/curry_rice.jpg
カレーハウスCoCo壱番屋,パリパリチキンカレー,curry_rice,/static/media/food/curry_rice.jpg
カレーハウスCoCo壱番屋,ロースカツカレー,curry_rice,/static/media/food/curry_rice.jpg
カレーハウスCoCo壱番屋,手仕込とんかつカレー,curry_rice,/static/media/food/curry_rice.jpg
カレーハウスCoCo壱番屋,牛すじ煮込みカレー,curry_rice,/static/media/food/curry_rice.jpg
カレーハウスCoCo壱番屋,プチエビフライカレー,curry_rice,/static/media/food/curry_rice.jpg
カレーハウスCoCo壱番屋,フィッシュフライ(2本)カレー,fry_seafood,/static/media/food/fry_seafood.jpg
カレーハウスCoCo壱番屋,たっぷりあさりカレー,curry_rice,/static/media/food/curry_rice.jpg
カレーハウスCoCo壱番屋,イカカレー,curry_rice,/static/media/food/curry_rice.jpg
カレーハウスCoCo壱番屋,エビにこみカレー,curry_rice,/static/media/food/curry_rice.jpg
カレーハウスCoCo壱番屋,エビあさりカレー,curry_rice,/static/media/food/curry_rice.jpg
カレーハウスCoCo壱番屋,海の幸カレー,curry_rice,/static/media/food/curry_rice.jpg
カレーハウスCoCo壱番屋,なす(6個)カレー,curry_rice,/static/media/food/curry_rice.jpg
カレーハウスCoCo壱番屋,ほうれん草カレー,curry_rice,/static/media/food/curry_rice.jpg
カレーハウスCoCo壱番屋,やさいカレー,curry_rice,/static/media/food/curry_rice.jpg
カレーハウスCoCo壱番屋,とろ～りたまフライカレー,curry_rice,/static/media/food/curry_rice.jpg
カレーハウスCoCo壱番屋,ココイチベジカレー,curry_rice,/static/media/food/curry_rice.jpg
カレーハウスCoCo壱番屋,オムカレー,curry_rice,/static/media/food/curry_rice.jpg
カレーハウスCoCo壱番屋,低糖質カレー,curry_rice,/static/media/food/curry_rice.jpg
カレーハウスCoCo壱番屋,納豆カレー,curry_rice,/static/media/food/curry_rice.jpg
カレーハウスCoCo壱番屋,スクランブルエッグカレー,curry_rice,/static/media/food/curry_rice.jpg
カレーハウスCoCo壱番屋,チーズカレー,curry_rice,/static/media/food/curry_rice.jpg
カレーハウスCoCo壱番屋,クリームコロッケ(カニ入り）(2個)カレー,korokke,/static/media/food/korokke.jpg
カレーハウスCoCo壱番屋,きのこカレー,curry_rice,/static/media/food/curry_rice.jpg
カレーハウスCoCo壱番屋,なすとほうれん草のカレードリア,doria,/static/media/food/doria.jpg
カレーハウスCoCo壱番屋,ハンバーグカレードリア,doria,/static/media/food/doria.jpg
カレーハウスCoCo壱番屋,ハヤシライス,gohan_rice,
カレーハウスCoCo壱番屋,カレーうどん,udon,/static/media/food/udon.jpg
カレーハウスCoCo壱番屋,カレーうどん（ライス付）,udon,/static/media/food/udon.jpg
カレーハウスCoCo壱番屋,カレーらーめん,ramen_shoyu,/static/media/food/ramen_shoyu.jpg
カレーハウスCoCo壱番屋,チャーシューカレーらーめん,ramen_shoyu,/static/media/food/ramen_shoyu.jpg
カレーハウスCoCo壱番屋,カレーらーめん（ライス付）,ramen_shoyu,/static/media/food/ramen_shoyu.jpg
カレーハウスCoCo壱番屋,チャーシューカレーらーめん（ライス付）,ramen_shoyu,/static/media/food/ramen_shoyu.jpg
カレーハウスCoCo壱番屋,スモールポークカレー,curry_rice,/static/media/food/curry_rice.jpg
カレーハウスCoCo壱番屋,スモールビーフカレー,curry_rice,/static/media/food/curry_rice.jpg
カレーハウスCoCo壱番屋,スモールココイチベジカレー,curry_rice,/static/media/food/curry_rice.jpg
カレーハウスCoCo壱番屋,スモールエビにこみカレー,curry_rice,/static/media/food/curry_rice.jpg
カレーハウスCoCo壱番屋,スモールスクランブルエッグカレー,curry_rice,/static/media/food/curry_rice.jpg
カレーハウスCoCo壱番屋,スモールクリームコロッケ（カニ入）カレー,korokke,/static/media/food/korokke.jpg
カレーハウスCoCo壱番屋,スモールやさいカレー,curry_rice,/static/media/food/curry_rice.jpg
カレーハウスCoCo壱番屋,スモールほうれん草カレー,curry_rice,/static/media/food/curry_rice.jpg
カレーハウスCoCo壱番屋,スモールフライドチキンカレー,curry_rice,/static/media/food/curry_rice.jpg
カレーハウスCoCo壱番屋,スモールきのこカレー,curry_rice,/static/media/food/curry_rice.jpg
カレーハウスCoCo壱番屋,スモールチーズカレー,curry_rice,/static/media/food/curry_rice.jpg
カレーハウスCoCo壱番屋,スモールハンバーグカレー,curry_rice,/static/media/food/curry_rice.jpg
カレーハウスCoCo壱番屋,スモールソーセージカレー,curry_rice,/static/media/food/curry_rice.jpg
カレーハウスCoCo壱番屋,スモールイカカレー,curry_rice,/static/media/food/curry_rice.jpg
カレーハウスCoCo壱番屋,お子さまカレー ハンバーグ,curry_rice,/static/media/food/curry_rice.jpg
カレーハウスCoCo壱番屋,お子さまカレー フライドチキン,curry_rice,/static/media/food/curry_rice.jpg
カレーハウスCoCo壱番屋,お子さまカレー ハンバーグ＆フライドチキン,curry_rice,/static/media/food/curry_rice.jpg
カレーハウスCoCo壱番屋,お子さまカレー クリームコロッケ（カニ入り）＆フライドチキン,curry_rice,/static/media/food/curry_rice.jpg
カレーハウスCoCo壱番屋,ミニお子さまカレー,curry_rice,/static/media/food/curry_rice.jpg
カレーハウスCoCo壱番屋,ミニお子さまナンカレー,curry_rice,/static/media/food/curry_rice.jpg
カレーハウスCoCo壱番屋,1歳からのやさしい野菜カレー,curry_rice,/static/media/food/curry_rice.jpg
カレーハウスCoCo壱番屋,ベビーフード,,(tile)
カレーハウスCoCo壱番屋,単品ミニナン,,(tile)
カレーハウスCoCo壱番屋,特定原材料を使用していないカレー（ライス200g）,curry_rice,/static/media/food/curry_rice.jpg
カレーハウスCoCo壱番屋,特定原材料を使用していないカレー（ライス100g）,curry_rice,/static/media/food/curry_rice.jpg
カレーハウスCoCo壱番屋,焙煎スパイスのチキンカレー,curry_rice,/static/media/food/curry_rice.jpg
カレーハウスCoCo壱番屋,チキンと夏野菜カレー,curry_rice,/static/media/food/curry_rice.jpg
カレーハウスCoCo壱番屋,痺辛旨椒（1痺）,,(tile)
カレーハウスCoCo壱番屋,痺辛旨椒（2痺）,,(tile)
カレーハウスCoCo壱番屋,痺辛旨椒（3痺）,,(tile)
カレーハウスCoCo壱番屋,ホロ肉ドカンと豪快カレー(LEVEL1),curry_rice,/static/media/food/curry_rice.jpg
カレーハウスCoCo壱番屋,ホロ肉ドカンと豪快カレー(LEVEL2),curry_rice,/static/media/food/curry_rice.jpg
カレーハウスCoCo壱番屋,ホロ肉ドカンと豪快カレー(LEVEL3),curry_rice,/static/media/food/curry_rice.jpg
カレーハウスCoCo壱番屋,ホロ肉ドカンと豪快カレー(LEVEL4),curry_rice,/static/media/food/curry_rice.jpg
カレーハウスCoCo壱番屋,ケララチキンスパイスカレー,curry_rice,/static/media/food/curry_rice.jpg
カレーハウスCoCo壱番屋,手仕込ささみカツ(2本)カレー,tonkatsu_pork,/static/media/food/tonkatsu_pork.jpg
カレーハウスCoCo壱番屋,甘辛肉炒め定食（カレーソース付き）,teishoku,/static/media/food/teishoku.jpg
カレーハウスCoCo壱番屋,甘辛肉炒め定食ダブル（カレーソース付き）,teishoku,/static/media/food/teishoku.jpg
カレーハウスCoCo壱番屋,手仕込とんかつ定食（カレーソース付き）,teishoku,/static/media/food/teishoku.jpg
カレーハウスCoCo壱番屋,台湾カレー,curry_rice,/static/media/food/curry_rice.jpg
カレーハウスCoCo壱番屋,静岡 黒はんぺんカレー,curry_rice,/static/media/food/curry_rice.jpg
カレーハウスCoCo壱番屋,ココイチの黒部ダムカレー,curry_rice,/static/media/food/curry_rice.jpg
カレーハウスCoCo壱番屋,イタリアンカレー,curry_rice,/static/media/food/curry_rice.jpg
カレーハウスCoCo壱番屋,函館いかメンチカレー,curry_rice,/static/media/food/curry_rice.jpg
カレーハウスCoCo壱番屋,エビフライカレー（みそダレ）,curry_rice,/static/media/food/curry_rice.jpg
カレーハウスCoCo壱番屋,大人の贅沢 飛騨牛カレー,curry_rice,/static/media/food/curry_rice.jpg
カレーハウスCoCo壱番屋,雪室コロッケカレー,curry_rice,/static/media/food/curry_rice.jpg
カレーハウスCoCo壱番屋,都通カレーきしめん,curry_rice,/static/media/food/curry_rice.jpg
カレーハウスCoCo壱番屋,奥州いわいどりからあげカレー,curry_rice,/static/media/food/curry_rice.jpg
カレーハウスCoCo壱番屋,新潟たれカツカレー,curry_rice,/static/media/food/curry_rice.jpg
カレーハウスCoCo壱番屋,麺や蔵人の厚切り炙りチャーシューカレー,curry_rice,/static/media/food/curry_rice.jpg
カレーハウスCoCo壱番屋,チキンと夏野菜,karaage_chicken,/static/media/food/karaage_chicken.jpg
カレーハウスCoCo壱番屋,手仕込ささみカツ(1本),tonkatsu_pork,/static/media/food/tonkatsu_pork.jpg
カレーハウスCoCo壱番屋,手仕込ささみカツ(2本),tonkatsu_pork,/static/media/food/tonkatsu_pork.jpg
カレーハウスCoCo壱番屋,ハンバーグ(1個),yakiniku_steak,/static/media/food/yakiniku_steak.jpg
カレーハウスCoCo壱番屋,ハーフ豚しゃぶ,shabu,/static/media/food/shabu.jpg
カレーハウスCoCo壱番屋,ソーセージ(2本),sausage,/static/media/food/sausage.jpg
カレーハウスCoCo壱番屋,フライドチキン(3個),karaage_chicken,/static/media/food/karaage_chicken.jpg
カレーハウスCoCo壱番屋,チキンにこみ,karaage_chicken,/static/media/food/karaage_chicken.jpg
カレーハウスCoCo壱番屋,フライドチキン(5個),karaage_chicken,/static/media/food/karaage_chicken.jpg
カレーハウスCoCo壱番屋,メンチカツ,tonkatsu_pork,/static/media/food/tonkatsu_pork.jpg
カレーハウスCoCo壱番屋,豚しゃぶ,shabu,/static/media/food/shabu.jpg
カレーハウスCoCo壱番屋,チキンカツ,tonkatsu_pork,/static/media/food/tonkatsu_pork.jpg
カレーハウスCoCo壱番屋,パリパリチキン,karaage_chicken,/static/media/food/karaage_chicken.jpg
カレーハウスCoCo壱番屋,ロースカツ,tonkatsu_pork,/static/media/food/tonkatsu_pork.jpg
カレーハウスCoCo壱番屋,手仕込とんかつ,tonkatsu_pork,/static/media/food/tonkatsu_pork.jpg
カレーハウスCoCo壱番屋,牛すじ煮込み（一部店舗限定）,,(tile)
カレーハウスCoCo壱番屋,フィッシュフライ(1本),fry_seafood,/static/media/food/fry_seafood.jpg
カレーハウスCoCo壱番屋,ハーフあさり,,(tile)
カレーハウスCoCo壱番屋,ハーフイカ,,(tile)
カレーハウスCoCo壱番屋,ハーフエビにこみ,sushi_shrimp,
カレーハウスCoCo壱番屋,ツナ,,(tile)
カレーハウスCoCo壱番屋,プチエビフライ,fry_seafood,/static/media/food/fry_seafood.jpg
カレーハウスCoCo壱番屋,たっぷりあさり,,(tile)
カレーハウスCoCo壱番屋,エビあさり,sushi_shrimp,
カレーハウスCoCo壱番屋,エビにこみ,sushi_shrimp,
カレーハウスCoCo壱番屋,イカ,,(tile)
カレーハウスCoCo壱番屋,海の幸,,(tile)
カレーハウスCoCo壱番屋,なす(3個),,(tile)
カレーハウスCoCo壱番屋,ハーフほうれん草,,(tile)
カレーハウスCoCo壱番屋,ハーフやさい,,(tile)
カレーハウスCoCo壱番屋,コーン,,(tile)
カレーハウスCoCo壱番屋,単品ポテト,french_fries,/static/media/food/french_fries.jpg
カレーハウスCoCo壱番屋,旨辛にんにく,,(tile)
カレーハウスCoCo壱番屋,ほうれん草,,(tile)
カレーハウスCoCo壱番屋,やさい,,(tile)
カレーハウスCoCo壱番屋,とろ～りたまフライ,fry_seafood,/static/media/food/fry_seafood.jpg
カレーハウスCoCo壱番屋,ハーフスクランブルエッグ,,(tile)
カレーハウスCoCo壱番屋,ハーフきのこ,,(tile)
カレーハウスCoCo壱番屋,クリームコロッケ(カニ入り）(1個),korokke,/static/media/food/korokke.jpg
カレーハウスCoCo壱番屋,ハーフチーズ,cheese_plate,
カレーハウスCoCo壱番屋,クリーミータルタルソース,,(tile)
カレーハウスCoCo壱番屋,半熟タマゴ,,(tile)
カレーハウスCoCo壱番屋,ゆでタマゴ,,(tile)
カレーハウスCoCo壱番屋,半熟タマゴタルタルソース,,(tile)
カレーハウスCoCo壱番屋,納豆,natto,/static/media/food/natto.jpg
カレーハウスCoCo壱番屋,スクランブルエッグ,,(tile)
カレーハウスCoCo壱番屋,きのこ,,(tile)
カレーハウスCoCo壱番屋,チーズ,cheese_plate,
ガスト,海老と蒸し鶏のコク旨冷麺,hiyashi_chuka,/static/media/food/hiyashi_chuka.jpg
ガスト,ねばとろサラダうどん,udon,/static/media/food/udon.jpg
ガスト,海老と蒸し鶏のコク旨冷麺＋選べるミニ丼セット,teishoku,/static/media/food/teishoku.jpg
ガスト,ねばとろサラダうどん＋選べるミニ丼セット,teishoku,/static/media/food/teishoku.jpg
ガスト,純氷かき氷カフェモカ,,(tile)
ガスト,純氷かき氷抹茶黒蜜,tea_matcha,/static/media/food/tea_matcha.jpg
ガスト,純氷かき氷ミニカフェモカ,,(tile)
ガスト,純氷かき氷ミニ抹茶黒蜜,tea_matcha,/static/media/food/tea_matcha.jpg
ガスト,純氷かき氷練乳いちご,,(tile)
ガスト,純氷かき氷ブルークリームソーダ,juice_beverage,/static/media/food/juice_beverage.jpg
ガスト,純氷かき氷ミニ練乳いちご,,(tile)
ガスト,純氷かき氷ミニブルークリームソーダ,juice_beverage,/static/media/food/juice_beverage.jpg
ガスト,ももから揚げ3個,karaage_chicken,/static/media/food/karaage_chicken.jpg
ガスト,ハニーマスタードもも3個,,(tile)
ガスト,甘とろダレもも3個,,(tile)
ガスト,から好し(2個)＆海老フライ(2本)定食,teishoku,/static/media/food/teishoku.jpg
ガスト,から好し定食 3個,teishoku,/static/media/food/teishoku.jpg
ガスト,から好し定食 5個,teishoku,/static/media/food/teishoku.jpg
ガスト,から好し定食 4個,teishoku,/static/media/food/teishoku.jpg
ガスト,から好し定食 6個,teishoku,/static/media/food/teishoku.jpg
ガスト,おろしから揚げ定食 3個,teishoku,/static/media/food/teishoku.jpg
ガスト,合盛り定食 4個ハニーマスタード,teishoku,/static/media/food/teishoku.jpg
ガスト,おろしから揚げ定食 4個,teishoku,/static/media/food/teishoku.jpg
ガスト,合盛り定食 6個ハニーマスタード,teishoku,/static/media/food/teishoku.jpg
ガスト,合盛り定食 4個甘とろダレ,teishoku,/static/media/food/teishoku.jpg
ガスト,甘とろから揚げ定食 4個,teishoku,/static/media/food/teishoku.jpg
ガスト,合盛り定食 6個甘とろダレ,teishoku,/static/media/food/teishoku.jpg
ガスト,から揚げもも 1個,karaage_chicken,/static/media/food/karaage_chicken.jpg
ガスト,ハニーマスタードもも1個,,(tile)
ガスト,甘とろダレもも1個,,(tile)
ガスト,ガストフィット3品選択コース,,(tile)
ガスト,ガストフィット4品選択コース,,(tile)
ガスト,THE職人ビーフハンバーグライスorパンセット,teishoku,/static/media/food/teishoku.jpg
ガスト,THE職人ビーフシチューハンバーグ～ホイル包み～(合挽き約110g),yakiniku_steak,/static/media/food/yakiniku_steak.jpg
ガスト,THE職人ビーフハンバーグ,yakiniku_steak,/static/media/food/yakiniku_steak.jpg
ガスト,THE職人ビーフシチューハンバーグ～ホイル包み～(合挽き約150g),yakiniku_steak,/static/media/food/yakiniku_steak.jpg
ガスト,ビーフ100％粗挽き肉厚ステーキ風ハンバーグ,yakiniku_steak,/static/media/food/yakiniku_steak.jpg
ガスト,鉄板ハンバーグミックスグリル,yakiniku_steak,/static/media/food/yakiniku_steak.jpg
ガスト,ビーフ100％ねぎと大葉おろしの粗挽き肉厚ステーキ風ハンバーグ,yakiniku_steak,/static/media/food/yakiniku_steak.jpg
ガスト,鉄板ハンバーグ元気盛り,yakiniku_steak,/static/media/food/yakiniku_steak.jpg
ガスト,カットステーキ（6枚）ネギ＆にんにく醤油ソース,steak_plate,/static/media/food/steak_plate.jpg
ガスト,イチオシ！！ガストスマッシュバーガー,burger_classic,/static/media/food/burger_classic.jpg
ガスト,カットステーキ（9枚）ネギ＆にんにく醤油ソース,steak_plate,/static/media/food/steak_plate.jpg
ガスト,鉄板目玉ハンバーグ,yakiniku_steak,/static/media/food/yakiniku_steak.jpg
ガスト,鉄板目玉ハンバーグおろしポン酢,yakiniku_steak,/static/media/food/yakiniku_steak.jpg
ガスト,赤身ビーフステーキ 約100g,steak_plate,/static/media/food/steak_plate.jpg
ガスト,鉄板目玉ハンバーグてりタルソース,yakiniku_steak,/static/media/food/yakiniku_steak.jpg
ガスト,赤身ビーフステーキ 約100g＆海老フライ＆カキフライ,steak_plate,/static/media/food/steak_plate.jpg
ガスト,赤身ビーフステーキ 約150g,steak_plate,/static/media/food/steak_plate.jpg
ガスト,サーロインステーキ180g,steak_plate,/static/media/food/steak_plate.jpg
ガスト,赤身ビーフステーキ 約100g＆若鶏スパイス焼き,steak_plate,/static/media/food/steak_plate.jpg
ガスト,チーズＩＮハンバーグ,yakiniku_steak,/static/media/food/yakiniku_steak.jpg
ガスト,チーズONチーズINハンバーグ,yakiniku_steak,/static/media/food/yakiniku_steak.jpg
ガスト,チーズＩＮハンバーグ＆海老フライ,fry_seafood,/static/media/food/fry_seafood.jpg
ガスト,チーズＯＮチーズＩＮハンバーグ＆アボカド,salad_green,
ガスト,チーズＩＮハンバーグ＆焼き野菜,yakiniku_steak,/static/media/food/yakiniku_steak.jpg
ガスト,チーズＯＮチーズＩＮハンバーグ＆温泉卵,tamago_egg,/static/media/food/tamago_egg.jpg
ガスト,チキテキスパイス焼き,donut,/static/media/food/donut.jpg
ガスト,ジューシー若鶏グリルガーリックソース,,(tile)
ガスト,ジューシー若鶏グリルきのこクリーム,,(tile)
ガスト,ジューシー若鶏グリル大葉おろし,,(tile)
ガスト,ジューシー若鶏グリルにんにく醤油ソース,,(tile)
ガスト,ジューシー若鶏グリルヒマラヤ岩塩,,(tile)
ガスト,ライス,gohan_rice,
ガスト,少なめライス,gohan_rice,
ガスト,大ライス,gohan_rice,
ガスト,ソフトフランスパン,,(tile)
ガスト,ひじき雑穀ごはん,gohan_rice,
ガスト,ミニねぎとろ丼,donburi_rice,/static/media/food/donburi_rice.jpg
ガスト,ミニソースひれかつ丼,katsudon,/static/media/food/katsudon.jpg
ガスト,ライスorパンポタージュセット,teishoku,/static/media/food/teishoku.jpg
ガスト,ライスorパントマトのグリーンサラダセット,teishoku,/static/media/food/teishoku.jpg
ガスト,ライスorパンゴロゴロ野菜サラダセット,teishoku,/static/media/food/teishoku.jpg
ガスト,ライスorパン蒸し鶏と彩り野菜のサラダ(S)セット,salad_green,
ガスト,和食セット,teishoku,/static/media/food/teishoku.jpg
ガスト,豚汁セット,teishoku,/static/media/food/teishoku.jpg
ガスト,納豆,natto,/static/media/food/natto.jpg
ガスト,【お料理ご注文のお客様限定】［追加］マヨケチャ,,(tile)
ガスト,【お料理ご注文のお客様限定】［追加］マヨ＆明太バター,,(tile)
ガスト,【お料理ご注文のお客様限定】［追加］ハニーマスタードソース,,(tile)
ガスト,【お料理ご注文のお客様限定】［追加］ケチャップ,,(tile)
ガスト,【お料理ご注文のお客様限定】［追加］マヨネーズ,,(tile)
ガスト,【お料理ご注文のお客様限定】[追加]デミグラスソース,,(tile)
ガスト,【お料理ご注文のお客様限定】[追加]にんにく醤油ソース,,(tile)
ガスト,【お料理ご注文のお客様限定】［追加］大宮シェフ監修匠のデミグラスソース,,(tile)
ガスト,【お料理ご注文のお客様限定】[追加]ガーリックソース,,(tile)
ガスト,【お料理ご注文のお客様限定】[追加]タルタルソース,,(tile)
ガスト,【お料理ご注文のお客様限定】[追加]デュクセルソース,,(tile)
ガスト,【お料理ご注文のお客様限定】トッピング ミニチーズINハンバーグ,yakiniku_steak,/static/media/food/yakiniku_steak.jpg
ガスト,【お料理ご注文のお客様限定】トッピング 海老フライ,fry_seafood,/static/media/food/fry_seafood.jpg
ガスト,【お料理ご注文のお客様限定】トッピング ソーセージ（2本）,sausage,/static/media/food/sausage.jpg
ガスト,【お料理ご注文のお客様限定】トッピング アジフライ,fry_seafood,/static/media/food/fry_seafood.jpg
ガスト,【お料理ご注文のお客様限定】トッピング ひれかつ,tonkatsu_pork,/static/media/food/tonkatsu_pork.jpg
ガスト,【お料理ご注文のお客様限定】トッピング 若鶏のから揚げ（2コ）,karaage_chicken,/static/media/food/karaage_chicken.jpg
ガスト,【お料理ご注文のお客様限定】トッピング 目玉焼き,tamago_egg,/static/media/food/tamago_egg.jpg
ガスト,【お料理ご注文のお客様限定】トッピング チーズソース,cheese_plate,
ガスト,【お料理ご注文のお客様限定】トッピング 粉チーズ,cheese_plate,
ガスト,【お料理ご注文のお客様限定】トッピング 温泉卵,tamago_egg,/static/media/food/tamago_egg.jpg
ガスト,【お料理ご注文のお客様限定】トッピング カレールー,curry_rice,/static/media/food/curry_rice.jpg
ガスト,【お料理ご注文のお客様限定】トッピング 合挽きハンバーグ,yakiniku_steak,/static/media/food/yakiniku_steak.jpg
ガスト,【お料理ご注文のお客様限定】トッピング ミニ若鶏スパイス焼き,donut,/static/media/food/donut.jpg
ガスト,【お料理ご注文のお客様限定】トッピング 焼き野菜,,(tile)
ガスト,【お料理ご注文のお客様限定】トッピング カキフライ,fry_seafood,/static/media/food/fry_seafood.jpg
ガスト,【お料理ご注文のお客様限定】トッピング むき海老,sushi_shrimp,
ガスト,【お料理ご注文のお客様限定】トッピング 蒸し鶏,,(tile)
ガスト,【お料理ご注文のお客様限定】トッピング アボカド,salad_green,
ガスト,【お料理ご注文のお客様限定】トッピング モッツァレラチーズ,cheese_plate,
ガスト,【お料理ご注文のお客様限定】トッピング 生ハム,prosciutto,
ガスト,ねばとろサラダうどん 麺1.5倍,udon,/static/media/food/udon.jpg
ガスト,ミニ大葉おろしうどん,udon,/static/media/food/udon.jpg
ガスト,ひれかつ膳,tonkatsu_pork,/static/media/food/tonkatsu_pork.jpg
ガスト,彩り野菜の黒酢から揚げ和膳海老フライ＆カキフライ付き,fry_seafood,/static/media/food/fry_seafood.jpg
ガスト,鶏もも肉の照り煮和膳《広東風》海老フライ＆カキフライ付き,fry_seafood,/static/media/food/fry_seafood.jpg
ガスト,彩り野菜の黒酢から揚げ和膳,karaage_chicken,/static/media/food/karaage_chicken.jpg
ガスト,鶏もも肉の照り煮和膳《広東風》,,(tile)
ガスト,うな重（お吸い物・漬物付き）,unagi,/static/media/food/unagi.jpg
ガスト,唐揚げてりタル丼味噌汁・漬物付き,tsukemono,/static/media/food/tsukemono.jpg
ガスト,うな重 うなぎ2倍（お吸い物・漬物付き）,unagi,/static/media/food/unagi.jpg
ガスト,ミニチーズＩＮロコモコ丼味噌汁・漬物付き,tsukemono,/static/media/food/tsukemono.jpg
ガスト,ねぎとろ丼味噌汁・漬物付き,tsukemono,/static/media/food/tsukemono.jpg
ガスト,きのこと炙り生ハムのクリームパスタ,pasta,/static/media/food/pasta.jpg
ガスト,こく旨ミートソース,pasta,/static/media/food/pasta.jpg
ガスト,しらすとねぎの出汁醤油,,(tile)
ガスト,明太クリームカルボナーラ,pasta,/static/media/food/pasta.jpg
ガスト,ペペロンチーノ,pasta,/static/media/food/pasta.jpg
ガスト,きのこと炙り生ハムのピザ,pizza,/static/media/food/pizza.jpg
ガスト,たっぷりマヨコーンピザ,pizza,/static/media/food/pizza.jpg
ガスト,マルゲリータピザ,pizza,/static/media/food/pizza.jpg
ガスト,ミートドリア,doria,/static/media/food/doria.jpg
ガスト,海老と明太子のドリア,doria,/static/media/food/doria.jpg
ガスト,温玉ミートドリア,doria,/static/media/food/doria.jpg
ガスト,オムライス（ビーフシチューソース）,omurice,/static/media/food/omurice.jpg
ガスト,ガストブラックカレー,curry_rice,/static/media/food/curry_rice.jpg
ガスト,ガストブラックカレー元気盛り,curry_rice,/static/media/food/curry_rice.jpg
ガスト,ガストひれかつブラックカレー,curry_rice,/static/media/food/curry_rice.jpg
ガスト,ガストチーズINブラックカレー,curry_rice,/static/media/food/curry_rice.jpg
ガスト,ちょいピザマルゲリータ,pizza,/static/media/food/pizza.jpg
ガスト,大人のお子様ランチプレート,teishoku,/static/media/food/teishoku.jpg
ガスト,ちょいピザマヨコーン,pizza,/static/media/food/pizza.jpg
ガスト,こく旨ミートソース〔ハーフ〕,pasta,/static/media/food/pasta.jpg
ガスト,しらすとねぎの出汁醤油〔ハーフ〕,,(tile)
ガスト,明太クリーム〔ハーフ〕,,(tile)
ガスト,ハリケーンポテト,french_fries,/static/media/food/french_fries.jpg
ガスト,ちょい盛りポテトフライ,fry_seafood,/static/media/food/fry_seafood.jpg
ガスト,ほうれん草ベーコン,bacon_dish,
ガスト,山盛りポテトフライ,fry_seafood,/static/media/food/fry_seafood.jpg
ガスト,チキンのトマト煮込み,karaage_chicken,/static/media/food/karaage_chicken.jpg
ガスト,マッシュポテトのオーブン焼きやまや明太,french_fries,/static/media/food/french_fries.jpg
ガスト,マッシュポテトのオーブン焼き,french_fries,/static/media/food/french_fries.jpg
ガスト,焼きたて明太トースト（2個）,toast_breakfast,/static/media/food/toast_breakfast.jpg
ガスト,彩りグリル野菜,,(tile)
ガスト,コーンのオーブン焼き,,(tile)
ガスト,若鶏スパイス焼き（1枚）,donut,/static/media/food/donut.jpg
ガスト,おつまみカキフライ,fry_seafood,/static/media/food/fry_seafood.jpg
ガスト,さっぱり冷ややっこ,,(tile)
ガスト,キムチ,kimchi,/static/media/food/kimchi.jpg
ガスト,若鶏の唐揚げ（5コ）,karaage_chicken,/static/media/food/karaage_chicken.jpg
ガスト,炙り生ハムのカプレーゼ,prosciutto,
ガスト,お得！！若鶏の唐揚げ（5コ）＆ハイボールセット,karaage_chicken,/static/media/food/karaage_chicken.jpg
ガスト,アサヒスーパードライ（ジョッキ）,,(tile)
ガスト,お得！！ちょい盛りポテト＆生ビール（ジョッキ）セット,beer_alcohol,/static/media/food/beer_alcohol.jpg
ガスト,アサヒスーパードライ（グラス）,,(tile)
ガスト,果肉たっぷり！グレフルサワー,chuhai,/static/media/food/chuhai.jpg
ガスト,Ｖｅｒｙベリーサワー,chuhai,/static/media/food/chuhai.jpg
ガスト,たっぷりマンゴーのはちみつレモンサワー,chuhai,/static/media/food/chuhai.jpg
ガスト,ハイボール,whisky,/static/media/food/whisky.jpg
ガスト,レモンサワー,chuhai,/static/media/food/chuhai.jpg
ガスト,ボトルワイン（赤）[750ml],wine_drink,/static/media/food/wine_drink.jpg
ガスト,甘くないレモンサワー,chuhai,/static/media/food/chuhai.jpg
ガスト,ボトルワイン（白）[750ml],wine_drink,/static/media/food/wine_drink.jpg
ガスト,グラスワイン（赤）,wine_drink,/static/media/food/wine_drink.jpg
ガスト,ウーロンハイ,chuhai,/static/media/food/chuhai.jpg
ガスト,グラスワイン（白）,wine_drink,/static/media/food/wine_drink.jpg
ガスト,アサヒドライゼロ,,(tile)
ガスト,スタイルバランス無糖レモンサワー,chuhai,/static/media/food/chuhai.jpg
ガスト,スタイルバランスカシスオレンジ,cocktail,/static/media/food/cocktail.jpg
ガスト,スタイルバランスシャルドネスパークリング,champagne,/static/media/food/champagne.jpg
ガスト,★ハッピーアワー！アサヒスーパードライ（ジョッキ）,,(tile)
ガスト,★ハッピーアワー！ハイボール,whisky,/static/media/food/whisky.jpg
ガスト,★ハッピーアワー！アサヒスーパードライ（グラス）,,(tile)
ガスト,海老アボカドと彩り野菜のサラダ（S）,salad_green,
ガスト,蒸し鶏と彩り野菜のサラダ（S）,salad_green,
ガスト,海老アボカドと彩り野菜のサラダ（L）,salad_green,
ガスト,蒸し鶏と彩り野菜のサラダ（L）,salad_green,
ガスト,ゴロゴロ野菜サラダ,salad_green,
ガスト,トマトのグリーンサラダ,salad_green,
ガスト,とうもろこしのポタージュ,soup_corn,
ガスト,豚汁,soup_miso,/static/media/food/soup_miso.jpg
ガスト,味噌汁,soup_miso,/static/media/food/soup_miso.jpg
ガスト,ソフトクリーム,soft_serve,/static/media/food/soft_serve.jpg
ガスト,ソフトクリーム(コーヒーシロップ),soft_serve,/static/media/food/soft_serve.jpg
ガスト,ガストプリンサンデー,icecream_parfait,/static/media/food/icecream_parfait.jpg
ガスト,ソフトクリーム(ラムネシロップ),soft_serve,/static/media/food/soft_serve.jpg
ガスト,チョコバナナサンデー,icecream_parfait,/static/media/food/icecream_parfait.jpg
ガスト,フルーツヨーグルトソフト,,(tile)
ガスト,バナナスプリットサンデー,icecream_parfait,/static/media/food/icecream_parfait.jpg
ガスト,あんこソフト,,(tile)
ガスト,アサイーヨーグルトボウル,,(tile)
ガスト,焼きたてりんごパイ,donut,/static/media/food/donut.jpg
ガスト,ガトーショコラ,chocolate,/static/media/food/chocolate.jpg
ガスト,焼きたてりんごパイソフトクリーム付き,soft_serve,/static/media/food/soft_serve.jpg
ガスト,フルーツあんみつ,anmitsu,/static/media/food/anmitsu.jpg
ガスト,チョコバナナとマスカルポーネのパンケーキ,pancakes,
ガスト,フルーツクリームあんみつ,anmitsu,/static/media/food/anmitsu.jpg
ガスト,フルーツパンケーキ,pancakes,
ガスト,ガストプリン,pudding,
ガスト,セットドリンクバー,teishoku,/static/media/food/teishoku.jpg
ガスト,お子さまドリンクバー,,(tile)
ガスト,【デザートご注文のお客様限定】トッピングソフト※一部店舗ではバニラアイスで提供いたします,icecream_parfait,/static/media/food/icecream_parfait.jpg
ガスト,【デザートご注文のお客様限定】トッピング 紅茶クッキー,cookie,/static/media/food/cookie.jpg
ガスト,【デザートご注文のお客様限定】トッピング パチパチアメ,,(tile)
ガスト,【デザートご注文のお客様限定】トッピング 三色だんご,,(tile)
ガスト,【デザートご注文のお客様限定】トッピング いちごソース,,(tile)
ガスト,【デザートご注文のお客様限定】トッピング カラースプレー,,(tile)
ガスト,【デザートご注文のお客様限定】トッピング ホイップクリーム,,(tile)
ガスト,【デザートご注文のお客様限定】トッピング 粒あん,,(tile)
ガスト,【デザートご注文のお客様限定】トッピング メープル＆マスカル,,(tile)
ガスト,キッズラーメンプレート,ramen_shoyu,/static/media/food/ramen_shoyu.jpg
ガスト,キッズミニチーズINハンバーグプレート,yakiniku_steak,/static/media/food/yakiniku_steak.jpg
ガスト,キッズうどんプレート,udon,/static/media/food/udon.jpg
ガスト,キッズビッグハンバーグプレート,yakiniku_steak,/static/media/food/yakiniku_steak.jpg
ガスト,キッズパンケーキプレート,pancakes,
ガスト,キッズミニうどん,udon,/static/media/food/udon.jpg
ガスト,キッズミニラーメン,ramen_shoyu,/static/media/food/ramen_shoyu.jpg
ガスト,低アレルゲンプリン,pudding,
ガスト,キッズソフト（チョコ）,chocolate,/static/media/food/chocolate.jpg
ガスト,キッズソフト（バニラ）,,(tile)
ガスト,キッズソフト（ベリー）,,(tile)
ガスト,低アレルゲンハンバーグカレープレート,curry_rice,/static/media/food/curry_rice.jpg
ガスト,低アレルゲンラッキーハンバーグカレーライス【おもちゃ付き】,curry_rice,/static/media/food/curry_rice.jpg
ガスト,ラッキー チーズINハンバーグ（ライス付）【おもちゃ付き】,gohan_rice,
ガスト,ラッキーマヨコーンピザセット【おもちゃ付き】,teishoku,/static/media/food/teishoku.jpg
ガスト,ラッキージュニアラーメン【おもちゃ付き】,ramen_shoyu,/static/media/food/ramen_shoyu.jpg
ガスト,ラッキーちょい盛りポテトフライ【おもちゃ付き】,fry_seafood,/static/media/food/fry_seafood.jpg
ガスト,ラッキーポタージュ【おもちゃ付き】,soup_corn,
ガスト,トッピング お子さまゼリー3コ【小学生以下限定】,,(tile)
ガスト,トッピング ふりかけ【小学生以下限定】,,(tile)
ガスト,トッピング 唐揚げ[1コ]【小学生以下限定】,karaage_chicken,/static/media/food/karaage_chicken.jpg
ガスト,トッピング ソーセージ[1本]【小学生以下限定】,sausage,/static/media/food/sausage.jpg
ガスト,（月）日替わりランチ（若鶏スパイス焼き＆ソーセージ＆春巻き）,sushi_roll,/static/media/food/sushi_roll.jpg
ガスト,（火）日替わりランチ(ハンバーグデミグラスソース＆若鶏の唐揚げ),karaage_chicken,/static/media/food/karaage_chicken.jpg
ガスト,（水）日替わりランチ（ミニチーズINハンバーグてり焼きソース＆海老フライ）,fry_seafood,/static/media/food/fry_seafood.jpg
ガスト,（木）日替わりランチ（ミニチーズINハンバーグデミソース＆野菜コロッケ＆ソーセージ）,sausage,/static/media/food/sausage.jpg
ガスト,（金）日替わりランチ（若鶏のスパイス焼き＆アジフライ）,fry_seafood,/static/media/food/fry_seafood.jpg
ガスト,チーズONチーズINハンバーグランチ(ライス付き),teishoku,/static/media/food/teishoku.jpg
ガスト,ビーフ100％粗挽き肉厚ステーキ風ハンバーグランチ(ライス付き),teishoku,/static/media/food/teishoku.jpg
ガスト,チーズINハンバーグランチ(ライス付き),teishoku,/static/media/food/teishoku.jpg
ガスト,ビーフ100％ねぎと大葉おろしの粗挽き肉厚ステーキ風ハンバーグランチ(ライス付き),teishoku,/static/media/food/teishoku.jpg
ガスト,ジューシー若鶏グリルきのこクリームランチ(ライス付き),teishoku,/static/media/food/teishoku.jpg
ガスト,ジューシー若鶏グリル大葉おろしランチ(ライス付き),teishoku,/static/media/food/teishoku.jpg
ガスト,ジューシー若鶏グリルガーリックソースランチ(ライス付き),teishoku,/static/media/food/teishoku.jpg
ガスト,ジューシー若鶏グリルにんにく醤油ソースランチ(ライス付き),teishoku,/static/media/food/teishoku.jpg
ガスト,ジューシー若鶏グリルヒマラヤ岩塩ランチ(ライス付き),teishoku,/static/media/food/teishoku.jpg
ガスト,明太クリームカルボナーラランチ(セットサラダ・ドリンクバー付き),teishoku,/static/media/food/teishoku.jpg
ガスト,チキテキスパイス焼きランチ(ライス付き),teishoku,/static/media/food/teishoku.jpg
ガスト,きのこと炙り生ハムのクリームパスタランチ(セットサラダ・ドリンクバー付き),teishoku,/static/media/food/teishoku.jpg
ガスト,しらすとねぎの出汁醤油ランチ(セットサラダ・ドリンクバー付き),teishoku,/static/media/food/teishoku.jpg
ガスト,赤身ビーフステーキ約100gランチ(ライス付き),teishoku,/static/media/food/teishoku.jpg
ガスト,こく旨ミートソースランチ(セットサラダ・ドリンクバー付き),teishoku,/static/media/food/teishoku.jpg
ガスト,赤身ビーフステーキ約100g＆海老フライ＆カキフライランチ(ライス付き),teishoku,/static/media/food/teishoku.jpg
ガスト,赤身ビーフステーキ約150gランチ(ライス付き),teishoku,/static/media/food/teishoku.jpg
ガスト,アサイーヨーグルトボウル＆サラダランチ(ドリンクバー付き),teishoku,/static/media/food/teishoku.jpg
ガスト,あんこコッペランチ(セットサラダ・ドリンクバー付き),teishoku,/static/media/food/teishoku.jpg
ガスト,ランチ特別価格ちょい盛りポテト,french_fries,/static/media/food/french_fries.jpg
ガスト,ランチ特別価格ほうれん草ベーコン,bacon_dish,
ガスト,ランチ特別価格海老アボカドと彩り野菜のサラダ（S）,salad_green,
ガスト,ランチ特別価格ソフトクリーム,soft_serve,/static/media/food/soft_serve.jpg
ガスト,ランチ特別価格ガトーショコラ,chocolate,/static/media/food/chocolate.jpg
ガスト,ランチ特別価格焼きたてりんごパイ,donut,/static/media/food/donut.jpg
ガスト,ランチ特別価格ガストプリン,pudding,
ガスト,ランチセットドリンクバー,teishoku,/static/media/food/teishoku.jpg
ガスト,目玉焼き＆ベーコンソーセージセット,teishoku,/static/media/food/teishoku.jpg
ガスト,スクランブルエッグ＆ベーコンソーセージセット,teishoku,/static/media/food/teishoku.jpg
ガスト,目玉焼きセット,teishoku,/static/media/food/teishoku.jpg
ガスト,スクランブルエッグセット,teishoku,/static/media/food/teishoku.jpg
ガスト,ハンバーグモーニングセット,teishoku,/static/media/food/teishoku.jpg
ガスト,モーニングカレーセット,teishoku,/static/media/food/teishoku.jpg
ガスト,パンケーキ＆ゆで卵セット,teishoku,/static/media/food/teishoku.jpg
ガスト,アサイーヨーグルトボウル＆サラダセット,teishoku,/static/media/food/teishoku.jpg
ガスト,コッペパンホットドック,,(tile)
ガスト,コッペパンたまごサラダ,salad_green,
ガスト,コッペパンあんこクリーム,,(tile)
ガスト,ライトモーニングプレート,toast_breakfast,/static/media/food/toast_breakfast.jpg
ガスト,トースト＆ゆで卵セット,teishoku,/static/media/food/teishoku.jpg
ガスト,チーズＩＮハンバーグセット,teishoku,/static/media/food/teishoku.jpg
ガスト,たっぷりマヨコーンピザセット,teishoku,/static/media/food/teishoku.jpg
ガスト,モーニングひれかつ膳,tonkatsu_pork,/static/media/food/tonkatsu_pork.jpg
ガスト,豚汁定食,teishoku,/static/media/food/teishoku.jpg
ガスト,焼鮭朝定食,teishoku,/static/media/food/teishoku.jpg
ガスト,よりどりバランス朝定食,teishoku,/static/media/food/teishoku.jpg
ガスト,しらすときのこの雑炊,,(tile)
ガスト,モーニング うな重 お吸い物・漬物付き,toast_breakfast,/static/media/food/toast_breakfast.jpg
ガスト,モーニング うな重 うなぎ2倍 お吸い物・漬物付き,toast_breakfast,/static/media/food/toast_breakfast.jpg
ガスト,（単品）目玉焼き＆ベーコンソーセージ,sausage,/static/media/food/sausage.jpg
ガスト,（単品）スクランブルエッグ＆ベーコンソーセージ,sausage,/static/media/food/sausage.jpg
ガスト,（単品）目玉焼き,tamago_egg,/static/media/food/tamago_egg.jpg
ガスト,（単品）スクランブルエッグ,,(tile)
ガスト,（単品）よりどりバランス,,(tile)
ガスト,（単品）焼鮭,sushi_salmon,/static/media/food/sushi_salmon.jpg
ガスト,（単品）しらすときのこの雑炊,,(tile)
ガスト,（単品）ハンバーグモーニング,toast_breakfast,/static/media/food/toast_breakfast.jpg
ガスト,（単品）モーニングカレー,curry_rice,/static/media/food/curry_rice.jpg
ガスト,トースト,toast_breakfast,/static/media/food/toast_breakfast.jpg
ガスト,パンケーキ,pancakes,
ガスト,(単品)おかわりコッペパンホットドック,,(tile)
ガスト,(単品)おかわりコッペパンたまごサラダ,salad_green,
ガスト,(単品)おかわりコッペパンあんこクリーム,,(tile)
ガスト,ホイップクリーム,,(tile)
ガスト,ゆで卵（殻付）,tamago_egg,/static/media/food/tamago_egg.jpg
ガスト,粒あん,,(tile)
ガスト,温泉卵,tamago_egg,/static/media/food/tamago_egg.jpg
ガスト,ドリンクバー,,(tile)
クア-アイナ,BBQ厚切りチェダーチーズ,cheese_plate,
クア-アイナ,BBQパインバーガー,burger_classic,/static/media/food/burger_classic.jpg
クア-アイナ,BBQチキンバーガー,burger_chicken,
クア-アイナ,厚切りチーズバーガー,burger_cheese,/static/media/food/burger_cheese.jpg
クア-アイナ,厚切りチーズアボカドバーガー,burger_cheese,/static/media/food/burger_cheese.jpg
クア-アイナ,厚切りチーズベーコンバーガー,burger_cheese,/static/media/food/burger_cheese.jpg
クア-アイナ,テリヤキバーガー,burger_classic,/static/media/food/burger_classic.jpg
クア-アイナ,アボカドバーガー,burger_classic,/static/media/food/burger_classic.jpg
クア-アイナ,ベーコンバーガー,burger_classic,/static/media/food/burger_classic.jpg
クア-アイナ,チーズバーガー,burger_cheese,/static/media/food/burger_cheese.jpg
クア-アイナ,ハンバーガー,burger_classic,/static/media/food/burger_classic.jpg
クア-アイナ,パインバーガー,burger_classic,/static/media/food/burger_classic.jpg
クア-アイナ,クラブハウスグリルチキンバーガー,burger_chicken,
クア-アイナ,テリヤキグリルチキンバーガー,burger_chicken,
クア-アイナ,フライドチキンバーガー,burger_chicken,
クア-アイナ,クア・アイナ クラブハウス,sandwich,/static/media/food/sandwich.jpg
クア-アイナ,テリチキン,karaage_chicken,/static/media/food/karaage_chicken.jpg
クア-アイナ,ローストビーフ,roast_beef,/static/media/food/roast_beef.jpg
クア-アイナ,アボカド,salad_green,
クア-アイナ,アボカド・ベーコン＆チーズ,cheese_plate,
クア-アイナ,マヒマヒ,,(tile)
クア-アイナ,ツナ,,(tile)
クア-アイナ,ツナ＆アボカド,salad_green,
クア-アイナ,B.L.T.＆アボカド,salad_green,
クア-アイナ,ベーコン・レタス＆トマト,bacon_dish,
クア-アイナ,チェダー,,(tile)
クア-アイナ,アメリカンタイプ,,(tile)
クア-アイナ,モントレージャック,,(tile)
クア-アイナ,パイン,donut,/static/media/food/donut.jpg
クア-アイナ,ピクルス,,(tile)
クア-アイナ,ベーコン,bacon_dish,
クア-アイナ,カイザーロール,,(tile)
クア-アイナ,ブリオッシュ,,(tile)
クア-アイナ,全粒粉,,(tile)
クア-アイナ,アサイーボウル,,(tile)
クア-アイナ,パンケーキブリュレ,pancakes,
クア-アイナ,メープルホイップ,,(tile)
クア-アイナ,アイランドスイートポテト,french_fries,/static/media/food/french_fries.jpg
クア-アイナ,フレンチフライ,french_fries,/static/media/food/french_fries.jpg
クア-アイナ,チキンナゲット,karaage_chicken,/static/media/food/karaage_chicken.jpg
クア-アイナ,ポップコーンシュリンプ,popcorn,
クア-アイナ,ミネストローネ,minestrone,/static/media/food/minestrone.jpg
クア-アイナ,クラムチャウダー,soup_corn,
クア-アイナ,パンプキンスープ,soup_miso,/static/media/food/soup_miso.jpg
クア-アイナ,シーザーサラダ,salad_green,
クア-アイナ,ハワイアンコブサラダ,salad_green,
クア-アイナ,アボカドサラダ,salad_green,
クア-アイナ,マンゴーアイスティ,icecream_parfait,/static/media/food/icecream_parfait.jpg
クア-アイナ,モミティ,,(tile)
クア-アイナ,グァバモミ,,(tile)
クア-アイナ,レッドブル,,(tile)
クア-アイナ,生ビール,beer_alcohol,/static/media/food/beer_alcohol.jpg
クア-アイナ,クア・アイナ アイピーエー,,(tile)
クア-アイナ,ロングボードアイランドラガー,,(tile)
クア-アイナ,ビッグウェーブゴールデンエール,,(tile)
クア-アイナ,ペプシコーラ,cola_drink,/static/media/food/cola_drink.jpg
クア-アイナ,ペプシゼロ,,(tile)
クア-アイナ,ジンジャーエール,cola_drink,/static/media/food/cola_drink.jpg
クア-アイナ,アイスコーヒー,coffee,/static/media/food/coffee.jpg
クア-アイナ,アイスティ,icecream_parfait,/static/media/food/icecream_parfait.jpg
クア-アイナ,メロンソーダ,juice_beverage,/static/media/food/juice_beverage.jpg
クア-アイナ,グァバ,,(tile)
クア-アイナ,アップル,,(tile)
クア-アイナ,ウーロンティ,,(tile)
クア-アイナ,アイスカフェラテ,coffee,/static/media/food/coffee.jpg
クア-アイナ,ボトルウォーター,,(tile)
クア-アイナ,ノンアルコールビール,beer_alcohol,/static/media/food/beer_alcohol.jpg
クア-アイナ,オーガニックホットコーヒー,coffee,/static/media/food/coffee.jpg
クア-アイナ,マンゴーピーチティ,,(tile)
クア-アイナ,パッションフルーツオレンジ,,(tile)
クア-アイナ,アイランドブレックファスト,,(tile)
クア-アイナ,カフェラテ,coffee,/static/media/food/coffee.jpg
グズマン-イー-ゴメズ,カリブリトー,burrito,
グズマン-イー-ゴメズ,ナチョフライ,fry_seafood,/static/media/food/fry_seafood.jpg
グズマン-イー-ゴメズ,サラダ,salad_green,
グズマン-イー-ゴメズ,エンチラーダ,,(tile)
グズマン-イー-ゴメズ,ケサディーヤプラス,,(tile)
グズマン-イー-ゴメズ,ブリトーボウル,burrito,
グズマン-イー-ゴメズ,ブリトー,burrito,
グズマン-イー-ゴメズ,ナチョス,nachos,/static/media/food/nachos.jpg
グズマン-イー-ゴメズ,タコス,tacos,/static/media/food/tacos.jpg
グズマン-イー-ゴメズ,ライトタコス,tacos,/static/media/food/tacos.jpg
グズマン-イー-ゴメズ,グリルドチキン,karaage_chicken,/static/media/food/karaage_chicken.jpg
グズマン-イー-ゴメズ,プルドポーク,tonkatsu_pork,/static/media/food/tonkatsu_pork.jpg
グズマン-イー-ゴメズ,スロークックビーフ,,(tile)
グズマン-イー-ゴメズ,ソテー野菜＆ワカモレ,,(tile)
グズマン-イー-ゴメズ,シュレッドマッシュルーム,,(tile)
グズマン-イー-ゴメズ,グラウンドビーフ（牛ひき肉）,,(tile)
グズマン-イー-ゴメズ,スキンオンフライ,fry_seafood,/static/media/food/fry_seafood.jpg
グズマン-イー-ゴメズ,ワカモレ＆コーンチップス,,(tile)
グズマン-イー-ゴメズ,ハッシュポテト,french_fries,/static/media/food/french_fries.jpg
グズマン-イー-ゴメズ,コーンチップス,,(tile)
グズマン-イー-ゴメズ,チュロス,donut,/static/media/food/donut.jpg
グズマン-イー-ゴメズ,サルサステーション,,(tile)
グズマン-イー-ゴメズ,セットメニュー（＋470円）,teishoku,/static/media/food/teishoku.jpg
グズマン-イー-ゴメズ,ワカモレ,,(tile)
グズマン-イー-ゴメズ,サワークリーム,chuhai,/static/media/food/chuhai.jpg
グズマン-イー-ゴメズ,ピコデガヨ,,(tile)
グズマン-イー-ゴメズ,ライス増量,gohan_rice,
グズマン-イー-ゴメズ,野菜追加,,(tile)
グズマン-イー-ゴメズ,チポトレマヨ,,(tile)
グズマン-イー-ゴメズ,玄米へ変更,,(tile)
グズマン-イー-ゴメズ,具材増量,,(tile)
グズマン-イー-ゴメズ,カットライム,,(tile)
グズマン-イー-ゴメズ,ソフトドリンク（Sサイズ）,,(tile)
グズマン-イー-ゴメズ,ソフトドリンク（Mサイズ）,,(tile)
グズマン-イー-ゴメズ,ソフトドリンク（メガサイズ）,,(tile)
グズマン-イー-ゴメズ,コカ・コーラ,cola_drink,/static/media/food/cola_drink.jpg
グズマン-イー-ゴメズ,コカ・コーラ ゼロ,cola_drink,/static/media/food/cola_drink.jpg
グズマン-イー-ゴメズ,ジンジャーエール,cola_drink,/static/media/food/cola_drink.jpg
グズマン-イー-ゴメズ,ファンタメロン,,(tile)
グズマン-イー-ゴメズ,烏龍茶,oolong_tea,
グズマン-イー-ゴメズ,アップルジュース,juice_beverage,/static/media/food/juice_beverage.jpg
グズマン-イー-ゴメズ,アイシースパーク（炭酸水）,,(tile)
グズマン-イー-ゴメズ,ナチュラルウォーター,,(tile)
グズマン-イー-ゴメズ,ホットコーヒー／アイスコーヒー,coffee,/static/media/food/coffee.jpg
グズマン-イー-ゴメズ,アイスティー,tea_matcha,/static/media/food/tea_matcha.jpg
グズマン-イー-ゴメズ,ホットカフェラテ／アイスカフェラテ,coffee,/static/media/food/coffee.jpg
ケンタッキーフライドチキン-2,創業記念パック,,(tile)
ケンタッキーフライドチキン-2,原神コラボパックA,,(tile)
ケンタッキーフライドチキン-2,原神コラボパックB,,(tile)
ケンタッキーフライドチキン-2,ポテチキセット,teishoku,/static/media/food/teishoku.jpg
ケンタッキーフライドチキン-2,辛旨ジンガー,,(tile)
ケンタッキーフライドチキン-2,ポテチキ2ピースパック,,(tile)
ケンタッキーフライドチキン-2,ポテチキ4ピースパック,,(tile)
ケンタッキーフライドチキン-2,オニオンリングフィレバーガー,burger_classic,/static/media/food/burger_classic.jpg
ケンタッキーフライドチキン-2,オニオンリングフィレバーガーセット,teishoku,/static/media/food/teishoku.jpg
ケンタッキーフライドチキン-2,オニオンリングフィレバーガーよくばりセット,teishoku,/static/media/food/teishoku.jpg
ケンタッキーフライドチキン-2,スパイシーアボカドフィレバーガー,burger_classic,/static/media/food/burger_classic.jpg
ケンタッキーフライドチキン-2,スパイシーアボカドフィレバーガーセット,teishoku,/static/media/food/teishoku.jpg
ケンタッキーフライドチキン-2,スパイシーアボカドフィレバーガーよくばりセット,teishoku,/static/media/food/teishoku.jpg
ケンタッキーフライドチキン-2,ダブルダウンフィレバーガー,burger_classic,/static/media/food/burger_classic.jpg
ケンタッキーフライドチキン-2,ダブルダウンフィレバーガーセット,teishoku,/static/media/food/teishoku.jpg
ケンタッキーフライドチキン-2,ダブルダウンフィレバーガーよくばりセット,teishoku,/static/media/food/teishoku.jpg
ケンタッキーフライドチキン-2,ちゅる～りぃ（グリーンライム）,,(tile)
ケンタッキーフライドチキン-2,ちゅる～りぃ（ブルーハワイ）,,(tile)
ケンタッキーフライドチキン-2,トクトクパック♥４ピース,,(tile)
ケンタッキーフライドチキン-2,トクトクパック♥６ピース,,(tile)
ケンタッキーフライドチキン-2,トクトクパック♥８ピース,,(tile)
ケンタッキーフライドチキン-2,オリジナルチキン１ピース,karaage_chicken,/static/media/food/karaage_chicken.jpg
ケンタッキーフライドチキン-2,骨なしケンタッキー１ピース,,(tile)
ケンタッキーフライドチキン-2,オリジナルチキン１０ピースバーレル,karaage_chicken,/static/media/food/karaage_chicken.jpg
ケンタッキーフライドチキン-2,チキンフィレバーガーコンビ,burger_chicken,
ケンタッキーフライドチキン-2,和風チキンカツバーガーコンビ,burger_chicken,
ケンタッキーフライドチキン-2,チキンフィレバーガーセット,teishoku,/static/media/food/teishoku.jpg
ケンタッキーフライドチキン-2,辛口チキンフィレバーガーセット,teishoku,/static/media/food/teishoku.jpg
ケンタッキーフライドチキン-2,チーズチキンフィレバーガーセット,teishoku,/static/media/food/teishoku.jpg
ケンタッキーフライドチキン-2,ダブルチキンフィレバーガーセット,teishoku,/static/media/food/teishoku.jpg
ケンタッキーフライドチキン-2,和風チキンカツバーガーセット,teishoku,/static/media/food/teishoku.jpg
ケンタッキーフライドチキン-2,ペッパーマヨツイスターセット,teishoku,/static/media/food/teishoku.jpg
ケンタッキーフライドチキン-2,てりやきツイスターセット,teishoku,/static/media/food/teishoku.jpg
ケンタッキーフライドチキン-2,チキン&ビスケットセット,teishoku,/static/media/food/teishoku.jpg
ケンタッキーフライドチキン-2,オリジナルチキン2ピースセット,teishoku,/static/media/food/teishoku.jpg
ケンタッキーフライドチキン-2,チキンフィレバーガーよくばりセット,teishoku,/static/media/food/teishoku.jpg
ケンタッキーフライドチキン-2,辛口チキンフィレバーガーよくばりセット,teishoku,/static/media/food/teishoku.jpg
ケンタッキーフライドチキン-2,チーズチキンフィレバーガーよくばりセット,teishoku,/static/media/food/teishoku.jpg
ケンタッキーフライドチキン-2,ダブルチキンフィレバーガーよくばりセット,teishoku,/static/media/food/teishoku.jpg
ケンタッキーフライドチキン-2,和風チキンカツバーガーよくばりセット,teishoku,/static/media/food/teishoku.jpg
ケンタッキーフライドチキン-2,ペッパーマヨツイスターよくばりセット,teishoku,/static/media/food/teishoku.jpg
ケンタッキーフライドチキン-2,てりやきツイスターよくばりセット,teishoku,/static/media/food/teishoku.jpg
ケンタッキーフライドチキン-2,オリジナルチキン3ピースよくばりセット,teishoku,/static/media/food/teishoku.jpg
ケンタッキーフライドチキン-2,チキンフィレバーガー,burger_chicken,
ケンタッキーフライドチキン-2,辛口チキンフィレバーガー,burger_chicken,
ケンタッキーフライドチキン-2,チーズチキンフィレバーガー,burger_cheese,/static/media/food/burger_cheese.jpg
ケンタッキーフライドチキン-2,ダブルチキンフィレバーガー,burger_chicken,
ケンタッキーフライドチキン-2,和風チキンカツバーガー,burger_chicken,
ケンタッキーフライドチキン-2,ペッパーマヨツイスター,,(tile)
ケンタッキーフライドチキン-2,てりやきツイスター,,(tile)
ケンタッキーフライドチキン-2,カーネルクランチポテトS,french_fries,/static/media/food/french_fries.jpg
ケンタッキーフライドチキン-2,カーネルクランチポテトL,french_fries,/static/media/food/french_fries.jpg
ケンタッキーフライドチキン-2,カーネルクランチポテトBOX,french_fries,/static/media/food/french_fries.jpg
ケンタッキーフライドチキン-2,ポテトS,french_fries,/static/media/food/french_fries.jpg
ケンタッキーフライドチキン-2,ポテトＬ,french_fries,/static/media/food/french_fries.jpg
ケンタッキーフライドチキン-2,ポテトＢＯＸ,french_fries,/static/media/food/french_fries.jpg
ケンタッキーフライドチキン-2,カーネルクリスピー,,(tile)
ケンタッキーフライドチキン-2,チョコパイ,donut,/static/media/food/donut.jpg
ケンタッキーフライドチキン-2,ビスケット,cookie,/static/media/food/cookie.jpg
ケンタッキーフライドチキン-2,ナゲット5ピース,karaage_chicken,/static/media/food/karaage_chicken.jpg
ケンタッキーフライドチキン-2,コールスローS,salad_green,
ケンタッキーフライドチキン-2,コールスローM,salad_green,
ケンタッキーフライドチキン-2,Ｓドリンク,,(tile)
ケンタッキーフライドチキン-2,Ｍドリンク,,(tile)
ケンタッキーフライドチキン-2,Ｌドリンク,,(tile)
ケンタッキーフライドチキン-2,ホットコーヒー,coffee,/static/media/food/coffee.jpg
ケンタッキーフライドチキン-2,挽きたてリッチコーヒー,coffee,/static/media/food/coffee.jpg
ケンタッキーフライドチキン-2,リプトンホットティー,tea_matcha,/static/media/food/tea_matcha.jpg
ケンタッキーフライドチキン-2,キッズナゲットセット,teishoku,/static/media/food/teishoku.jpg
ケンタッキーフライドチキン-2,キッズオリジナルチキンセット,teishoku,/static/media/food/teishoku.jpg
ココス,濃厚ビーフシチューの包み焼きハンバーグ145g,yakiniku_steak,/static/media/food/yakiniku_steak.jpg
ココス,濃厚ビーフシチューの包み焼きハンバーグ110g,yakiniku_steak,/static/media/food/yakiniku_steak.jpg
ココス,濃厚ビーフシチューの包み焼きハンバーグ ダブル220g,yakiniku_steak,/static/media/food/yakiniku_steak.jpg
ココス,6種チーズの包み焼きハンバーグ,yakiniku_steak,/static/media/food/yakiniku_steak.jpg
ココス,山盛りチーズの濃厚ビーフシチュー包み焼きハンバーグ145g,yakiniku_steak,/static/media/food/yakiniku_steak.jpg
ココス,山盛りチーズの濃厚ビーフシチュー包み焼きハンバーグ110g,yakiniku_steak,/static/media/food/yakiniku_steak.jpg
ココス,濃厚ビーフシチューの包み焼きハンバーグ145g＆カニクリームコロッケ,korokke,/static/media/food/korokke.jpg
ココス,濃厚ビーフシチューの包み焼きハンバーグ110g＆カニクリームコロッケ,korokke,/static/media/food/korokke.jpg
ココス,温野菜の濃厚ビーフシチュー包み焼きハンバーグ145g,yakiniku_steak,/static/media/food/yakiniku_steak.jpg
ココス,温野菜の濃厚ビーフシチュー包み焼きハンバーグ110g,yakiniku_steak,/static/media/food/yakiniku_steak.jpg
ココス,とろ～り玉子の濃厚ビーフシチュー包み焼きハンバーグ145g,yakiniku_steak,/static/media/food/yakiniku_steak.jpg
ココス,とろ～り玉子の濃厚ビーフシチュー包み焼きハンバーグ110g,yakiniku_steak,/static/media/food/yakiniku_steak.jpg
ココス,揚げなすとバジルのガーリックトマトハンバーグ,yakiniku_steak,/static/media/food/yakiniku_steak.jpg
ココス,満腹！オールスタープレート,,(tile)
ココス,ココスのハンバーグダブル,yakiniku_steak,/static/media/food/yakiniku_steak.jpg
ココス,チーズインハンバーグ,yakiniku_steak,/static/media/food/yakiniku_steak.jpg
ココス,山盛り!!鬼おろしハンバーグ,yakiniku_steak,/static/media/food/yakiniku_steak.jpg
ココス,ココスのハンバーグ,yakiniku_steak,/static/media/food/yakiniku_steak.jpg
ココス,ビーフハンバーグステーキ,steak_plate,/static/media/food/steak_plate.jpg
ココス,ビーフハンバーグステーキ チェダーチーズ,steak_plate,/static/media/food/steak_plate.jpg
ココス,ビーフハンバーグステーキダブル,steak_plate,/static/media/food/steak_plate.jpg
ココス,厚切り!!サーロインステーキ,steak_plate,/static/media/food/steak_plate.jpg
ココス,カットステーキ 130g,steak_plate,/static/media/food/steak_plate.jpg
ココス,カットステーキお肉2倍 260g,steak_plate,/static/media/food/steak_plate.jpg
ココス,揚げなすとバジルのガーリックトマトチキンステーキ,steak_plate,/static/media/food/steak_plate.jpg
ココス,チキンステーキ,steak_plate,/static/media/food/steak_plate.jpg
ココス,山盛り!!鬼おろしチキンステーキ,steak_plate,/static/media/food/steak_plate.jpg
ココス,とろ～りチーズと濃厚ビーフシチューのふわとろオムライス,omurice,/static/media/food/omurice.jpg
ココス,濃厚ビーフシチューのふわとろオムライス,omurice,/static/media/food/omurice.jpg
ココス,ココスのきのこハンバーグプレートダブル,yakiniku_steak,/static/media/food/yakiniku_steak.jpg
ココス,ココスのきのこハンバーグプレート,yakiniku_steak,/static/media/food/yakiniku_steak.jpg
ココス,カリブビーフジャンバラヤ,,(tile)
ココス,カリブチキンジャンバラヤ,karaage_chicken,/static/media/food/karaage_chicken.jpg
ココス,大豆ミートハンバーグの十六穀米プレート,yakiniku_steak,/static/media/food/yakiniku_steak.jpg
ココス,海老とかぼちゃのあふれクリームドリア,doria,/static/media/food/doria.jpg
ココス,ココスのビーフカレー,curry_rice,/static/media/food/curry_rice.jpg
ココス,濃厚ビーフシチューのふわとろオムライス ハーフ,omurice,/static/media/food/omurice.jpg
ココス,ミニ！海老とほうれん草のドリア,doria,/static/media/food/doria.jpg
ココス,ミニ！ココスのビーフカレー,curry_rice,/static/media/food/curry_rice.jpg
ココス,選べるおかずの包み焼きハンバーグ膳,yakiniku_steak,/static/media/food/yakiniku_steak.jpg
ココス,選べるおかず＆春野菜とさわらの柚子あん膳,,(tile)
ココス,春野菜とさわらの柚子あん膳,,(tile)
ココス,鶏と野菜の黒酢あん膳,,(tile)
ココス,2度おいしい！まぐろ・サーモン・小柱の三色丼,donburi_rice,/static/media/food/donburi_rice.jpg
ココス,ハンバーグ＆さば味噌煮膳,yakiniku_steak,/static/media/food/yakiniku_steak.jpg
ココス,本気の唐揚げ膳,karaage_chicken,/static/media/food/karaage_chicken.jpg
ココス,小柱と明太子の玉子雑炊,tamago_egg,/static/media/food/tamago_egg.jpg
ココス,まぐろたたき小丼～みそ汁付き～,soup_miso,/static/media/food/soup_miso.jpg
ココス,サーモン小丼～みそ汁付き～,soup_miso,/static/media/food/soup_miso.jpg
ココス,お茶漬けお出汁,tea_matcha,/static/media/food/tea_matcha.jpg
ココス,フレッシュバジル＆モッツァレラトマトパスタ,pasta,/static/media/food/pasta.jpg
ココス,ベーコンの濃厚カルボナーラ,pasta,/static/media/food/pasta.jpg
ココス,小柱と明太子のパスタ,pasta,/static/media/food/pasta.jpg
ココス,ほうれん草とベーコンのバター醤油パスタ,pasta,/static/media/food/pasta.jpg
ココス,ココスのハンバーグボロネーゼ,pasta,/static/media/food/pasta.jpg
ココス,魚介のスープパスタ,pasta,/static/media/food/pasta.jpg
ココス,ミニ！フレッシュバジル＆モッツァレラトマトパスタ,pasta,/static/media/food/pasta.jpg
ココス,ミニ！ベーコンの濃厚カルボナーラ,pasta,/static/media/food/pasta.jpg
ココス,ミニ！小柱と明太子のパスタ,pasta,/static/media/food/pasta.jpg
ココス,カリカリポテト,french_fries,/static/media/food/french_fries.jpg
ココス,カリフォルニアカリカリポテト,french_fries,/static/media/food/french_fries.jpg
ココス,ミニ！カリカリポテト,french_fries,/static/media/food/french_fries.jpg
ココス,ポップコーンシュリンプ,popcorn,
ココス,本気の唐揚げ,karaage_chicken,/static/media/food/karaage_chicken.jpg
ココス,北海道産紅ズワイガニのクリームコロッケ～ビスクソース～,korokke,/static/media/food/korokke.jpg
ココス,銚子産真いわしのマリネ,,(tile)
ココス,サーモンのカルパッチョ,carpaccio,/static/media/food/carpaccio.jpg
ココス,温野菜のシーザーサラダ,salad_green,
ココス,ほうれん草とベーコンのバターソテー,bacon_dish,
ココス,ガーリックトースト,toast_breakfast,/static/media/food/toast_breakfast.jpg
ココス,ココスのベイクドポテト,french_fries,/static/media/food/french_fries.jpg
ココス,ピッツァ マルゲリータ,pizza,/static/media/food/pizza.jpg
ココス,ピッツァ クワトロフォルマッジ,pizza,/static/media/food/pizza.jpg
ココス,メキシカン・ケサディーヤ,,(tile)
ココス,ハーフメキシカン・ケサディーヤ,,(tile)
ココス,【単品】本気の唐揚げ(2ヶ),karaage_chicken,/static/media/food/karaage_chicken.jpg
ココス,【単品】北海道産紅ズワイガニのクリームコロッケ,korokke,/static/media/food/korokke.jpg
ココス,【単品】海老フライ,fry_seafood,/static/media/food/fry_seafood.jpg
ココス,シェアサイズ ココスのフルーツサラダ,salad_green,
ココス,フルーツ2倍！シェアサイズ ココスのフルーツサラダ,salad_green,
ココス,シェアサイズ カリフォルニアタコサラダ,salad_green,
ココス,シェアサイズ チキンとナッツのサラダ,salad_green,
ココス,シェアサイズ 温泉玉子とカリカリチェダーのシーザーサラダ,salad_green,
ココス,シェアサイズ カリカリチェダーのシーザーサラダ,salad_green,
ココス,ココスのフルーツサラダ,salad_green,
ココス,フルーツ2倍！ココスのフルーツサラダ,salad_green,
ココス,カリフォルニアタコサラダ,salad_green,
ココス,カリカリチェダーのシーザーサラダ,salad_green,
ココス,彩り野菜のグリーンサラダ,salad_green,
ココス,コーンスープ,soup_corn,
ココス,オニオングラタンスープのココット焼き,soup_miso,/static/media/food/soup_miso.jpg
ココス,Ａドリンクセット,teishoku,/static/media/food/teishoku.jpg
ココス,Ｂドリンクセット,teishoku,/static/media/food/teishoku.jpg
ココス,Ｃドリンクセット,teishoku,/static/media/food/teishoku.jpg
ココス,Eセット,teishoku,/static/media/food/teishoku.jpg
ココス,Fセット,teishoku,/static/media/food/teishoku.jpg
ココス,Gセット,teishoku,/static/media/food/teishoku.jpg
ココス,ラスカルセット,teishoku,/static/media/food/teishoku.jpg
ココス,選べるサラダセット,teishoku,/static/media/food/teishoku.jpg
ココス,ライス,gohan_rice,
ココス,石窯パン,,(tile)
ココス,みそ汁,soup_miso,/static/media/food/soup_miso.jpg
ココス,とん汁,soup_miso,/static/media/food/soup_miso.jpg
ココス,スープバー,soup_miso,/static/media/food/soup_miso.jpg
ココス,追加トルティーヤ（2枚）,tea_matcha,/static/media/food/tea_matcha.jpg
ココス,追加ビーフカレー,curry_rice,/static/media/food/curry_rice.jpg
ココス,追加タルタルソース,,(tile)
ココス,追加おろしポン酢,,(tile)
ココス,追加温野菜,yasai_itame,/static/media/food/yasai_itame.jpg
ココス,追加グラナパダーノ,,(tile)
ココス,追加目玉焼き,tamago_egg,/static/media/food/tamago_egg.jpg
ココス,追加温泉玉子,tamago_egg,/static/media/food/tamago_egg.jpg
ココス,追加サルサソース＆ガッカモーレ,,(tile)
ココス,追加チーズソース,cheese_plate,
ココス,ココスのチョコパフェ,icecream_parfait,/static/media/food/icecream_parfait.jpg
ココス,ココスのミニチョコパフェ,icecream_parfait,/static/media/food/icecream_parfait.jpg
ココス,カシスシャーベットとフルーツヨーグルトのミニパフェ,icecream_parfait,/static/media/food/icecream_parfait.jpg
ココス,イタリア栗のしぼりたてモンブラン,,(tile)
ココス,ミニ！イタリア栗のしぼりたてモンブラン,,(tile)
ココス,背徳のチョコバナナココッシュ,chocolate,/static/media/food/chocolate.jpg
ココス,ハーフ 背徳のチョコバナナココッシュ,chocolate,/static/media/food/chocolate.jpg
ココス,メイプルココッシュ,,(tile)
ココス,ハーフ メイプルココッシュ,,(tile)
ココス,プリンアラモード,pudding,
ココス,CoCoプリン,pudding,
ココス,3種チーズのベイクドチーズケーキ,cake_dessert,/static/media/food/cake_dessert.png
ココス,ガトーショコラ,chocolate,/static/media/food/chocolate.jpg
ココス,フルーツ白玉クリームあんみつ,anmitsu,/static/media/food/anmitsu.jpg
ココス,マンゴーの杏仁豆腐,,(tile)
ココス,コーヒーゼリー,coffee,/static/media/food/coffee.jpg
ココス,白玉クリームあずき,anmitsu,/static/media/food/anmitsu.jpg
ココス,選べるダブルアイス,icecream_parfait,/static/media/food/icecream_parfait.jpg
ココス,トッピングフルーツ,,(tile)
ココス,追加マカロン1個,,(tile)
ココス,追加マカロン2個,,(tile)
ココス,追加ふわとろホイップ,,(tile)
ココス,プレミアム ドリンクバー,,(tile)
ココス,生ビール（中ジョッキ）,beer_alcohol,/static/media/food/beer_alcohol.jpg
ココス,角ハイボール,whisky,/static/media/food/whisky.jpg
ココス,ちょいのみセット 生ビールセット,teishoku,/static/media/food/teishoku.jpg
ココス,ちょいのみセット ハイボールセット,teishoku,/static/media/food/teishoku.jpg
ココス,ちょいのみセット レモンサワー,teishoku,/static/media/food/teishoku.jpg
ココス,ちょいのみセット グレープフルーツサワー,teishoku,/static/media/food/teishoku.jpg
ココス,デカンタワイン 赤（375ml）,wine_drink,/static/media/food/wine_drink.jpg
ココス,デカンタワイン 白（375ml）,wine_drink,/static/media/food/wine_drink.jpg
ココス,グラスワイン 赤（100ml）,wine_drink,/static/media/food/wine_drink.jpg
ココス,グラスワイン 白（100ml）,wine_drink,/static/media/food/wine_drink.jpg
ココス,レモンサワー,chuhai,/static/media/food/chuhai.jpg
ココス,グレープフルーツサワー,chuhai,/static/media/food/chuhai.jpg
ココス,ノンアルコール オールフリー（350ml）,,(tile)
ココス,ミニ！ドリア＆選べるミニ！パスタ ランチ,pasta,/static/media/food/pasta.jpg
ココス,桜海老と菜の花のアーリオ・オーリオパスタランチ,teishoku,/static/media/food/teishoku.jpg
ココス,ベーコンの濃厚カルボナーラパスタランチ,teishoku,/static/media/food/teishoku.jpg
ココス,ほうれん草とベーコンのバター醤油パスタランチ,teishoku,/static/media/food/teishoku.jpg
ココス,濃厚ビーフシチューの包み焼きハンバーグ 145g ランチ,yakiniku_steak,/static/media/food/yakiniku_steak.jpg
ココス,濃厚ビーフシチューの包み焼きハンバーグ 110g ランチ,yakiniku_steak,/static/media/food/yakiniku_steak.jpg
ココス,チーズソースの濃厚ビーフシチュー包み焼きハンバーグ 145g ランチ,yakiniku_steak,/static/media/food/yakiniku_steak.jpg
ココス,チーズソースの濃厚ビーフシチュー包み焼きハンバーグ 110g ランチ,yakiniku_steak,/static/media/food/yakiniku_steak.jpg
ココス,とろ～り玉子の濃厚ビーフシチュー包み焼きハンバーグ 145ｇランチ,yakiniku_steak,/static/media/food/yakiniku_steak.jpg
ココス,とろ～り玉子の濃厚ビーフシチュー包み焼きハンバーグ 110ｇ ランチ,yakiniku_steak,/static/media/food/yakiniku_steak.jpg
ココス,温野菜の濃厚ビーフシチュー包み焼きハンバーグ 145g ランチ,yakiniku_steak,/static/media/food/yakiniku_steak.jpg
ココス,温野菜の濃厚ビーフシチュー包み焼きハンバーグ 110g ランチ,yakiniku_steak,/static/media/food/yakiniku_steak.jpg
ココス,揚げなすとバジルのガーリックトマトチキンステーキランチ,teishoku,/static/media/food/teishoku.jpg
ココス,チキンとナッツのサラダランチ～トルティーヤ付き～,tea_matcha,/static/media/food/tea_matcha.jpg
ココス,コンボランチ,teishoku,/static/media/food/teishoku.jpg
ココス,おろしハンバーグ＆唐揚げランチ,teishoku,/static/media/food/teishoku.jpg
ココス,ビーフハンバーグステーキランチ,teishoku,/static/media/food/teishoku.jpg
ココス,カットステーキランチ,teishoku,/static/media/food/teishoku.jpg
ココス,チーズハンバーグ＆白身魚フライランチ,teishoku,/static/media/food/teishoku.jpg
ココス,ランチ 銚子産真いわしのマリネ,teishoku,/static/media/food/teishoku.jpg
ココス,ランチ サーモンのカルパッチョ,teishoku,/static/media/food/teishoku.jpg
ココス,ランチ カリカリポテト,teishoku,/static/media/food/teishoku.jpg
ココス,ランチ ココスのフルーツサラダ,teishoku,/static/media/food/teishoku.jpg
ココス,ランチ ミニ！イタリア栗のしぼりたてモンブラン,teishoku,/static/media/food/teishoku.jpg
ココス,ランチ ハーフ 背徳のチョコバナナココッシュ,teishoku,/static/media/food/teishoku.jpg
ココス,ランチ マンゴーの杏仁豆腐,teishoku,/static/media/food/teishoku.jpg
ココス,ランチ コーヒーゼリー,teishoku,/static/media/food/teishoku.jpg
ココス,ミニサラダ,salad_green,
ココス,ランチ ドリンクバー,teishoku,/static/media/food/teishoku.jpg
ココス,ココスの朝食バイキング,,(tile)
ココス,ココスモーニング～キャラメリゼバナナワッフル～,waffle,
ココス,茜美人のスクランブルモーニング,toast_breakfast,/static/media/food/toast_breakfast.jpg
ココス,茜美人の目玉焼きモーニング,toast_breakfast,/static/media/food/toast_breakfast.jpg
ココス,ワッフルオープンサンド～ベーコン・エッグ・チーズ～,cheese_plate,
ココス,至福のワッフル～ホイップ＆バニラアイス～,icecream_parfait,/static/media/food/icecream_parfait.jpg
ココス,包み焼きハンバーグの朝定食,teishoku,/static/media/food/teishoku.jpg
ココス,銀鮭の朝定食～鬼おろし添え～,teishoku,/static/media/food/teishoku.jpg
ココス,茜美人の目玉焼き朝定食,teishoku,/static/media/food/teishoku.jpg
ココス,茜美人の卵かけご飯,gohan_rice,
ココス,トーストモーニング,toast_breakfast,/static/media/food/toast_breakfast.jpg
ココス,朝のフルーツサラダ,salad_green,
ココス,フルーツヨーグルト,,(tile)
ココス,【単品メニュー】トースト ゆで玉子付き,tamago_egg,/static/media/food/tamago_egg.jpg
ココス,【単品メニュー】メイプルバターワッフル,waffle,
ココス,【単品メニュー】ハーフメイプルバターワッフル,waffle,
ココス,【単品メニュー】モーニングコーンスープ,soup_corn,
ココス,【単品メニュー】モーニングカリカリポテト,french_fries,/static/media/food/french_fries.jpg
ココス,【単品メニュー】ヨーグルト&グラノーラ,,(tile)
ココス,【単品メニュー】モーニングCoCoプリン,pudding,
ココス,【単品メニュー】モーニングコーヒーゼリー,coffee,/static/media/food/coffee.jpg
ココス,【単品メニュー】モーニングガトーショコラ,chocolate,/static/media/food/chocolate.jpg
ココス,【サイドオーダー】銀鮭～鬼おろし添え～,sushi_salmon,/static/media/food/sushi_salmon.jpg
ココス,【単品メニュー】とん汁,soup_miso,/static/media/food/soup_miso.jpg
ココス,【サイドオーダー】燻製ベーコン１枚,bacon_dish,
ココス,【サイドオーダー】朝のみそ汁,soup_miso,/static/media/food/soup_miso.jpg
ココス,【サイドオーダー】朝のサラダ,salad_green,
ココス,【サイドオーダー】目玉焼き,tamago_egg,/static/media/food/tamago_egg.jpg
ココス,【サイドオーダー】納豆,natto,/static/media/food/natto.jpg
ココス,【サイドオーダー】ライス,gohan_rice,
ココス,【サイドオーダー】追加ふわとろホイップ,,(tile)
ココス,【サイドオーダー】生卵,tamago_egg,/static/media/food/tamago_egg.jpg
ココス,モーニングドリンクバー,toast_breakfast,/static/media/food/toast_breakfast.jpg
ココス,スマイルセット ラスカル包み焼きハンバーグ,teishoku,/static/media/food/teishoku.jpg
ココス,スマイルセット チーズハンバーグトリオ,teishoku,/static/media/food/teishoku.jpg
ココス,スマイルセット ふわとろオムライス＆ポテト,teishoku,/static/media/food/teishoku.jpg
ココス,おこさままぐろ丼,donburi_rice,/static/media/food/donburi_rice.jpg
ココス,おこさまラーメン,ramen_shoyu,/static/media/food/ramen_shoyu.jpg
ココス,おこさまうどん,udon,/static/media/food/udon.jpg
ココス,おこさまナポリタン,napolitan,/static/media/food/napolitan.jpg
ココス,おこさまパンケーキ,pancakes,
ココス,低アレルゲンおこさまハンバーグプレート,yakiniku_steak,/static/media/food/yakiniku_steak.jpg
ココス,低アレルゲンおこさまカレー,curry_rice,/static/media/food/curry_rice.jpg
ココス,低アレルゲンおこさまホットドッグ,hotdog,/static/media/food/hotdog.jpg
ココス,おこさまからあげ,karaage_chicken,/static/media/food/karaage_chicken.jpg
ココス,おこさまフライドポテト,french_fries,/static/media/food/french_fries.jpg
ココス,おこさまコーンスープ,soup_corn,
ココス,おこさま選べるダブルアイス,icecream_parfait,/static/media/food/icecream_parfait.jpg
ココス,低アレルゲン米粉パン,,(tile)
ココス,低アレルゲンいちごアイス,icecream_parfait,/static/media/food/icecream_parfait.jpg
ココス,低アレルゲンぶどうゼリー,,(tile)
ココス,鶏と野菜のリゾット&鮭のホワイトシチュー,sushi_salmon,/static/media/food/sushi_salmon.jpg
ココス,しらすの雑炊,,(tile)
ココス,おこさまドリンクバー,,(tile)
ココス,チョコミン党フラッペ,smoothie,/static/media/food/smoothie.jpg
ココス,【145g】濃厚ビーフシチューの包み焼きハンバーグ弁当,bento,/static/media/food/bento.jpg
ココス,【110g】濃厚ビーフシチューの包み焼きハンバーグ弁当,bento,/static/media/food/bento.jpg
ココス,6種チーズの包み焼きハンバーグ弁当,bento,/static/media/food/bento.jpg
ココス,【220g】濃厚ビーフシチューの包み焼きハンバーグダブル弁当,bento,/static/media/food/bento.jpg
ココス,ココスのハンバーグ弁当,bento,/static/media/food/bento.jpg
ココス,山盛り!!鬼おろしハンバーグ弁当,bento,/static/media/food/bento.jpg
ココス,チーズインハンバーグ弁当,bento,/static/media/food/bento.jpg
ココス,揚げなすとバジルのガーリックトマトハンバーグ弁当,bento,/static/media/food/bento.jpg
ココス,チキンステーキ弁当,bento,/static/media/food/bento.jpg
ココス,山盛り!!鬼おろしチキンステーキ弁当,bento,/static/media/food/bento.jpg
ココス,揚げなすとバジルのガーリックトマトチキンステーキ弁当,bento,/static/media/food/bento.jpg
ココス,ココスのきのこハンバーグプレートダブル弁当,bento,/static/media/food/bento.jpg
ココス,ココスのきのこハンバーグプレート弁当,bento,/static/media/food/bento.jpg
ココス,鶏と野菜の黒酢あん弁当,bento,/static/media/food/bento.jpg
ココス,さわらと春野菜の柚子あん弁当,bento,/static/media/food/bento.jpg
ココス,本気の唐揚げ弁当,bento,/static/media/food/bento.jpg
ココス,ハーフ メキシカン・ケサディーヤ,,(tile)
ココス,フライドポテト,french_fries,/static/media/food/french_fries.jpg
ココス,カリフォルニアフライドポテト,french_fries,/static/media/food/french_fries.jpg
ココス,ミニ！フライドポテト,french_fries,/static/media/food/french_fries.jpg
ココス,本気の唐揚げ(1ヶ),karaage_chicken,/static/media/food/karaage_chicken.jpg
ココス,ポップコーンシュリンプ(6ヶ),popcorn,
ココス,海老フライ,fry_seafood,/static/media/food/fry_seafood.jpg
ココス,ラスカル包み焼きハンバーグ弁当(小学生以下のおこさま限定),bento,/static/media/food/bento.jpg
ココス,低アレルゲンおこさまカレー(小学生以下のおこさま限定),curry_rice,/static/media/food/curry_rice.jpg
ココス,低アレルゲンおこさまホットドッグ(小学生以下のおこさま限定),hotdog,/static/media/food/hotdog.jpg
ココス,低アレルゲン米粉パン(小学生以下のおこさま限定),,(tile)
ココス,石窯パン(ライ麦),,(tile)
ココス,レッドペッパーオイル,,(tile)
ココス,熟成パルメザンチーズ,cheese_plate,
ココス,父の日和栗モンブラン,,(tile)
ココス,父の日W濃厚ビーフシチューの包み焼きハンバーグ,yakiniku_steak,/static/media/food/yakiniku_steak.jpg
ココス,父の日Wビーフハンバーグステーキ,steak_plate,/static/media/food/steak_plate.jpg
ココス,父の日Wカットステーキ 260g,steak_plate,/static/media/food/steak_plate.jpg
ココス,夏野菜のバターチキンカレー包み焼きハンバーグ,yakiniku_steak,/static/media/food/yakiniku_steak.jpg
ココス,夏野菜とチリコンカンのチーズ焼き,cheese_plate,
ココス,チョコミン党パフェ,icecream_parfait,/static/media/food/icecream_parfait.jpg
ココス,チョコミン党ガトーショコラ,chocolate,/static/media/food/chocolate.jpg
ココス,ミニ！チョコミン党パフェ,icecream_parfait,/static/media/food/icecream_parfait.jpg
ココス,チョコミン党アイス,icecream_parfait,/static/media/food/icecream_parfait.jpg
ココス,スーパースースーソース2.0,,(tile)
ココス,純氷ふわふわかき氷 いちご,,(tile)
ココス,純氷ふわふわかき氷 ミニ！いちご,,(tile)
ココス,純氷ふわふわかき氷 宇治金時,,(tile)
ココス,純氷ふわふわかき氷 ミニ！宇治金時,,(tile)
ココス,純氷ふわふわかき氷 マンゴー,,(tile)
ココス,純氷ふわふわかき氷 ミニ！マンゴー,,(tile)
ココス,追加シロップ,,(tile)
ココス,蒸し鶏と彩り野菜のごまだれ冷やし麺,,(tile)
コメダ珈琲店,たまとまレタスサンド　コメチキ2ケ付き（ドリンク注文時）,burger_classic,/static/media/food/burger_classic.jpg
コメダ珈琲店,「名古屋名物」あんかけスパ（ドリンク注文時）,,(tile)
コメダ珈琲店,シロノワール（デザートセット）,teishoku,/static/media/food/teishoku.jpg
コメダ珈琲店,「喫茶店の王道」ナポリタン（ドリンク注文時）,napolitan,/static/media/food/napolitan.jpg
コメダ珈琲店,ミニシロノワール（デザートセット）,teishoku,/static/media/food/teishoku.jpg
コメダ珈琲店,クロネージュ（デザートセット）,teishoku,/static/media/food/teishoku.jpg
コメダ珈琲店,夜コメ　ハイ!チーズ!!プレート　チーズカリーグラタン（ドリンク注文時）,gratin,/static/media/food/gratin.jpg
コメダ珈琲店,「つぶつぶなめらか」めんたいクリーム（ドリンク注文時）,,(tile)
コメダ珈琲店,ミックスサンド　コメチキ2ケ付き（ドリンク注文時）,burger_classic,/static/media/food/burger_classic.jpg
コメダ珈琲店,「コクと旨味の本格派」ミートソース（ドリンク注文時）,pasta,/static/media/food/pasta.jpg
コメダ珈琲店,ポテサラサンド　コメチキ2ケ付き（ドリンク注文時）,burger_classic,/static/media/food/burger_classic.jpg
コメダ珈琲店,「旨辛スパイシーカリー」インディアンスパゲッティ（ドリンク注文時）,pasta,/static/media/food/pasta.jpg
コメダ珈琲店,夜コメ　ハイ!チーズ!!プレート　チーズハンバーグミートスパ（ドリンク注文時）,yakiniku_steak,/static/media/food/yakiniku_steak.jpg
コメダ珈琲店,ハムサンド　コメチキ2ケ付き（ドリンク注文時）,burger_classic,/static/media/food/burger_classic.jpg
コメダ珈琲店,シロノワール CRUNKY（デザートセット）,teishoku,/static/media/food/teishoku.jpg
コメダ珈琲店,シロノワール CRUNKY ミニサイズ（デザートセット）,teishoku,/static/media/food/teishoku.jpg
コメダ珈琲店,エッグサンド　コメチキ2ケ付き（ドリンク注文時）,burger_classic,/static/media/food/burger_classic.jpg
コメダ珈琲店,珈琲所のプリン（デザートセット）,pudding,
コメダ珈琲店,THEベイクドチーズ（デザートセット）,cheese_plate,
コメダ珈琲店,くちどけカッサータ（デザートセット）,teishoku,/static/media/food/teishoku.jpg
コメダ珈琲店,キャラメル　サレ（デザートセット）,teishoku,/static/media/food/teishoku.jpg
コメダ珈琲店,抹茶の雫（デザートセット）,tea_matcha,/static/media/food/tea_matcha.jpg
コメダ珈琲店,カフェオーレ,,(tile)
コメダ珈琲店,ホットティー レモン,tea_matcha,/static/media/food/tea_matcha.jpg
コメダ珈琲店,メロンソーダ,juice_beverage,/static/media/food/juice_beverage.jpg
コメダ珈琲店,ジェリコ 元祖,,(tile)
コメダ珈琲店,コメダブレンド,,(tile)
コメダ珈琲店,アイスコーヒー,coffee,/static/media/food/coffee.jpg
コメダ珈琲店,クリームコーヒー,coffee,/static/media/food/coffee.jpg
コメダ珈琲店,アイスオーレ,icecream_parfait,/static/media/food/icecream_parfait.jpg
コメダ珈琲店,ホットティー ミルク,tea_matcha,/static/media/food/tea_matcha.jpg
コメダ珈琲店,アイスオーレ たっぷりサイズ,icecream_parfait,/static/media/food/icecream_parfait.jpg
コメダ珈琲店,コメダブレンド たっぷりサイズ,,(tile)
コメダ珈琲店,カフェオーレ たっぷりサイズ,,(tile)
コメダ珈琲店,アイスコーヒー たっぷりサイズ,coffee,/static/media/food/coffee.jpg
コメダ珈琲店,メロンソーダ　たっぷりサイズ,juice_beverage,/static/media/food/juice_beverage.jpg
コメダ珈琲店,ジェリコ CRUNKY,,(tile)
コメダ珈琲店,クリームオーレ,,(tile)
コメダ珈琲店,アイスココア,cocoa_drink,/static/media/food/cocoa_drink.jpg
コメダ珈琲店,アメリカン,,(tile)
コメダ珈琲店,ミルクコーヒー,coffee,/static/media/food/coffee.jpg
コメダ珈琲店,アイスオーレ　でらたっぷりサイズ,icecream_parfait,/static/media/food/icecream_parfait.jpg
コメダ珈琲店,アイスコーヒー　でらたっぷりサイズ,coffee,/static/media/food/coffee.jpg
コメダ珈琲店,メロンソーダ　でらたっぷりサイズ,juice_beverage,/static/media/food/juice_beverage.jpg
コメダ珈琲店,ホットティー ストレート,tea_matcha,/static/media/food/tea_matcha.jpg
コメダ珈琲店,ホットココア,cocoa_drink,/static/media/food/cocoa_drink.jpg
コメダ珈琲店,アメリカン たっぷりサイズ,,(tile)
コメダ珈琲店,ミルクコーヒー たっぷりサイズ,coffee,/static/media/food/coffee.jpg
コメダ珈琲店,アイスミルクコーヒー,coffee,/static/media/food/coffee.jpg
コメダ珈琲店,クリームソーダ,juice_beverage,/static/media/food/juice_beverage.jpg
コメダ珈琲店,蜂蜜アイスコーヒー,coffee,/static/media/food/coffee.jpg
コメダ珈琲店,お伊勢さんの和紅茶 「瑞」,tea_matcha,/static/media/food/tea_matcha.jpg
コメダ珈琲店,クリームソーダ　でらたっぷりサイズ,juice_beverage,/static/media/food/juice_beverage.jpg
コメダ珈琲店,コメ黒,,(tile)
コメダ珈琲店,プレミアムコーヒー Sophia,coffee,/static/media/food/coffee.jpg
コメダ珈琲店,アイスミルクコーヒー たっぷりサイズ,coffee,/static/media/food/coffee.jpg
コメダ珈琲店,アイスティー レモン,tea_matcha,/static/media/food/tea_matcha.jpg
コメダ珈琲店,ホットミルク,milk_drink,/static/media/food/milk_drink.jpg
コメダ珈琲店,フラッペ　コーヒー,smoothie,/static/media/food/smoothie.jpg
コメダ珈琲店,フラッペ　クラシックプリン,smoothie,/static/media/food/smoothie.jpg
コメダ珈琲店,アイスウインナー,sausage,/static/media/food/sausage.jpg
コメダ珈琲店,コーラ,cola_drink,/static/media/food/cola_drink.jpg
コメダ珈琲店,アイスティー ミルク,tea_matcha,/static/media/food/tea_matcha.jpg
コメダ珈琲店,ウインナーコーヒー,coffee,/static/media/food/coffee.jpg
コメダ珈琲店,アイスミルクコーヒー　でらたっぷりサイズ,coffee,/static/media/food/coffee.jpg
コメダ珈琲店,ホットミルク たっぷりサイズ,milk_drink,/static/media/food/milk_drink.jpg
コメダ珈琲店,アイスティー ストレート,tea_matcha,/static/media/food/tea_matcha.jpg
コメダ珈琲店,アイスミルク,milk_drink,/static/media/food/milk_drink.jpg
コメダ珈琲店,カフェインレスアイスコーヒー,coffee,/static/media/food/coffee.jpg
コメダ珈琲店,コーラ　たっぷりサイズ,cola_drink,/static/media/food/cola_drink.jpg
コメダ珈琲店,カフェインレスコーヒー,coffee,/static/media/food/coffee.jpg
コメダ珈琲店,蜂蜜オーレウインナー,sausage,/static/media/food/sausage.jpg
コメダ珈琲店,フラッペ　ブルーベリーヨーグルト,smoothie,/static/media/food/smoothie.jpg
コメダ珈琲店,とろみコーヒー,coffee,/static/media/food/coffee.jpg
コメダ珈琲店,お伊勢さんの和紅茶 「瑞」アイス,tea_matcha,/static/media/food/tea_matcha.jpg
コメダ珈琲店,コーラ　でらたっぷりサイズ,cola_drink,/static/media/food/cola_drink.jpg
コメダ珈琲店,アイスミルク たっぷりサイズ,milk_drink,/static/media/food/milk_drink.jpg
コメダ珈琲店,オレンジジュース,juice_beverage,/static/media/food/juice_beverage.jpg
コメダ珈琲店,アイスミルク　でらたっぷりサイズ,milk_drink,/static/media/food/milk_drink.jpg
コメダ珈琲店,ミックスジュース,juice_beverage,/static/media/food/juice_beverage.jpg
コメダ珈琲店,サマージュース,juice_beverage,/static/media/food/juice_beverage.jpg
コメダ珈琲店,バナナジュース,juice_beverage,/static/media/food/juice_beverage.jpg
コメダ珈琲店,アップルジュース,juice_beverage,/static/media/food/juice_beverage.jpg
コメダ珈琲店,生レモンスカッシュ,lemonade,/static/media/food/lemonade.jpg
コメダ珈琲店,コーヒーシェーク,coffee,/static/media/food/coffee.jpg
コメダ珈琲店,ストロベリーシェーク,,(tile)
コメダ珈琲店,コーンスープ,soup_corn,
コメダ珈琲店,ミネストローネ,minestrone,/static/media/food/minestrone.jpg
コメダ珈琲店,クラムチャウダー,soup_corn,
コメダ珈琲店,THEベイクドチーズ（単品）,cheese_plate,
コメダ珈琲店,シロノワール（単品）,,(tile)
コメダ珈琲店,いちご氷,,(tile)
コメダ珈琲店,珈琲ジェリー,coffee,/static/media/food/coffee.jpg
コメダ珈琲店,クロネージュ（単品）,,(tile)
コメダ珈琲店,いちご氷 ミニサイズ,,(tile)
コメダ珈琲店,ミニシロノワール（単品）,,(tile)
コメダ珈琲店,ソフトクリーム,soft_serve,/static/media/food/soft_serve.jpg
コメダ珈琲店,くちどけカッサータ（単品）,,(tile)
コメダ珈琲店,宇治抹茶氷,tea_matcha,/static/media/food/tea_matcha.jpg
コメダ珈琲店,キャラメル　サレ（単品）,,(tile)
コメダ珈琲店,珈琲所のプリン（単品）,pudding,
コメダ珈琲店,宇治抹茶氷 ミニサイズ,tea_matcha,/static/media/food/tea_matcha.jpg
コメダ珈琲店,抹茶の雫（単品）,tea_matcha,/static/media/food/tea_matcha.jpg
コメダ珈琲店,アサイーミックス氷,,(tile)
コメダ珈琲店,シロノワール CRUNKY（単品）,,(tile)
コメダ珈琲店,シロノワール CRUNKY ミニサイズ（単品）,,(tile)
コメダ珈琲店,アサイーミックス氷 ミニサイズ,,(tile)
コメダ珈琲店,もも太郎氷,,(tile)
コメダ珈琲店,もも太郎氷 ミニサイズ,,(tile)
コメダ珈琲店,黒蜜きなこのぜんざい氷,,(tile)
コメダ珈琲店,黒蜜きなこのぜんざい氷 ミニサイズ,,(tile)
コメダ珈琲店,ペッパーポークとたまごの具沢山サンド,burger_classic,/static/media/food/burger_classic.jpg
コメダ珈琲店,コメダグラタン,gratin,/static/media/food/gratin.jpg
コメダ珈琲店,ミニサラダ,salad_green,
コメダ珈琲店,「名古屋名物」あんかけスパ（単品）,,(tile)
コメダ珈琲店,たまとまレタスサンド　コメチキ2ケ付き（単品）,burger_classic,/static/media/food/burger_classic.jpg
コメダ珈琲店,ホットドッグ,hotdog,/static/media/food/hotdog.jpg
コメダ珈琲店,エビフライ,fry_seafood,/static/media/food/fry_seafood.jpg
コメダ珈琲店,トースト,toast_breakfast,/static/media/food/toast_breakfast.jpg
コメダ珈琲店,ミックスサンド,burger_classic,/static/media/food/burger_classic.jpg
コメダ珈琲店,手作りたまごドッグ,hotdog,/static/media/food/hotdog.jpg
コメダ珈琲店,カツパン,tonkatsu_pork,/static/media/food/tonkatsu_pork.jpg
コメダ珈琲店,小倉トースト,toast_breakfast,/static/media/food/toast_breakfast.jpg
コメダ珈琲店,「喫茶店の王道」ナポリタン（単品）,napolitan,/static/media/food/napolitan.jpg
コメダ珈琲店,サラダバゲット,salad_green,
コメダ珈琲店,ビーフシチュー,,(tile)
コメダ珈琲店,たっぷりたまごのピザトースト,toast_breakfast,/static/media/food/toast_breakfast.jpg
コメダ珈琲店,みそカツパン,tonkatsu_pork,/static/media/food/tonkatsu_pork.jpg
コメダ珈琲店,ヒレカツ,tonkatsu_pork,/static/media/food/tonkatsu_pork.jpg
コメダ珈琲店,ミックスサンド　コメチキ2ケ付き（単品）,burger_classic,/static/media/food/burger_classic.jpg
コメダ珈琲店,「つぶつぶなめらか」めんたいクリーム（単品）,,(tile)
コメダ珈琲店,自慢のドミグラスバーガー,burger_classic,/static/media/food/burger_classic.jpg
コメダ珈琲店,夜コメ　ハイ!チーズ!!プレート　チーズカリーグラタン（単品）,gratin,/static/media/food/gratin.jpg
コメダ珈琲店,ハムサンド,burger_classic,/static/media/food/burger_classic.jpg
コメダ珈琲店,「コクと旨味の本格派」ミートソース（単品）,pasta,/static/media/food/pasta.jpg
コメダ珈琲店,ポテサラサンド,burger_classic,/static/media/food/burger_classic.jpg
コメダ珈琲店,エビカツパン,burger_fish_shrimp,
コメダ珈琲店,チーズカリートースト,toast_breakfast,/static/media/food/toast_breakfast.jpg
コメダ珈琲店,コメダ特製ピザ,pizza,/static/media/food/pizza.jpg
コメダ珈琲店,フィッシュフライバーガー,burger_fish_shrimp,
コメダ珈琲店,カツカリーパン,tonkatsu_pork,/static/media/food/tonkatsu_pork.jpg
コメダ珈琲店,エッグサンド,burger_classic,/static/media/food/burger_classic.jpg
コメダ珈琲店,「旨辛スパイシーカリー」インディアンスパゲッティ（単品）,pasta,/static/media/food/pasta.jpg
コメダ珈琲店,ポテサラサンド　コメチキ2ケ付き（単品）,burger_classic,/static/media/food/burger_classic.jpg
コメダ珈琲店,ジャーマン,,(tile)
コメダ珈琲店,ペッパーポークとたまごの具沢山トースト,toast_breakfast,/static/media/food/toast_breakfast.jpg
コメダ珈琲店,コメチキ(6ケ),,(tile)
コメダ珈琲店,カツサンド（持ち帰り限定）,burger_classic,/static/media/food/burger_classic.jpg
コメダ珈琲店,夜コメ　ハイ!チーズ!!プレート　チーズハンバーグミートスパ（単品）,yakiniku_steak,/static/media/food/yakiniku_steak.jpg
コメダ珈琲店,ミックストースト,toast_breakfast,/static/media/food/toast_breakfast.jpg
コメダ珈琲店,ハムサンド　コメチキ2ケ付き（単品）,burger_classic,/static/media/food/burger_classic.jpg
コメダ珈琲店,ヒレカツ　ミニサイズ,tonkatsu_pork,/static/media/food/tonkatsu_pork.jpg
コメダ珈琲店,みそカツサンド（持ち帰り限定）,burger_classic,/static/media/food/burger_classic.jpg
コメダ珈琲店,ポテチキ（コメチキ3ケ),,(tile)
コメダ珈琲店,ハムトースト,toast_breakfast,/static/media/food/toast_breakfast.jpg
コメダ珈琲店,エビカツサンド（持ち帰り限定）,burger_classic,/static/media/food/burger_classic.jpg
コメダ珈琲店,エッグサンド　コメチキ2ケ付き（単品）,burger_classic,/static/media/food/burger_classic.jpg
コメダ珈琲店,ポテサラトースト,toast_breakfast,/static/media/food/toast_breakfast.jpg
コメダ珈琲店,カツカリーサンド（持ち帰り限定）,burger_classic,/static/media/food/burger_classic.jpg
コメダ珈琲店,ポテトバスケット,french_fries,/static/media/food/french_fries.jpg
コメダ珈琲店,エッグトースト,toast_breakfast,/static/media/food/toast_breakfast.jpg
コメダ珈琲店,ミニコメバスケット,,(tile)
コメダ珈琲店,あみ焼きチキンホットサンド,burger_classic,/static/media/food/burger_classic.jpg
コメダ珈琲店,ミニコメバスケット（トースト）,toast_breakfast,/static/media/food/toast_breakfast.jpg
コメダ珈琲店,本場手羽先　10本入,karaage_chicken,/static/media/food/karaage_chicken.jpg
コメダ珈琲店,本場手羽先　5本入,karaage_chicken,/static/media/food/karaage_chicken.jpg
コメダ珈琲店,ミニサンド,burger_classic,/static/media/food/burger_classic.jpg
コメダ珈琲店,ミニサンド（トースト）,burger_classic,/static/media/food/burger_classic.jpg
コメダ珈琲店,キッズオレンジ,,(tile)
コメダ珈琲店,だいすきプレート,,(tile)
コメダ珈琲店,キッズメロンソーダ,juice_beverage,/static/media/food/juice_beverage.jpg
コメダ珈琲店,キッズミルク,milk_drink,/static/media/food/milk_drink.jpg
コメダ珈琲店,キッズアップル,,(tile)
コメダ珈琲店,オリジナルブレンド［豆］,,(tile)
コメダ珈琲店,豆菓子,,(tile)
コメダ珈琲店,バンズパン（４個入）,burger_classic,/static/media/food/burger_classic.jpg
コメダ珈琲店,ドッグパン（５本入）,hotdog,/static/media/food/hotdog.jpg
コメダ珈琲店,オリジナルブレンド［粉］,,(tile)
コメダ珈琲店,コどら,,(tile)
コメダ珈琲店,羊羹,,(tile)
コメダ珈琲店,バゲット（１本）,,(tile)
コメダ珈琲店,コメ黒［粉］,,(tile)
コメダ珈琲店,コーヒーキャンディー,coffee,/static/media/food/coffee.jpg
コメダ珈琲店,ローブパン（４個入）,,(tile)
コメダ珈琲店,オリジナル［スティック］,,(tile)
コメダ珈琲店,コメダ特製小倉あん,,(tile)
コメダ珈琲店,カツパン（４個入）,tonkatsu_pork,/static/media/food/tonkatsu_pork.jpg
コメダ珈琲店,しるこサンド,burger_classic,/static/media/food/burger_classic.jpg
コメダ珈琲店,山食パン（1本(3斤分)）,,(tile)
コメダ珈琲店,コーヒービーンズチョコ,chocolate,/static/media/food/chocolate.jpg
コメダ珈琲店,ブラック［スティック］,,(tile)
コメダ珈琲店,持帰）３枚切　山食パン,,(tile)
コメダ珈琲店,持帰）５枚切　山食パン,,(tile)
コメダ珈琲店,ピーナッツクリーム,nuts_snack,/static/media/food/nuts_snack.png
コメダ珈琲店,オリジナルブレンド［ドリップ］,,(tile)
コメダ珈琲店,しっとりクッキー,cookie,/static/media/food/cookie.jpg
コメダ珈琲店,コーヒーに合うバウム,coffee,/static/media/food/coffee.jpg
コメダ珈琲店,すずっコ,,(tile)
コメダ珈琲店,カリッとかりんとう,,(tile)
コメダ珈琲店,バター香るご褒美フィナンシェ,,(tile)
コメダ珈琲店,カフェインレス［ドリップ］,,(tile)
コメダ珈琲店,サステナブルなココア,cocoa_drink,/static/media/food/cocoa_drink.jpg
コメダ珈琲店,とろみコーヒー（物販）,coffee,/static/media/food/coffee.jpg
ゴーゴーカレー,ロースカツカレー,curry_rice,/static/media/food/curry_rice.jpg
ゴーゴーカレー,チキンカツカレー,curry_rice,/static/media/food/curry_rice.jpg
ゴーゴーカレー,ゴーゴーカレー,curry_rice,/static/media/food/curry_rice.jpg
ゴーゴーカレー,エビフライカレー,curry_rice,/static/media/food/curry_rice.jpg
ゴーゴーカレー,メジャーカレー,curry_rice,/static/media/food/curry_rice.jpg
ゴーゴーカレー,シャウエッセンカレー,curry_rice,/static/media/food/curry_rice.jpg
ゴーゴーカレー,メジャーカレーワールドチャンピオンクラス,curry_rice,/static/media/food/curry_rice.jpg
ゴーゴーカレー,お子様ゴリえもんカレー,curry_rice,/static/media/food/curry_rice.jpg
ゴーゴーカレー,ミックスコンボカレー,curry_rice,/static/media/food/curry_rice.jpg
ゴーゴーカレー,メジャートッピング,,(tile)
ゴーゴーカレー,WCC（ワールドチャンピオンクラス）トッピング,,(tile)
ゴーゴーカレー,じゃがバター,,(tile)
ゴーゴーカレー,ガーリックチップ,,(tile)
サイゼリヤ,小エビのサラダ,salad_green,
サイゼリヤ,チキンのサラダ,salad_green,
サイゼリヤ,わかめのサラダ,salad_green,
サイゼリヤ,野菜ときのこのピザ,pizza,/static/media/food/pizza.jpg
サイゼリヤ,バッファローモッツァレラのマルゲリータピザ,pizza,/static/media/food/pizza.jpg
サイゼリヤ,ソーセージピザ,pizza,/static/media/food/pizza.jpg
サイゼリヤ,たっぷりコーンのピザ,pizza,/static/media/food/pizza.jpg
サイゼリヤ,ほうれん草のソテー,,(tile)
サイゼリヤ,チョリソー,,(tile)
サイゼリヤ,辛味チキン,karaage_chicken,/static/media/food/karaage_chicken.jpg
サイゼリヤ,エスカルゴのオーブン焼き,,(tile)
サイゼリヤ,ムール貝のガーリック焼き,sushi_platter,/static/media/food/sushi_platter.jpg
サイゼリヤ,ポップコーンシュリンプ,popcorn,
サイゼリヤ,アロスティチーニ,,(tile)
サイゼリヤ,アロスティチーニ Wサイズ,,(tile)
サイゼリヤ,ポテトのグリル,french_fries,/static/media/food/french_fries.jpg
サイゼリヤ,柔らかな青豆の温サラダ,salad_green,
サイゼリヤ,キャロットラペ,,(tile)
サイゼリヤ,フォッカチオ,,(tile)
サイゼリヤ,生ビール ジョッキ,beer_alcohol,/static/media/food/beer_alcohol.jpg
サイゼリヤ,生ビール キリン一番搾り ジョッキ,beer_alcohol,/static/media/food/beer_alcohol.jpg
サイゼリヤ,生ビール グラス ビール,beer_alcohol,/static/media/food/beer_alcohol.jpg
サイゼリヤ,ノンアルコールビール アサヒドライゼロ,beer_alcohol,/static/media/food/beer_alcohol.jpg
サイゼリヤ,サワー 氷結 キリン氷結 シチリア産レモン,chuhai,/static/media/food/chuhai.jpg
サイゼリヤ,生ビール キリン一番搾り グラス,beer_alcohol,/static/media/food/beer_alcohol.jpg
サイゼリヤ,グラスワイン 白 (120ml),wine_drink,/static/media/food/wine_drink.jpg
サイゼリヤ,グラスワイン 赤 (120ml),wine_drink,/static/media/food/wine_drink.jpg
サイゼリヤ,デカンタ小 白 (250ml),,(tile)
サイゼリヤ,デカンタ小 赤 (250ml),,(tile)
サイゼリヤ,デカンタ大 白 (500ml),,(tile)
サイゼリヤ,デカンタ大 赤 (500ml),,(tile)
サイゼリヤ,ビーフステーキ,steak_plate,/static/media/food/steak_plate.jpg
サイゼリヤ,ラム(仔羊)のランプステーキ,steak_plate,/static/media/food/steak_plate.jpg
サイゼリヤ,セットドリンクバー,teishoku,/static/media/food/teishoku.jpg
サイゼリヤ,キッズ,,(tile)
サイゼリヤ,単品,,(tile)
サイゼリヤ,キッズ ドリンクバー,,(tile)
サイゼリヤ,単品 ドリンクバー,,(tile)
サイゼリヤ,キッズドリンクバー,,(tile)
サイゼリヤ,単品ドリンクバー,,(tile)
サイゼリヤ,グラスワイン (120ml) 白 / 赤,wine_drink,/static/media/food/wine_drink.jpg
サイゼリヤ,デカンタ小 (250ml) 白 / 赤,,(tile)
サイゼリヤ,デカンタ大 (500ml) 白 / 赤,,(tile)
サイゼリヤ,マグナム (1500ml) 白 / 赤,,(tile)
サイゼリヤ,ドンラファエロ 辛口,,(tile)
サイゼリヤ,ランブルスコ ロゼ 辛口,,(tile)
サイゼリヤ,ランブルスコ セッコ 辛口,,(tile)
サイゼリヤ,ベルデッキオ 白ワイン 辛口,wine_drink,/static/media/food/wine_drink.jpg
サイゼリヤ,キャンティ 赤ワイン 辛口,wine_drink,/static/media/food/wine_drink.jpg
サイゼリヤ,キャンティ ルフィナ 赤ワイン 辛口,wine_drink,/static/media/food/wine_drink.jpg
サイゼリヤ,ジョッキ,,(tile)
サイゼリヤ,グラスビール,beer_alcohol,/static/media/food/beer_alcohol.jpg
サイゼリヤ,キリン氷結 シチリア産レモン,,(tile)
サイゼリヤ,アサヒドライゼロ,,(tile)
サイゼリヤ,グラッパ,,(tile)
サイゼリヤ,生ハムとバッファローモッツァレラの盛合せ Cured Ham & Buffalo Mozzarella Cheese,prosciutto,
サイゼリヤ,生ハム Cured Ham,prosciutto,
サイゼリヤ,バッファローモッツァレラのカプレーゼ Buffalo Mozzarella Cheese & Tomato,,(tile)
サイゼリヤ,蒸し鶏の香味ソース Chicken with Flavored Vegetable Sauce,,(tile)
サイゼリヤ,"小エビのカクテル Shrimp with ""SAIZERIYA"" Dressing",cocktail,/static/media/food/cocktail.jpg
サイゼリヤ,サイゼリヤ ドレッシング (500ml),,(tile)
サイゼリヤ,バッファローモッツァレラのカプレーゼ,,(tile)
サイゼリヤ,たまねぎのズッパ,,(tile)
サイゼリヤ,コーンクリームスープ,soup_miso,/static/media/food/soup_miso.jpg
サイゼリヤ,田舎風ミネストローネ,minestrone,/static/media/food/minestrone.jpg
サイゼリヤ,冷たいパンプキンスープ,soup_miso,/static/media/food/soup_miso.jpg
サイゼリヤ,ガーリック フォッカチオ,,(tile)
サイゼリヤ,タラコ フォッカチオ,,(tile)
サイゼリヤ,チーズ フォッカチオ,cheese_plate,
サイゼリヤ,シナモン フォッカチオ,,(tile)
サイゼリヤ,ガーリックフォカッチャ,,(tile)
サイゼリヤ,柔らか青豆の温サラダ,salad_green,
サイゼリヤ,ミラノ風ドリア,doria,/static/media/food/doria.jpg
サイゼリヤ,半熟卵のミラノ風ドリア,doria,/static/media/food/doria.jpg
サイゼリヤ,焼チーズ ミラノ風ドリア,cheese_plate,
サイゼリヤ,タラコとポップコーン シュリンプのドリア,popcorn,
サイゼリヤ,ポップコーンシュリンプと タラコのクリームグラタン,popcorn,
サイゼリヤ,イタリアンプリン,pudding,
サイゼリヤ,ミルクジェラート,milk_drink,/static/media/food/milk_drink.jpg
サイゼリヤ,ティラミス クラシコ,cake_dessert,/static/media/food/cake_dessert.png
サイゼリヤ,チョコレートケーキ,cake_dessert,/static/media/food/cake_dessert.png
サイゼリヤ,グラスワイン(120ml) 白,wine_drink,/static/media/food/wine_drink.jpg
サイゼリヤ,グラスワイン(120ml) 赤,wine_drink,/static/media/food/wine_drink.jpg
サイゼリヤ,デカンタ小(250ml) 白,,(tile)
サイゼリヤ,デカンタ小(250ml) 赤,,(tile)
サイゼリヤ,デカンタ大(500ml) 白,,(tile)
サイゼリヤ,デカンタ大(500ml) 赤,,(tile)
サイゼリヤ,グラスワイン (120ml) 白,wine_drink,/static/media/food/wine_drink.jpg
サイゼリヤ,グラスワイン (120ml) 赤,wine_drink,/static/media/food/wine_drink.jpg
サイゼリヤ,デカンタ小 (250ml) 白,,(tile)
サイゼリヤ,デカンタ小 (250ml) 赤,,(tile)
サイゼリヤ,デカンタ大 (500ml) 白,,(tile)
サイゼリヤ,デカンタ大 (500ml) 赤,,(tile)
サイゼリヤ,タラコソースシシリー風,sushi_platter,/static/media/food/sushi_platter.jpg
サイゼリヤ,カルボナーラ,pasta,/static/media/food/pasta.jpg
サイゼリヤ,半熟卵のカルボナーラ,pasta,/static/media/food/pasta.jpg
サイゼリヤ,パルマ風スパゲッティ,pasta,/static/media/food/pasta.jpg
サイゼリヤ,小エビのタラコソース,sushi_shrimp,
サイゼリヤ,きのことほうれん草のクリームスパゲッティ,pasta,/static/media/food/pasta.jpg
サイゼリヤ,イカの墨入りセピアソース,,(tile)
サイゼリヤ,ミートソースボロニア風,pasta,/static/media/food/pasta.jpg
サイゼリヤ,半熟卵のミートソースボロニア風,pasta,/static/media/food/pasta.jpg
サイゼリヤ,スープ入り塩味ボンゴレ,soup_miso,/static/media/food/soup_miso.jpg
サイゼリヤ,ペペロンチーノ,pasta,/static/media/food/pasta.jpg
サイゼリヤ,半熟卵のペペロンチーノ,pasta,/static/media/food/pasta.jpg
サイゼリヤ,ペンネアラビアータ,,(tile)
サイゼリヤ,トッピング粉チーズ,cheese_plate,
サイゼリヤ,トッピング半熟卵,tamago_egg,/static/media/food/tamago_egg.jpg
サイゼリヤ,野菜ソース,,(tile)
サイゼリヤ,エクストラ・バージン・オリーブオイル(500ml),olive,/static/media/food/olive.jpg
サイゼリヤ,ミックスグリル,,(tile)
サイゼリヤ,ハンバーグステーキ,steak_plate,/static/media/food/steak_plate.jpg
サイゼリヤ,イタリアンハンバーグ,yakiniku_steak,/static/media/food/yakiniku_steak.jpg
サイゼリヤ,ディアボラ風ハンバーグ,yakiniku_steak,/static/media/food/yakiniku_steak.jpg
サイゼリヤ,ライス,gohan_rice,
サイゼリヤ,ラージライス,gohan_rice,
サイゼリヤ,スモールライス,gohan_rice,
サイゼリヤ,ガーリックフォッカチオ,,(tile)
サイゼリヤ,チーズフォッカチオ,cheese_plate,
サイゼリヤ,プリンとティラミス クラシコの盛合せ,cake_dessert,/static/media/food/cake_dessert.png
サイゼリヤ,チョコレートケーキ&ミルクジェラート,milk_drink,/static/media/food/milk_drink.jpg
サイゼリヤ,トリュフアイスクリーム,icecream_parfait,/static/media/food/icecream_parfait.jpg
サイゼリヤ,コーヒーゼリー&ミルクジェラート,milk_drink,/static/media/food/milk_drink.jpg
サイゼリヤ,ジェラート&シナモンフォカッチャ,,(tile)
サイゼリヤ,焼きシナモンフォカッチャコンビ,,(tile)
サイゼリヤ,パンチェッタとチーズのパニーニコンビ,cheese_plate,
サイゼリヤ,焼きシナモンフォカッチャセット,teishoku,/static/media/food/teishoku.jpg
サイゼリヤ,パンチェッタとチーズのパニーニセット,teishoku,/static/media/food/teishoku.jpg
サイゼリヤ,フォカッチャセット,teishoku,/static/media/food/teishoku.jpg
サイゼリヤ,焼きシナモンフォカッチャ,,(tile)
サイゼリヤ,パンチェッタとチーズのパニーニ,cheese_plate,
サイゼリヤ,フォカッチャ,,(tile)
サイゼリヤ,生ハム,prosciutto,
サイゼリヤ,朝のバッファローモッツァレラ のカプレーゼ,,(tile)
サルタニココーヒー,ホットコーヒー,coffee,/static/media/food/coffee.jpg
サルタニココーヒー,コールドブリューコーヒー,coffee,/static/media/food/coffee.jpg
サルタニココーヒー,サイズアップコーヒー,coffee,/static/media/food/coffee.jpg
サルタニココーヒー,バタートースト,toast_breakfast,/static/media/food/toast_breakfast.jpg
サルタニココーヒー,チーズトースト,toast_breakfast,/static/media/food/toast_breakfast.jpg
サルタニココーヒー,クロワッサン,toast_breakfast,/static/media/food/toast_breakfast.jpg
サルタニココーヒー,パンオショコラ,,(tile)
サルタニココーヒー,たまごサンド,burger_classic,/static/media/food/burger_classic.jpg
サルタニココーヒー,濃縮カスタムミルク ラテ,milk_drink,/static/media/food/milk_drink.jpg
サルタニココーヒー,カフェラテ (濃口),coffee,/static/media/food/coffee.jpg
サルタニココーヒー,カフェラテ (淡口),coffee,/static/media/food/coffee.jpg
サルタニココーヒー,きびシロップ入りウイスキーラテ,coffee,/static/media/food/coffee.jpg
サルタニココーヒー,ハニーラテ,coffee,/static/media/food/coffee.jpg
サルタニココーヒー,カフェモカ,,(tile)
サルタニココーヒー,抹茶ラテ,coffee,/static/media/food/coffee.jpg
サルタニココーヒー,ココア,cocoa_drink,/static/media/food/cocoa_drink.jpg
サルタニココーヒー,チャイラテ,coffee,/static/media/food/coffee.jpg
サルタニココーヒー,オレンジジュース,juice_beverage,/static/media/food/juice_beverage.jpg
サルタニココーヒー,ミルク,milk_drink,/static/media/food/milk_drink.jpg
サルタニココーヒー,紅茶,tea_matcha,/static/media/food/tea_matcha.jpg
サルタニココーヒー,キッズオレンジジュース,juice_beverage,/static/media/food/juice_beverage.jpg
サルタニココーヒー,キッズココア,cocoa_drink,/static/media/food/cocoa_drink.jpg
サルタニココーヒー,エクストラショット,,(tile)
サルタニココーヒー,豆乳,,(tile)
サルタニココーヒー,オーツミルク,milk_drink,/static/media/food/milk_drink.jpg
サルタニココーヒー,ディカフェ,,(tile)
サルヴァトーレ-クオモ,前菜盛り合わせ（1名様）,,(tile)
サルヴァトーレ-クオモ,黒毛和牛のグリル ～赤ワインソース～,wine_drink,/static/media/food/wine_drink.jpg
サルヴァトーレ-クオモ,焼きとうもろこしと生ハムのピッツア ～トリュフ風味～（S）,prosciutto,
サルヴァトーレ-クオモ,焼きとうもろこしと生ハムのピッツア ～トリュフ風味～（M）,prosciutto,
サルヴァトーレ-クオモ,焼きとうもろこしと生ハムのピッツア ～トリュフ風味～（L）,prosciutto,
サルヴァトーレ-クオモ,アサリとズッキーニのスパゲッティ ～レモン風味～（R）,pasta,/static/media/food/pasta.jpg
サルヴァトーレ-クオモ,アサリとズッキーニのスパゲッティ ～レモン風味～（L）,pasta,/static/media/food/pasta.jpg
サルヴァトーレ-クオモ,タコのカルパッチョ仕立て,carpaccio,/static/media/food/carpaccio.jpg
サルヴァトーレ-クオモ,水牛モッツアレラ“ボッコンチーニ”のカプレーゼ,,(tile)
サルヴァトーレ-クオモ,サラミとハムの盛り合わせ,prosciutto,
サルヴァトーレ-クオモ,黒毛和牛のカルパッチョ仕立て,carpaccio,/static/media/food/carpaccio.jpg
サルヴァトーレ-クオモ,フライドポテト ～削りたてチーズ or スイートチリとサワークリーム～,french_fries,/static/media/food/french_fries.jpg
サルヴァトーレ-クオモ,特製ベーコンのシーザーサラダ,salad_green,
サルヴァトーレ-クオモ,生ハムと焼きとうもろこしのサラダ,salad_green,
サルヴァトーレ-クオモ,バケット（1個）,,(tile)
サルヴァトーレ-クオモ,ガーリックトースト（1個）,toast_breakfast,/static/media/food/toast_breakfast.jpg
サルヴァトーレ-クオモ,トマトのブルスケッタ（1個）,bruschetta,/static/media/food/bruschetta.jpg
サルヴァトーレ-クオモ,マルゲリータ（S）,pizza,/static/media/food/pizza.jpg
サルヴァトーレ-クオモ,マルゲリータ（M）,pizza,/static/media/food/pizza.jpg
サルヴァトーレ-クオモ,マルゲリータ（L）,pizza,/static/media/food/pizza.jpg
サルヴァトーレ-クオモ,マリナーラ No.1（S）,,(tile)
サルヴァトーレ-クオモ,マリナーラ No.1（M）,,(tile)
サルヴァトーレ-クオモ,マリナーラ No.1（L）,,(tile)
サルヴァトーレ-クオモ,タコとルーコラのサンタルチア（S）,sushi_platter,/static/media/food/sushi_platter.jpg
サルヴァトーレ-クオモ,タコとルーコラのサンタルチア（M）,sushi_platter,/static/media/food/sushi_platter.jpg
サルヴァトーレ-クオモ,タコとルーコラのサンタルチア（L）,sushi_platter,/static/media/food/sushi_platter.jpg
サルヴァトーレ-クオモ,ディアボラ ンドゥイヤ（S）,,(tile)
サルヴァトーレ-クオモ,ディアボラ ンドゥイヤ（M）,,(tile)
サルヴァトーレ-クオモ,ディアボラ ンドゥイヤ（L）,,(tile)
サルヴァトーレ-クオモ,サルメリア（S）,,(tile)
サルヴァトーレ-クオモ,サルメリア（M）,,(tile)
サルヴァトーレ-クオモ,サルメリア（L）,,(tile)
サルヴァトーレ-クオモ,生ハムとマッシュルームのビスマルク（S）,prosciutto,
サルヴァトーレ-クオモ,生ハムとマッシュルームのビスマルク（M）,prosciutto,
サルヴァトーレ-クオモ,生ハムとマッシュルームのビスマルク（L）,prosciutto,
サルヴァトーレ-クオモ,至高のマルゲリータ MARGHERITA SPECIAL,pizza,/static/media/food/pizza.jpg
サルヴァトーレ-クオモ,4種のチーズのピッツア ～ハチミツ付～ QUATTRO FORMAGGI,cheese_plate,
サルヴァトーレ-クオモ,トッピング：生ハム,prosciutto,
サルヴァトーレ-クオモ,トッピング：ルーコラ,,(tile)
サルヴァトーレ-クオモ,トッピング：サラミ,prosciutto,
サルヴァトーレ-クオモ,トッピング：アンチョビ,,(tile)
サルヴァトーレ-クオモ,プレミアムモッツアレラチーズのアップグレード,cheese_plate,
サルヴァトーレ-クオモ,フレッシュトマトとバジルのスパゲッティ（R）,pasta,/static/media/food/pasta.jpg
サルヴァトーレ-クオモ,フレッシュトマトとバジルのスパゲッティ（L）,pasta,/static/media/food/pasta.jpg
サルヴァトーレ-クオモ,揚げなすのペンネ“アラビアータ”,,(tile)
サルヴァトーレ-クオモ,漁師風魚介のペスカトーレリングイネ,,(tile)
サルヴァトーレ-クオモ,チーズとミートソースのオーブン焼きラザニア,gratin,/static/media/food/gratin.jpg
サルヴァトーレ-クオモ,ゴルゴンゾーラなど4種のチーズのクリームソースのニョッキ,cheese_plate,
サルヴァトーレ-クオモ,ボロネーゼ（ミートソーススパゲッティ）,pasta,/static/media/food/pasta.jpg
サルヴァトーレ-クオモ,生ハムのカルボナーラスパゲッティ,pasta,/static/media/food/pasta.jpg
サルヴァトーレ-クオモ,ナポリ風ラグーソースのフェットチーネ,,(tile)
サルヴァトーレ-クオモ,焼きとうもろこしとハーブポークのペペロンチーノ（R）,pasta,/static/media/food/pasta.jpg
サルヴァトーレ-クオモ,焼きとうもろこしとハーブポークのペペロンチーノ（L）,pasta,/static/media/food/pasta.jpg
サルヴァトーレ-クオモ,タコのペペロンチーノスパゲッティ（R）,pasta,/static/media/food/pasta.jpg
サルヴァトーレ-クオモ,タコのペペロンチーノスパゲッティ（L）,pasta,/static/media/food/pasta.jpg
サルヴァトーレ-クオモ,海老とサーモンのトマトクリームフェットチーネ,sushi_salmon,/static/media/food/sushi_salmon.jpg
サルヴァトーレ-クオモ,黒毛和牛ミートソースのフェットチーネ,pasta,/static/media/food/pasta.jpg
サルヴァトーレ-クオモ,スパゲッティをグルテンフリーへ変更,pasta,/static/media/food/pasta.jpg
サルヴァトーレ-クオモ,鶏もも肉のガーリックバターソテー,,(tile)
サルヴァトーレ-クオモ,サーモンのカリカリパン粉焼き ～自家製タルタルソース～,sushi_salmon,/static/media/food/sushi_salmon.jpg
サルヴァトーレ-クオモ,本日の鮮魚のアクアパッツア,,(tile)
サルヴァトーレ-クオモ,赤身のグリルステーキ ～オリジナルステーキソース～（200g）,steak_plate,/static/media/food/steak_plate.jpg
サルヴァトーレ-クオモ,赤身のグリルステーキ ～オリジナルステーキソース～（300g）,steak_plate,/static/media/food/steak_plate.jpg
サルヴァトーレ-クオモ,豪快!! お肉の盛り合わせ ～牛赤身肉・スペアリブ・鶏もも肉のソテー～,sushi_tuna,/static/media/food/sushi_tuna.jpg
サルヴァトーレ-クオモ,神戸牛のテキサスBBQスタイルのブリスケット（200g）,,(tile)
サルヴァトーレ-クオモ,神戸牛のテキサスBBQスタイルのブリスケット（300g）,,(tile)
サルヴァトーレ-クオモ,神戸牛のテキサスBBQスタイルのブリスケット（120g）,,(tile)
サルヴァトーレ-クオモ,神戸牛のテキサスBBQスタイルのブリスケット（240g）,,(tile)
サルヴァトーレ-クオモ,フィレテンダーロイン（200g）,,(tile)
サルヴァトーレ-クオモ,フィレテンダーロイン（300g）,,(tile)
サルヴァトーレ-クオモ,特製ハンバーグステーキ（200g）,steak_plate,/static/media/food/steak_plate.jpg
サルヴァトーレ-クオモ,特製ハンバーグステーキ（400g）,steak_plate,/static/media/food/steak_plate.jpg
サルヴァトーレ-クオモ,美明豚 骨付きロース（250g）,yakiniku_steak,/static/media/food/yakiniku_steak.jpg
サルヴァトーレ-クオモ,本日の生牡蠣（1ピース）,,(tile)
サルヴァトーレ-クオモ,牡蠣フライ（1ピース）,fry_seafood,/static/media/food/fry_seafood.jpg
サルヴァトーレ-クオモ,焼き牡蠣（1ピース）,,(tile)
サルヴァトーレ-クオモ,牡蠣とキノコのグラタン,gratin,/static/media/food/gratin.jpg
サルヴァトーレ-クオモ,牡蠣めし釜飯仕立て（数量限定）,,(tile)
サルヴァトーレ-クオモ,シャンパンレモン（1ピース）,champagne,/static/media/food/champagne.jpg
サルヴァトーレ-クオモ,オイスターカクテル4種 盛り合わせ,cocktail,/static/media/food/cocktail.jpg
サルヴァトーレ-クオモ,浜焼き（1名様）,,(tile)
サルヴァトーレ-クオモ,ウフマヨポテトサラダ,salad_green,
サルヴァトーレ-クオモ,チョップドメキシカンサラダ ～ライムとアボカドのソース～,salad_green,
サルヴァトーレ-クオモ,茹でタン チミチュリソース,,(tile)
サルヴァトーレ-クオモ,ガーリックシュリンプ,,(tile)
サルヴァトーレ-クオモ,ガーリックシュリンプ（大盛）,,(tile)
サルヴァトーレ-クオモ,牡蠣とクレソンの釜めし,,(tile)
サルヴァトーレ-クオモ,いくらと鮭ハラスの釜めし,sushi_salmon,/static/media/food/sushi_salmon.jpg
サルヴァトーレ-クオモ,和牛とトリュフの釜めし,,(tile)
サルヴァトーレ-クオモ,パインタタン,donut,/static/media/food/donut.jpg
サルヴァトーレ-クオモ,シャルロットカシス,cocktail,/static/media/food/cocktail.jpg
サルヴァトーレ-クオモ,タルトシトロン,cake_dessert,/static/media/food/cake_dessert.png
サルヴァトーレ-クオモ,マンゴーとリコッタクリームのタルト,cake_dessert,/static/media/food/cake_dessert.png
サルヴァトーレ-クオモ,ベイクドチーズケーキ,cake_dessert,/static/media/food/cake_dessert.png
サルヴァトーレ-クオモ,カプチーノ（ホット）,coffee,/static/media/food/coffee.jpg
サルヴァトーレ-クオモ,本日のジェラート,,(tile)
サルヴァトーレ-クオモ,グリルランチブッフェセット（90分）,teishoku,/static/media/food/teishoku.jpg
サルヴァトーレ-クオモ,ハンバーグステーキ（150g）※セット追加,steak_plate,/static/media/food/steak_plate.jpg
サルヴァトーレ-クオモ,牛ハラミカットステーキ（100g）※セット追加,steak_plate,/static/media/food/steak_plate.jpg
サロン-卵と私,選べるドリンク,,(tile)
サロン-卵と私,シーザーハムサラダ,salad_green,
サロン-卵と私,選べるスイーツ,,(tile)
サロン-卵と私,フルセット プラス,teishoku,/static/media/food/teishoku.jpg
サロン-卵と私,スフレ卵のオムライス,omurice,/static/media/food/omurice.jpg
サロン-卵と私,スフレオムライスプレート,omurice,/static/media/food/omurice.jpg
サロン-卵と私,ごちそうプレート,,(tile)
サロン-卵と私,牛タンシチューオムライスプレート,omurice,/static/media/food/omurice.jpg
サロン-卵と私,洋食屋さんのオムライス,omurice,/static/media/food/omurice.jpg
サロン-卵と私,えび玉チャーハン,chahan,/static/media/food/chahan.jpg
サロン-卵と私,パンケーキ,pancakes,
サロン-卵と私,プリンアラモードパフェ,icecream_parfait,/static/media/food/icecream_parfait.jpg
サロン-卵と私,カスタードプリン,pudding,
サロン-卵と私,ドリップコーヒー,coffee,/static/media/food/coffee.jpg
サロン-卵と私,ティー,tea_matcha,/static/media/food/tea_matcha.jpg
サンマルクカフェ,【期間限定】プレミアム濃密抹茶チョコクロ,chocolate,/static/media/food/chocolate.jpg
サンマルクカフェ,【期間限定】詰め合わせBOX (プレミアム濃密抹茶チョコクロ),chocolate,/static/media/food/chocolate.jpg
サンマルクカフェ,【期間限定】プレミアムBOX (プレミアム濃密抹茶チョコクロ ),chocolate,/static/media/food/chocolate.jpg
サンマルクカフェ,【期間限定】濃密ピーチスムージー,smoothie,/static/media/food/smoothie.jpg
サンマルクカフェ,【期間限定】濃密ピーチティー,tea_matcha,/static/media/food/tea_matcha.jpg
サンマルクカフェ,【期間限定】濃密抹茶パフェ,icecream_parfait,/static/media/food/icecream_parfait.jpg
サンマルクカフェ,【期間限定】プレミアムチョコクロ 生バナナ&チョコレート,chocolate,/static/media/food/chocolate.jpg
サンマルクカフェ,【期間限定】詰め合わせBOX (生バナナ&チョコレート),chocolate,/static/media/food/chocolate.jpg
サンマルクカフェ,【期間限定】プレミアムBOX (生バナナ&チョコレート),chocolate,/static/media/food/chocolate.jpg
サンマルクカフェ,サンマルクブレンド,,(tile)
サンマルクカフェ,アメリカンコーヒー,coffee,/static/media/food/coffee.jpg
サンマルクカフェ,カフェラテ,coffee,/static/media/food/coffee.jpg
サンマルクカフェ,キャラメルマキアート,,(tile)
サンマルクカフェ,紅茶,tea_matcha,/static/media/food/tea_matcha.jpg
サンマルクカフェ,ロイヤルミルクティー,tea_matcha,/static/media/food/tea_matcha.jpg
サンマルクカフェ,抹茶ラテ,coffee,/static/media/food/coffee.jpg
サンマルクカフェ,ほうじ茶ラテ,coffee,/static/media/food/coffee.jpg
サンマルクカフェ,ベルギーチョコココア,cocoa_drink,/static/media/food/cocoa_drink.jpg
サンマルクカフェ,ゆず茶,tea_matcha,/static/media/food/tea_matcha.jpg
サンマルクカフェ,アイスコーヒー,coffee,/static/media/food/coffee.jpg
サンマルクカフェ,アイスアメリカンコーヒー,coffee,/static/media/food/coffee.jpg
サンマルクカフェ,アイスティー,tea_matcha,/static/media/food/tea_matcha.jpg
サンマルクカフェ,アイスカフェラテ,coffee,/static/media/food/coffee.jpg
サンマルクカフェ,アイスロイヤルミルクティー,tea_matcha,/static/media/food/tea_matcha.jpg
サンマルクカフェ,アイスベルギーチョコココア,cocoa_drink,/static/media/food/cocoa_drink.jpg
サンマルクカフェ,アイスほうじ茶ラテ,coffee,/static/media/food/coffee.jpg
サンマルクカフェ,アイス抹茶ラテ,coffee,/static/media/food/coffee.jpg
サンマルクカフェ,アイスキャラメルマキアート,icecream_parfait,/static/media/food/icecream_parfait.jpg
サンマルクカフェ,アップル100%ジュース,juice_beverage,/static/media/food/juice_beverage.jpg
サンマルクカフェ,アイスゆず茶,tea_matcha,/static/media/food/tea_matcha.jpg
サンマルクカフェ,昭和レトロクリームソーダ,juice_beverage,/static/media/food/juice_beverage.jpg
サンマルクカフェ,黒糖わらびもちロイヤルミルクティー,tea_matcha,/static/media/food/tea_matcha.jpg
サンマルクカフェ,ゆずレモンソーダ,juice_beverage,/static/media/food/juice_beverage.jpg
サンマルクカフェ,大阪ミックスジュース,juice_beverage,/static/media/food/juice_beverage.jpg
サンマルクカフェ,練乳いちごバナナスムージー,smoothie,/static/media/food/smoothie.jpg
サンマルクカフェ,サンマルクホットサンド ハムチーズ,burger_classic,/static/media/food/burger_classic.jpg
サンマルクカフェ,サンマルクホットサンド BLT,burger_classic,/static/media/food/burger_classic.jpg
サンマルクカフェ,【期間限定】サンマルクホットサンド からあげ南蛮タルタルソース,karaage_chicken,/static/media/food/karaage_chicken.jpg
サンマルクカフェ,チョコケーキとバナナのチョコレートパフェ,icecream_parfait,/static/media/food/icecream_parfait.jpg
サンマルクカフェ,クリームあんみつ,anmitsu,/static/media/food/anmitsu.jpg
サンマルクカフェ,自家製コーヒーゼリーパフェ,icecream_parfait,/static/media/food/icecream_parfait.jpg
サンマルクカフェ,デニブラン キャラメルナッツ,nuts_snack,/static/media/food/nuts_snack.png
サンマルクカフェ,デニブラン チョコバナナ,chocolate,/static/media/food/chocolate.jpg
サンマルクカフェ,キッズセット,teishoku,/static/media/food/teishoku.jpg
サンマルクカフェ,塩麴鶏とアスパラのバター醤油パスタ​,pasta,/static/media/food/pasta.jpg
サンマルクカフェ,香ばしベーコンのカルボナーラ​,pasta,/static/media/food/pasta.jpg
サンマルクカフェ,紅ずわい蟹と海老の贅沢トマトクリームパスタ,pasta,/static/media/food/pasta.jpg
サンマルクカフェ,塩麴鶏とアスパラのバター醤油パスタ​セット,teishoku,/static/media/food/teishoku.jpg
サンマルクカフェ,香ばしベーコンのカルボナーラ​セット,teishoku,/static/media/food/teishoku.jpg
サンマルクカフェ,紅ずわい蟹と海老の贅沢トマトクリームパスタセット,teishoku,/static/media/food/teishoku.jpg
サンマルクカフェ,ゆず茶 500g,tea_matcha,/static/media/food/tea_matcha.jpg
サンマルクカフェ,ビスピー ピーナッツ,nuts_snack,/static/media/food/nuts_snack.png
サンマルクカフェ,ビスピー かぼちゃの種,,(tile)
サンマルクカフェ,はちみつそらまめ,,(tile)
サンマルクカフェ,米粉のバームクーヘン,,(tile)
サンマルクカフェ,チョコクロ,chocolate,/static/media/food/chocolate.jpg
サンマルクカフェ,プレミアムチョコクロ ダマンド,chocolate,/static/media/food/chocolate.jpg
サンマルクカフェ,じゃがバタデニッシュ,,(tile)
サンマルクカフェ,目玉焼きデニッシュ,tamago_egg,/static/media/food/tamago_egg.jpg
サンマルクカフェ,フレンチトースト メープルソース添え,toast_breakfast,/static/media/food/toast_breakfast.jpg
サンマルクカフェ,バジル香るベーコンピザトースト,toast_breakfast,/static/media/food/toast_breakfast.jpg
サンマルクカフェ,THE クロワッサン,toast_breakfast,/static/media/food/toast_breakfast.jpg
サンマルクカフェ,THE ホットドッグ,hotdog,/static/media/food/hotdog.jpg
サンマルクカフェ,THE ホットドッグ チリ,hotdog,/static/media/food/hotdog.jpg
サンマルクカフェ,バターデニッシュ,,(tile)
サンマルクカフェ,チョコクロBOX,chocolate,/static/media/food/chocolate.jpg
サンマルクカフェ,たっぷりタマゴサンド,burger_classic,/static/media/food/burger_classic.jpg
サンマルクカフェ,【期間限定】エビアボカド&フレッシュ野菜のコンビサンド​,burger_classic,/static/media/food/burger_classic.jpg
サンマルクカフェ,プレミアム濃密抹茶チョコクロ,chocolate,/static/media/food/chocolate.jpg
サンマルクカフェ,サンマルクホットサンド からあげ南蛮タルタルソース​,burger_classic,/static/media/food/burger_classic.jpg
サンマルクカフェ,【期間限定】サンマルクホットサンド からあげ南蛮タルタルソース​,karaage_chicken,/static/media/food/karaage_chicken.jpg
ザ-リゴレット,ガンベロ・ロッソ GAMBERO ROSSO,,(tile)
ザ-リゴレット,熊本県産 塩アールスメロンとハモンセラーノ EARL'S MELON w/ Jamon Serrano (2PC),,(tile)
ザ-リゴレット,熊本県産 塩アールスメロンとハモンセラーノ EARL'S MELON w/ Jamon Serrano (+1PC),,(tile)
ザ-リゴレット,牛タンのカルパッチョ BEEF TONGUE CARPACCIO,carpaccio,/static/media/food/carpaccio.jpg
ザ-リゴレット,高知県宿毛産 フィッシュカルパッチョ FRESH FISH CARPACCIO,carpaccio,/static/media/food/carpaccio.jpg
ザ-リゴレット,本日の入荷生牡蠣 TOSAY'S FRESH OYSTERS,,(tile)
ザ-リゴレット,炭焼きとうもろこしの冷製ズッパ CHILLED CHARRED CORN ZUPPA,,(tile)
ザ-リゴレット,山形牛タルタル BEEF TARTAR w/ parmigiano (1PC),cake_dessert,/static/media/food/cake_dessert.png
ザ-リゴレット,フルーツトマトとハモンセラーノ FRUIT TOMATO & JAMON SERRANO (1PC),,(tile)
ザ-リゴレット,イベリコ豚のソブラサダと木苺のカンパーニュ COUNTRY BREAD w/ Iberico Sobrasada & Raspberries (1PC),,(tile)
ザ-リゴレット,釜揚げシラスとサルデーニャ産カラスミ WHITEBAIT & SARDINIAN BOTTARGA (1PC),udon,/static/media/food/udon.jpg
ザ-リゴレット,カンタブリア産アンチョビと水牛のモッツァレラ ANCHOVY & BUFFALO MOZZARELLA (1PC),,(tile)
ザ-リゴレット,タコのガリシア風 GALICIAN OCTOPUS (S),sushi_platter,/static/media/food/sushi_platter.jpg
ザ-リゴレット,タコのガリシア風 GALICIAN OCTOPUS (R),sushi_platter,/static/media/food/sushi_platter.jpg
ザ-リゴレット,ホワイトアスパラのジョスパーグリル JOSPER-GRILLED WHITE ASPARAGUS,,(tile)
ザ-リゴレット,フレッシュムール貝の白ワイン蒸し MUSSELS IN WHITE WINE,wine_drink,/static/media/food/wine_drink.jpg
ザ-リゴレット,熟成メークインのトリュフポテト TRUFFLE FRIES w/ Aged May Queen Potatoes,french_fries,/static/media/food/french_fries.jpg
ザ-リゴレット,鬼手長海老のジョスパーグリル JOSPER-GRILLED GIANT PRAWN,sushi_shrimp,
ザ-リゴレット,イタリア産 モッツァレラブッファラとフルーツトマトのカプレーゼ ITALIAN BUFFALO MOZZARELLA & FRUIT TOMATOES CAPRESE (S),,(tile)
ザ-リゴレット,イタリア産 モッツァレラブッファラとフルーツトマトのカプレーゼ ITALIAN BUFFALO MOZZARELLA & FRUIT TOMATOES CAPRESE (R),,(tile)
ザ-リゴレット,しし唐辛子のソテー バスクソルト SAUTEED SWEET PEPPERS w/ Basque Salt,,(tile)
ザ-リゴレット,カポナータ CAPONATA,,(tile)
ザ-リゴレット,青木農園ズッキーニのクリスピーフリット CRISPY FRIED ZUCCHINI w/ Pecorino Cheese,,(tile)
ザ-リゴレット,チーズトルティージャ レモンアイオリ CHEESE TORTILLA w/ Lemon Aioli,tea_matcha,/static/media/food/tea_matcha.jpg
ザ-リゴレット,イカ墨のアランチーニ SQUID INK ARANCINI,teishoku,/static/media/food/teishoku.jpg
ザ-リゴレット,アンチョビブロッコリーのプランチャ BROCCOLI PLANCHA w/ Anchovy,teishoku,/static/media/food/teishoku.jpg
ザ-リゴレット,海老のアヒージョ SHRIMP AJILLO (S),ajillo,/static/media/food/ajillo.jpg
ザ-リゴレット,海老のアヒージョ SHRIMP AJILLO (R),ajillo,/static/media/food/ajillo.jpg
ザ-リゴレット,メランザーネ・パルミジャーナ MELANZANE PARMIGIANA,,(tile)
ザ-リゴレット,"徳島県産 天恵茸のガーリックソテー GARLIC SAUTEED ""TENKEI-DAKE"" MUSHROOMS",,(tile)
ザ-リゴレット,イカのフリット FRIED CALAMARI,,(tile)
ザ-リゴレット,スパイシーチキンウィング SPICY CHICKEN WINGS (S),karaage_chicken,/static/media/food/karaage_chicken.jpg
ザ-リゴレット,スパイシーチキンウィング SPICY CHICKEN WINGS (R),karaage_chicken,/static/media/food/karaage_chicken.jpg
ザ-リゴレット,スパイシーチキンウィング SPICY CHICKEN WINGS (L),karaage_chicken,/static/media/food/karaage_chicken.jpg
ザ-リゴレット,ブラウンマッシュルームとペコリーノ・ロマーノのルッコラサラダ RUCOLA SALAD w/ Brown Mushrooms & Pecorino Romano (S),salad_green,
ザ-リゴレット,ブラウンマッシュルームとペコリーノ・ロマーノのルッコラサラダ RUCOLA SALAD w/ Brown Mushrooms & Pecorino Romano (L),salad_green,
ザ-リゴレット,自家製ローストビーフ ルッコラとパルミジャーノ HOMEMADE ROASTED BEEF w/ Rucola and Parmigiano (S),roast_beef,/static/media/food/roast_beef.jpg
ザ-リゴレット,自家製ローストビーフ ルッコラとパルミジャーノ HOMEMADE ROASTED BEEF w/ Rucola and Parmigiano (L),roast_beef,/static/media/food/roast_beef.jpg
ザ-リゴレット,洗いたてベーカリーのこだわりパン SHIBUICHI BREAD (Plain or Garlic),,(tile)
ザ-リゴレット,自家製ピクルス PICKLES,,(tile)
ザ-リゴレット,イタリア産オリーブ OLIVES,olive,/static/media/food/olive.jpg
ザ-リゴレット,シャルキトリー・プラッター CHARCUTERIE PLATTER (S),coffee,/static/media/food/coffee.jpg
ザ-リゴレット,シャルキトリー・プラッター CHARCUTERIE PLATTER (L),coffee,/static/media/food/coffee.jpg
ザ-リゴレット,18ヶ月熟成ハモンセラーノ 18 MONTHS AGED JAMON SERRANO (S),,(tile)
ザ-リゴレット,18ヶ月熟成ハモンセラーノ 18 MONTHS AGED JAMON SERRANO (L),,(tile)
ザ-リゴレット,自家製パテ・ド・カンパーニュ HOMEMADE PATE DE CAMPAGNE,,(tile)
ザ-リゴレット,自家製プロシュート・コット HOMEMADE PROSCIUTTO COTTO w/ Tonnato Sauce Horseradish (S),prosciutto,
ザ-リゴレット,自家製プロシュート・コット HOMEMADE PROSCIUTTO COTTO w/ Tonnato Sauce Horseradish (L),prosciutto,
ザ-リゴレット,自家製ローストビーフ HOMEMADE ROASTED BEEF w/ Rucola and Parmigiano (S),roast_beef,/static/media/food/roast_beef.jpg
ザ-リゴレット,自家製ローストビーフ HOMEMADE ROASTED BEEF w/ Rucola and Parmigiano (L),roast_beef,/static/media/food/roast_beef.jpg
ザ-リゴレット,シェフ厳選！チーズプラッター CHEESE PLATTER,cheese_plate,
ザ-リゴレット,チキンのシーザーサラダ CHICKEN CAESAR SALAD (S),salad_green,
ザ-リゴレット,チキンのシーザーサラダ CHICKEN CAESAR SALAD (L),salad_green,
ザ-リゴレット,燻製メカジキとオレンジのグリーンサラダ SMOKED SWORDFISH & ORANGE SALAD (S),salad_green,
ザ-リゴレット,燻製メカジキとオレンジのグリーンサラダ SMOKED SWORDFISH & ORANGE SALAD (L),salad_green,
ザ-リゴレット,オーストラリア産 ブラックアンガスの肩ロース ペッパークリームソース BEEF: CHUCK ROLL w/ Pepper Cream Sauce (200g),yakiniku_steak,/static/media/food/yakiniku_steak.jpg
ザ-リゴレット,オーストラリア産 ブラックアンガスの肩ロース ペッパークリームソース BEEF: CHUCK ROLL w/ Pepper Cream Sauce (100g),yakiniku_steak,/static/media/food/yakiniku_steak.jpg
ザ-リゴレット,岩手県産 プラチナポークのジョスパーグリル PORK: GRILLED PORK (200g),tonkatsu_pork,/static/media/food/tonkatsu_pork.jpg
ザ-リゴレット,京都丹波黒地鶏 柚子アマリージョソース CHICKEN: ROASTED CHICKEN,,(tile)
ザ-リゴレット,オーストラリア産・ラムチョップ ハーブバターソース LAMB: GRILLED LAMB CHOP (1PC),,(tile)
ザ-リゴレット,ロックデュアートサーモンのジョスパーグリル FISH: LOCH DUART SALMON w/ chipotle salsa,sushi_salmon,/static/media/food/sushi_salmon.jpg
ザ-リゴレット,認定アンガスビーフ リブアイロール CAB PRIME RIBEYE ROLL (300g),steak_plate,/static/media/food/steak_plate.jpg
ザ-リゴレット,認定アンガスビーフ ハラミ CAB PRIME SKIRT STEAK (150g),steak_plate,/static/media/food/steak_plate.jpg
ザ-リゴレット,テンダーロイン トリュフマディラソース WAGYU BEEF: TENDER LOIN (200g),,(tile)
ザ-リゴレット,サイドマッスル マッシュポテト付き WAGYU BEEF: SIDE MUSSLE w/ Mashed Potato (200g),french_fries,/static/media/food/french_fries.jpg
ザ-リゴレット,ローストガーリック ROASTED GARLIC,yakiniku_steak,/static/media/food/yakiniku_steak.jpg
ザ-リゴレット,チーズマッシュポテト CHEESE MASHED POTATO,french_fries,/static/media/food/french_fries.jpg
ザ-リゴレット,クリームド・スピナッチ CREAMED SPINACH,,(tile)
ザ-リゴレット,和牛のビスマルク サマートリュフ WAGYU BISMARCK w/ Summer Truffle,,(tile)
ザ-リゴレット,ガンベロ・リモーネ GAMBERO E LIMONE,,(tile)
ザ-リゴレット,クアトロ・フォルマッジ QUATTRO FORMAGGI,,(tile)
ザ-リゴレット,ハモンセラーノ・ルーコラ JAMON SERRANO & ARUGULA,,(tile)
ザ-リゴレット,マルゲリータDOC MARGHERITA DOC,pizza,/static/media/food/pizza.jpg
ザ-リゴレット,マリナーラ MARINARA,,(tile)
ザ-リゴレット,アンチョビ・ペコリーノ ANCHOVY & PECORINO,,(tile)
ザ-リゴレット,ディアボラ・ンドゥィヤ DIAVOLA,,(tile)
ザ-リゴレット,名物！渋リゴバーガー フレンチフライ付き SHIBURIGO BURGER,burger_classic,/static/media/food/burger_classic.jpg
ザ-リゴレット,チーズバーガー フレンチフライ付き CHEESE BURGER,burger_cheese,/static/media/food/burger_cheese.jpg
ザ-リゴレット,アボカドチーズバーガー フレンチフライ付き AVOCADO CHEESE BURGER,burger_cheese,/static/media/food/burger_cheese.jpg
ザ-リゴレット,スパイシーBBQバーガー フレンチフライ付き SPICY BBQ BURGER,burger_classic,/static/media/food/burger_classic.jpg
ザ-リゴレット,トリュフクリームソースのマファルディーネ MAFALDINE w/ Truffle Cream Sauce,,(tile)
ザ-リゴレット,浅利とズッキーニのビアンコ CLAMS & ZUCCHINI BIANCO,,(tile)
ザ-リゴレット,シラスと青唐辛子のジェノベーゼ WHITEBAIT & GREEN CHILI GENOVESE,,(tile)
ザ-リゴレット,"姫甘海老とチェリートマトのアラビアータ ARRABBIATA w/ ""Hime-Amaebi"" Shrimp",sushi_shrimp,
ザ-リゴレット,蟹のトマトクリームソース TOMATO CREAM SAUCE w/ Crab,,(tile)
ザ-リゴレット,ンドゥィヤとブッファラのチーズソース 'NDUJA & BURRATA CHEESE SAUCE,cheese_plate,
ザ-リゴレット,ゴロッと手切りした牛肉の ザ・ボロネーゼ THE BOLOGNESE,pasta,/static/media/food/pasta.jpg
ザ-リゴレット,鬼手長海老のペスカトーレ GIANT RIVER PRAWN PESCATORE,sushi_shrimp,
ザ-リゴレット,イカのバターソース サルデーニャ産カラスミがけ BUTTER SAUCE w/ Squid & Bottarga,,(tile)
ザ-リゴレット,プッタネスカビアンカ イカ墨のラビオリ SQUID INK RAVIOLI PUTTANESCA BIANCA,,(tile)
ザ-リゴレット,スモークサーモンのラビオリ レモンソース LEMON CREAM SAUCE w/ Smoked Salmon,sushi_salmon,/static/media/food/sushi_salmon.jpg
ザ-リゴレット,ザ・リゴレット・パエージャ THE RIGOLETTO PAELLA,paella,/static/media/food/paella.jpg
ザ-リゴレット,イカ墨のパエージャ SQUID INK PAELLA,paella,/static/media/food/paella.jpg
ジョイフル,ツインハンバーグ,yakiniku_steak,/static/media/food/yakiniku_steak.jpg
ジョイフル,肉旨！厚切り豚肩ロースステーキにんにく醤油,steak_plate,/static/media/food/steak_plate.jpg
ジョイフル,5種チーズのとろ～りチーズインハンバーグ,yakiniku_steak,/static/media/food/yakiniku_steak.jpg
ジョイフル,チーズハンバーグ,yakiniku_steak,/static/media/food/yakiniku_steak.jpg
ジョイフル,グランチーズハンバーグ,yakiniku_steak,/static/media/food/yakiniku_steak.jpg
ジョイフル,ペッパーハンバーグ,yakiniku_steak,/static/media/food/yakiniku_steak.jpg
ジョイフル,グランペッパーハンバーグ,yakiniku_steak,/static/media/food/yakiniku_steak.jpg
ジョイフル,和風ハンバーグ,yakiniku_steak,/static/media/food/yakiniku_steak.jpg
ジョイフル,どど～ん！っと大きなミックスグリル,,(tile)
ジョイフル,チキンステーキ＆ハンバーグ,yakiniku_steak,/static/media/food/yakiniku_steak.jpg
ジョイフル,チーズたっぷりチキンイタリアンステーキ,steak_plate,/static/media/food/steak_plate.jpg
ジョイフル,プライムサイコロペッパーステーキ,steak_plate,/static/media/food/steak_plate.jpg
ジョイフル,ミックスグリル,,(tile)
ジョイフル,チーズハンバーグ＆プライムサイコロステーキ,steak_plate,/static/media/food/steak_plate.jpg
ジョイフル,ひとくちチキンステーキにんにく醤油,steak_plate,/static/media/food/steak_plate.jpg
ジョイフル,メガ盛りひとくちチキンステーキにんにく醤油,steak_plate,/static/media/food/steak_plate.jpg
ジョイフル,ジョイフル塩唐揚げ定食,teishoku,/static/media/food/teishoku.jpg
ジョイフル,倍盛りジョイフル塩唐揚げ定食,teishoku,/static/media/food/teishoku.jpg
ジョイフル,たっぷりおろしの唐揚げ定食,teishoku,/static/media/food/teishoku.jpg
ジョイフル,ロースかつの特選バラエティフライ定食,teishoku,/static/media/food/teishoku.jpg
ジョイフル,蒸し鶏のゴマだれサラダと釜揚げしらす丼,donburi_rice,/static/media/food/donburi_rice.jpg
ジョイフル,野菜たっぷりチキンの竜田揚げと釜揚げしらす丼,donburi_rice,/static/media/food/donburi_rice.jpg
ジョイフル,彩り野菜と若鶏の黒酢あんかけ定食,teishoku,/static/media/food/teishoku.jpg
ジョイフル,出汁香るロースかつとじ定食,teishoku,/static/media/food/teishoku.jpg
ジョイフル,肉増し！牛焼肉とおろし唐揚げ定食,teishoku,/static/media/food/teishoku.jpg
ジョイフル,牛焼肉とおろし唐揚げ定食,teishoku,/static/media/food/teishoku.jpg
ジョイフル,焼き鮭と椎茸の鰹節香る雑炊,sushi_salmon,/static/media/food/sushi_salmon.jpg
ジョイフル,すたみな豚丼,gyudon_beef,/static/media/food/gyudon_beef.jpg
ジョイフル,ねぎトロ丼,donburi_rice,/static/media/food/donburi_rice.jpg
ジョイフル,特製天重（えび、ナス、かぼちゃ、とり天）,sushi_shrimp,
ジョイフル,特製天ぷらうどん（えび、ナス、かぼちゃ）,udon,/static/media/food/udon.jpg
ジョイフル,野菜かき揚げのぶっかけおろしそばと釜揚げしらす丼,donburi_rice,/static/media/food/donburi_rice.jpg
ジョイフル,野菜かき揚げのぶっかけおろしうどんと釜揚げしらす丼,donburi_rice,/static/media/food/donburi_rice.jpg
ジョイフル,カラダはぐくむ！薄切りビーフとミックスビーンズのパワーサラダ＆アサイーヨーグルト,salad_green,
ジョイフル,イタリアンモッツァレラチーズのカプレーゼサラダ,salad_green,
ジョイフル,大豆ミートとサラダ豆の農園タコライス,tacos,/static/media/food/tacos.jpg
ジョイフル,野菜とお豆がたっぷりグリルチキンのトマトスープセット,teishoku,/static/media/food/teishoku.jpg
ジョイフル,ブリのりゅうきゅう丼,donburi_rice,/static/media/food/donburi_rice.jpg
ジョイフル,大分名物ニラ豚定食,teishoku,/static/media/food/teishoku.jpg
ジョイフル,とり天定食,teishoku,/static/media/food/teishoku.jpg
ジョイフル,たっぷりタルタルソースのチキン南蛮定食,teishoku,/static/media/food/teishoku.jpg
ジョイフル,野菜たっぷりちゃんぽん（単品）,,(tile)
ジョイフル,背脂たっぷり鉄鍋醤油ラーメンライス唐揚餃子セット,teishoku,/static/media/food/teishoku.jpg
ジョイフル,野菜たっぷりちゃんぽん ライス唐揚げ餃子セット,teishoku,/static/media/food/teishoku.jpg
ジョイフル,こだわり餃子（5個）,gyoza,
ジョイフル,大人のお子様ランチ,teishoku,/static/media/food/teishoku.jpg
ジョイフル,とろっと玉子のオムライス＆チーズハンバーグ,yakiniku_steak,/static/media/food/yakiniku_steak.jpg
ジョイフル,5種チーズインハンバーグの鉄板ボロネーゼ,pasta,/static/media/food/pasta.jpg
ジョイフル,大阪風あまからカレー（ロースかつ）,curry_rice,/static/media/food/curry_rice.jpg
ジョイフル,チキンドリア,doria,/static/media/food/doria.jpg
ジョイフル,4種チーズの芳醇ミートペンネグラタン（北海道産マスカルポーネ使用）,gratin,/static/media/food/gratin.jpg
ジョイフル,濃厚カルボナーラ,pasta,/static/media/food/pasta.jpg
ジョイフル,明太子をたっぷり使ったスパゲティ（食卓のやまや明太子使用）,pasta,/static/media/food/pasta.jpg
ジョイフル,ジョイフル薪窯ベーコンピザ,pizza,/static/media/food/pizza.jpg
ジョイフル,ポテトフライ,fry_seafood,/static/media/food/fry_seafood.jpg
ジョイフル,大盛りポテトフライ,fry_seafood,/static/media/food/fry_seafood.jpg
ジョイフル,メガ盛りポテトフライ,fry_seafood,/static/media/food/fry_seafood.jpg
ジョイフル,ジョイフル塩唐揚げ（単品）,karaage_chicken,/static/media/food/karaage_chicken.jpg
ジョイフル,ごぼう唐揚げ,karaage_chicken,/static/media/food/karaage_chicken.jpg
ジョイフル,唐揚げ＆ソーセージ,sausage,/static/media/food/sausage.jpg
ジョイフル,なんこつ唐揚げ,karaage_chicken,/static/media/food/karaage_chicken.jpg
ジョイフル,ソーセージ（3本）,sausage,/static/media/food/sausage.jpg
ジョイフル,カラダはぐくむ！薄切りビーフとミックスビーンズのパワーサラダ,salad_green,
ジョイフル,彩りサラダ,salad_green,
ジョイフル,グリルチキンの冷製,karaage_chicken,/static/media/food/karaage_chicken.jpg
ジョイフル,サウザンサラダ,salad_green,
ジョイフル,（月）豚肉のにんにく醤油＆唐揚げ,karaage_chicken,/static/media/food/karaage_chicken.jpg
ジョイフル,（火）ハンバーグ＆ポテトコロッケ,korokke,/static/media/food/korokke.jpg
ジョイフル,（水）ガーリックチキンステーキ＆ポテトコロッケ,korokke,/static/media/food/korokke.jpg
ジョイフル,（木）ハンバーグ＆白身魚フライ,fry_seafood,/static/media/food/fry_seafood.jpg
ジョイフル,（金）ハンバーグ＆唐揚げ,karaage_chicken,/static/media/food/karaage_chicken.jpg
ジョイフル,（土）てりやきペッパーチキンステーキ＆白身魚フライ,fry_seafood,/static/media/food/fry_seafood.jpg
ジョイフル,（月）ベーコンチーズハンバーグ＆蒸し鶏サラダ,salad_green,
ジョイフル,（火）白身魚フライとひとくちチキン＆蒸し鶏サラダ,salad_green,
ジョイフル,（水）和風ハンバーグ＆蒸し鶏サラダ,salad_green,
ジョイフル,（木）和風チキンステーキとポテトコロッケ＆蒸し鶏サラダ,salad_green,
ジョイフル,（金）焼きしゃぶとポテトコロッケ＆蒸し鶏サラダ,salad_green,
ジョイフル,（土）おろしポン酢ハンバーグ＆蒸し鶏サラダ,salad_green,
ジョイフル,グランてりやきハンバーグ＆唐揚げコロッケ定食,teishoku,/static/media/food/teishoku.jpg
ジョイフル,すたみなチキン南蛮丼（小うどん付き）,donburi_rice,/static/media/food/donburi_rice.jpg
ジョイフル,チーズインハンバーグ&プライムサイコロステーキ,steak_plate,/static/media/food/steak_plate.jpg
ジョイフル,チキンステーキ&ハンバーグ,yakiniku_steak,/static/media/food/yakiniku_steak.jpg
ジョイフル,どど〜ん！っと大きなミックスグリル,,(tile)
ジョイフル,ランチアイス（バニラ・チョコ）,icecream_parfait,/static/media/food/icecream_parfait.jpg
ジョイフル,ベーコンモーニング,toast_breakfast,/static/media/food/toast_breakfast.jpg
ジョイフル,釜揚げしらすの玉子雑炊朝食,tamago_egg,/static/media/food/tamago_egg.jpg
ジョイフル,目玉焼き朝食,tamago_egg,/static/media/food/tamago_egg.jpg
ジョイフル,目玉焼き納豆朝食,natto,/static/media/food/natto.jpg
ジョイフル,明太子と焼き鮭朝食（食卓のやまや明太子使用）,sushi_salmon,/static/media/food/sushi_salmon.jpg
ジョイフル,豚汁定食,teishoku,/static/media/food/teishoku.jpg
ジョイフル,エッグプレート,,(tile)
ジョイフル,ソーセージエッグハンバーグプレート,yakiniku_steak,/static/media/food/yakiniku_steak.jpg
ジョイフル,幕の内定食,teishoku,/static/media/food/teishoku.jpg
ジョイフル,七種の和定食,teishoku,/static/media/food/teishoku.jpg
ジョイフル,Joyチーズインハンバーグセット,teishoku,/static/media/food/teishoku.jpg
ジョイフル,Joy濃厚カルボナーラ,pasta,/static/media/food/pasta.jpg
ジョイフル,キッズミートスパゲティプレート,,(tile)
ジョイフル,キッズハンバーグプレート,yakiniku_steak,/static/media/food/yakiniku_steak.jpg
ジョイフル,キッズカレープレート,curry_rice,/static/media/food/curry_rice.jpg
ジョイフル,キッズうどんプレート,udon,/static/media/food/udon.jpg
ジョイフル,キッズうどん,udon,/static/media/food/udon.jpg
ジョイフル,キッズドリアプレート,doria,/static/media/food/doria.jpg
ジョイフル,キッズドリア,doria,/static/media/food/doria.jpg
ジョイフル,キッズポテトフライ,fry_seafood,/static/media/food/fry_seafood.jpg
ジョイフル,キッズアイス（バニラ・チョコレート）,icecream_parfait,/static/media/food/icecream_parfait.jpg
ジョイフル,ごろっと白桃とベリーのフロマージュパフェ,icecream_parfait,/static/media/food/icecream_parfait.jpg
ジョイフル,魅惑のクレープ 白桃と3種ベリー,crepe_sweet,/static/media/food/crepe_sweet.jpg
ジョイフル,大人の口溶けティラミス,cake_dessert,/static/media/food/cake_dessert.png
ジョイフル,ハーゲンダッツストロベリーとレアチーズのご褒美パフェ,icecream_parfait,/static/media/food/icecream_parfait.jpg
ジョイフル,ハーゲンダッツストロベリーとカスピ海ヨーグルトTMのミニパフェ,icecream_parfait,/static/media/food/icecream_parfait.jpg
ジョイフル,濃厚ショコラとベリーの窯焼きパンケーキ,pancakes,
ジョイフル,あんバターのふわとろフロマージュパンケーキ,pancakes,
ジョイフル,至福のチョコレートパフェ,icecream_parfait,/static/media/food/icecream_parfait.jpg
ジョイフル,オセロアイス,icecream_parfait,/static/media/food/icecream_parfait.jpg
ジョイフル,珈琲ゼリー,coffee,/static/media/food/coffee.jpg
ジョイフル,JillさんのN.Y.チーズケーキ,cake_dessert,/static/media/food/cake_dessert.png
ジョイフル,クラシックガトーショコラ,chocolate,/static/media/food/chocolate.jpg
ジョイフル,生ビール（大）,beer_alcohol,/static/media/food/beer_alcohol.jpg
ジョイフル,金麦,,(tile)
ジョイフル,レモンサワー,chuhai,/static/media/food/chuhai.jpg
ジョイフル,角ハイボール,whisky,/static/media/food/whisky.jpg
ジョイフル,焼酎 黒霧島（ロック/お湯割り）,shochu,/static/media/food/shochu.jpg
ジョイフル,焼酎 いいちこ（ロック/お湯割り）,shochu,/static/media/food/shochu.jpg
ジョイフル,日本酒 燗酒 白鶴まる,sake_drink,/static/media/food/sake_drink.jpg
ジョイフル,日本酒 冷酒 上撰白鶴,sake_drink,/static/media/food/sake_drink.jpg
ジョイフル,ドリンクバージョイカフェ,,(tile)
ジョイフル,ドリンクバージョイカフェ＋スープバーセット,teishoku,/static/media/food/teishoku.jpg
ジョイフル,スープバー,soup_miso,/static/media/food/soup_miso.jpg
ジョイフル,キッズジョイカフェ,,(tile)
ジョイフル,オールフリー,,(tile)
ジョイフル,うなぎ二倍盛り重,unagi,/static/media/food/unagi.jpg
ジョイフル,うな丼,unagi,/static/media/food/unagi.jpg
ジョイフル,ボリュームたっぷりトリプルハンバーグ弁当,bento,/static/media/food/bento.jpg
ジョイフル,旨辛ビビンバボウル,bibimbap,/static/media/food/bibimbap.jpg
ジョイフル,ミックスグリル弁当,bento,/static/media/food/bento.jpg
ジョイフル,5種チーズのとろ～りチーズインハンバーグ弁当,bento,/static/media/food/bento.jpg
ジョイフル,チーズハンバーグ弁当,bento,/static/media/food/bento.jpg
ジョイフル,グランチーズハンバーグ弁当,bento,/static/media/food/bento.jpg
ジョイフル,チーズハンバーグ＆プライムサイコロステーキ弁当,bento,/static/media/food/bento.jpg
ジョイフル,グランペッパーハンバーグ弁当,bento,/static/media/food/bento.jpg
ジョイフル,ペッパーハンバーグ弁当,bento,/static/media/food/bento.jpg
ジョイフル,どど～ん！っと大きなミックスグリル弁当,bento,/static/media/food/bento.jpg
ジョイフル,ツインハンバーグ弁当,bento,/static/media/food/bento.jpg
ジョイフル,チキンステーキ＆ハンバーグ弁当,bento,/static/media/food/bento.jpg
ジョイフル,ひとくちチキンステーキにんにく醤油弁当,bento,/static/media/food/bento.jpg
ジョイフル,プライムサイコロペッパーステーキ弁当,bento,/static/media/food/bento.jpg
ジョイフル,チーズたっぷりチキンイタリアンステーキ弁当,bento,/static/media/food/bento.jpg
ジョイフル,肉増し！牛焼肉とおろし唐揚げ弁当,bento,/static/media/food/bento.jpg
ジョイフル,ロースかつの特選バラエティフライ弁当,bento,/static/media/food/bento.jpg
ジョイフル,彩り野菜と若鶏の黒酢あんかけ弁当,bento,/static/media/food/bento.jpg
ジョイフル,幕の内弁当,bento,/static/media/food/bento.jpg
ジョイフル,牛焼肉とおろし唐揚げ弁当,bento,/static/media/food/bento.jpg
ジョイフル,たっぷりおろしの唐揚げ弁当,bento,/static/media/food/bento.jpg
ジョイフル,ジョイフル塩唐揚げ弁当,bento,/static/media/food/bento.jpg
ジョイフル,大分名物ニラ豚弁当,bento,/static/media/food/bento.jpg
ジョイフル,とり天弁当,bento,/static/media/food/bento.jpg
ジョイフル,たっぷりタルタルソースのチキン南蛮弁当,bento,/static/media/food/bento.jpg
ジョイフル,野菜かき揚げのぶっかけおろしそば,soba,/static/media/food/soba.jpg
ジョイフル,野菜かき揚げのぶっかけおろしうどん,udon,/static/media/food/udon.jpg
ジョイフル,すたみな豚丼（生たまご付）,gyudon_beef,/static/media/food/gyudon_beef.jpg
ジョイフル,カフェプレートランチ（月曜日）ベーコンチーズハンバーグ＆蒸し鶏サラダ,teishoku,/static/media/food/teishoku.jpg
ジョイフル,カフェプレートランチ（火曜日）白身魚フライとひとくちチキン＆蒸し鶏サラダ,teishoku,/static/media/food/teishoku.jpg
ジョイフル,カフェプレートランチ（水曜日）和風ハンバーグ＆蒸し鶏サラダ,teishoku,/static/media/food/teishoku.jpg
ジョイフル,カフェプレートランチ（木曜日）和風チキンステーキとポテトコロッケ＆蒸し鶏サラダ,teishoku,/static/media/food/teishoku.jpg
ジョイフル,カフェプレートランチ（金曜日）焼きしゃぶとポテトコロッケ＆蒸し鶏サラダ,teishoku,/static/media/food/teishoku.jpg
ジョイフル,カフェプレートランチ（土曜日）おろしポン酢ハンバーグ＆蒸し鶏サラダ,teishoku,/static/media/food/teishoku.jpg
ジョイフル,日替りランチ（月曜日）豚肉のにんにく醤油＆唐揚げ弁当,teishoku,/static/media/food/teishoku.jpg
ジョイフル,日替りランチ（火曜日）ハンバーグ＆ポテトコロッケ弁当,teishoku,/static/media/food/teishoku.jpg
ジョイフル,日替りランチ（水曜日）ガーリックチキンステーキ＆ポテトコロッケ弁当,teishoku,/static/media/food/teishoku.jpg
ジョイフル,日替りランチ（木曜日）ハンバーグ＆白身魚フライ弁当,teishoku,/static/media/food/teishoku.jpg
ジョイフル,日替りランチ（金曜日）ハンバーグ＆唐揚げ弁当,teishoku,/static/media/food/teishoku.jpg
ジョイフル,日替りランチ（土曜日）てりやきペッパーチキンステーキ＆白身魚フライ弁当,teishoku,/static/media/food/teishoku.jpg
ジョイフル,オードブルプレートA,,(tile)
ジョイフル,オードブルプレートB,,(tile)
ジョイフル,キッズドリア弁当,bento,/static/media/food/bento.jpg
ジョイフル,キッズハンバーグ弁当,bento,/static/media/food/bento.jpg
ジョイフル,キッズカレー弁当,bento,/static/media/food/bento.jpg
ジョイフル,こだわり餃子,gyoza,
ジョイフル,ジョイフル塩唐揚げ（10個）,karaage_chicken,/static/media/food/karaage_chicken.jpg
ジョイフル,タルタルソース,,(tile)
ジョイフル,ライス単品,gohan_rice,
ジョイフル,ケーキセット 2個,teishoku,/static/media/food/teishoku.jpg
ジョイフル,クラシックガトーショコラ（ベルギー産チョコレート使用）,chocolate,/static/media/food/chocolate.jpg
ジョイフル,コールドドリンク,,(tile)
ジョイフル,ボリュームたっぷりトリプルハンバーグ,yakiniku_steak,/static/media/food/yakiniku_steak.jpg
ジョイフル,うなぎ二倍盛り重（お吸い物・漬物付）,unagi,/static/media/food/unagi.jpg
ジョイフル,うな丼（お吸い物・漬物付）,unagi,/static/media/food/unagi.jpg
ジョイフル,蒸し鶏の盛岡冷麺とコチジャン焼肉丼,gyudon_beef,/static/media/food/gyudon_beef.jpg
ジョイフル,フレッシュブルーベリーのレアチーズパフェ,icecream_parfait,/static/media/food/icecream_parfait.jpg
ジョイフル,フレッシュブルーベリーのミニパフェ,icecream_parfait,/static/media/food/icecream_parfait.jpg
ジョイフル,オセロアイスと珈琲ゼリー～ほんのり甘いミルクシロップアフォガード～,milk_drink,/static/media/food/milk_drink.jpg
ジョイフル,かき氷 はじけるクリームソーダ 単品（小サイズ）,juice_beverage,/static/media/food/juice_beverage.jpg
ジョイフル,かき氷みるく 甘酸っぱい巨峰 ブルーベリーソーストッピング 単品（小サイズ）,,(tile)
ジョイフル,かき氷みるく 山梨産白桃 マンゴーソーストッピング 単品（小サイズ）,,(tile)
ジョイフル,かき氷みるく いちご 単品（小サイズ）,,(tile)
ジョイフル,かき氷みるく 抹茶あずき 単品（小サイズ）,tea_matcha,/static/media/food/tea_matcha.jpg
ジョイフル,バニラアイストッピング,icecream_parfait,/static/media/food/icecream_parfait.jpg
ジョイフル,ミルクシロップ増量,milk_drink,/static/media/food/milk_drink.jpg
ジョナサン,〈稲庭うどん〉山椒辣油香る、カレーな冷やし豆乳担々うどん+旨塩ねぎだれのから揚げ,udon,/static/media/food/udon.jpg
ジョナサン,盛岡冷麺 キムチ・コチュジャンつき＆選べるちいさなごはんセット,hiyashi_chuka,/static/media/food/hiyashi_chuka.jpg
ジョナサン,〈稲庭うどん〉山椒辣油香る、カレーな冷やし豆乳担々うどん,udon,/static/media/food/udon.jpg
ジョナサン,盛岡冷麺 キムチ・コチュジャンつき,hiyashi_chuka,/static/media/food/hiyashi_chuka.jpg
ジョナサン,アンガスビーフ100% 旨塩ねぎだれのハンバーグ膳（サラダつき）,salad_green,
ジョナサン,うな重（お吸い物・惣菜つき）,unagi,/static/media/food/unagi.jpg
ジョナサン,アンガスビーフ100% 旨塩ねぎだれのハンバーグ膳,yakiniku_steak,/static/media/food/yakiniku_steak.jpg
ジョナサン,うな重 ダブル（お吸い物・惣菜つき）,unagi,/static/media/food/unagi.jpg
ジョナサン,希少部位 みすじステーキ和風オニオンソース,steak_plate,/static/media/food/steak_plate.jpg
ジョナサン,希少部位 みすじステーキ醤油ガーリックソース,steak_plate,/static/media/food/steak_plate.jpg
ジョナサン,みすじステーキのガーリックピラフ+選べるアペタイザーセット(ドリンクバーつき),teishoku,/static/media/food/teishoku.jpg
ジョナサン,みすじステーキのガーリックピラフ肉倍盛り+選べるアペタイザーセット(ドリンクバーつき),teishoku,/static/media/food/teishoku.jpg
ジョナサン,みすじステーキのガーリックピラフ,chahan,/static/media/food/chahan.jpg
ジョナサン,みすじステーキのガーリックピラフ肉倍盛り,chahan,/static/media/food/chahan.jpg
ジョナサン,旨塩ねぎだれのから揚げ,karaage_chicken,/static/media/food/karaage_chicken.jpg
ジョナサン,焼きもろこしの冷製ポタージュ,soup_corn,
ジョナサン,焼きもろこしと小柱のポテトサラダ,salad_green,
ジョナサン,純氷ドルチェ”淡雪”苺みるくのショートケーキ氷,shortcake,/static/media/food/shortcake.jpg
ジョナサン,純氷ドルチェ”淡雪”西尾のお抹茶と十勝あずきのショートケーキ氷,shortcake,/static/media/food/shortcake.jpg
ジョナサン,純氷ドルチェ”淡雪” （ミニサイズ）苺みるくのショートケーキ氷,shortcake,/static/media/food/shortcake.jpg
ジョナサン,純氷ドルチェ”淡雪” （ミニサイズ）西尾のお抹茶と十勝あずきのショートケーキ氷,shortcake,/static/media/food/shortcake.jpg
ジョナサン,ハーゲンダッツとアールグレイのジョナパフェDX,icecream_parfait,/static/media/food/icecream_parfait.jpg
ジョナサン,ハーゲンダッツとアールグレイのジョナパフェ,icecream_parfait,/static/media/food/icecream_parfait.jpg
ジョナサン,ハーゲンダッツと自家製プリンのジョナサンデー,icecream_parfait,/static/media/food/icecream_parfait.jpg
ジョナサン,ハーゲンダッツとサクサクパイのミルフィーユ,donut,/static/media/food/donut.jpg
ジョナサン,ハーゲンダッツ・ノセテミターノ,,(tile)
ジョナサン,ハーゲンダッツとアールグレイのミニパルフェ,,(tile)
ジョナサン,ハーゲンダッツクッキー＆クリーム,cookie,/static/media/food/cookie.jpg
ジョナサン,混ぜ混ぜシェイク（いちご）,smoothie,/static/media/food/smoothie.jpg
ジョナサン,混ぜ混ぜシェイク（コーヒー）,smoothie,/static/media/food/smoothie.jpg
ジョナサン,やみつきミートのJonathan’sスープパスタ選べるアペタイザーセット(ドリンクバーつき),teishoku,/static/media/food/teishoku.jpg
ジョナサン,やみつきミートのJonathan’sスープパスタ,pasta,/static/media/food/pasta.jpg
ジョナサン,やみつきミートのJonathan’sスープパスタおすすめトッピング(粉チーズ・ホイップバター),pasta,/static/media/food/pasta.jpg
ジョナサン,トッピング,,(tile)
ジョナサン,チャウボナーラパスタ+選べるアペタイザーセット(ドリンクバーつき),teishoku,/static/media/food/teishoku.jpg
ジョナサン,濃厚ビスクスープパスタ選べるアペタイザーセット(ドリンクバーつき),teishoku,/static/media/food/teishoku.jpg
ジョナサン,チャウボナーラパスタおすすめトッピング(ほうれん草・コーン),pasta,/static/media/food/pasta.jpg
ジョナサン,濃厚ビスクスープパスタ,pasta,/static/media/food/pasta.jpg
ジョナサン,チャウボナーラパスタ,pasta,/static/media/food/pasta.jpg
ジョナサン,セット米粉入りパン,teishoku,/static/media/food/teishoku.jpg
ジョナサン,セットリゾット,risotto,/static/media/food/risotto.jpg
ジョナサン,クリーミー豆乳仕立ての麻辣湯スープパスタ選べるアペタイザーセット(ドリンクバーつき),teishoku,/static/media/food/teishoku.jpg
ジョナサン,クリーミー豆乳仕立ての麻辣湯スープパスタ,pasta,/static/media/food/pasta.jpg
ジョナサン,【追加】山椒ラー油,,(tile)
ジョナサン,炭火焼肉と彩り野菜の十三穀米美ビンバ（みそ汁・コチュジャンつき）,yakiniku_steak,/static/media/food/yakiniku_steak.jpg
ジョナサン,ちいさなパスタボロネーゼ,pasta,/static/media/food/pasta.jpg
ジョナサン,ちいさななすベーコンパスタ,pasta,/static/media/food/pasta.jpg
ジョナサン,ちいさなビーフライスカレー,curry_rice,/static/media/food/curry_rice.jpg
ジョナサン,ちいさなマルゲリータ,pizza,/static/media/food/pizza.jpg
ジョナサン,ちいさなビーフカレー（ルーのみ）,curry_rice,/static/media/food/curry_rice.jpg
ジョナサン,ちいさなマヨコーンピザ,pizza,/static/media/food/pizza.jpg
ジョナサン,ちいさな炭火焼肉ごはん,gohan_rice,
ジョナサン,ちいさなしらすおろしごはん,gohan_rice,
ジョナサン,ちいさなローストビーフごはん,gohan_rice,
ジョナサン,ちいさなおろし竜田チキン,karaage_chicken,/static/media/food/karaage_chicken.jpg
ジョナサン,ちいさな鶏野菜うどん,udon,/static/media/food/udon.jpg
ジョナサン,ちいさな海老のペンネグラタン,gratin,/static/media/food/gratin.jpg
ジョナサン,ジョナサンサラダ,salad_green,
ジョナサン,シャキシャキにんじんサラダ,salad_green,
ジョナサン,ローストビーフサラダ,salad_green,
ジョナサン,シーフードサラダ,salad_green,
ジョナサン,蒸し鶏キャベツサラダ,salad_green,
ジョナサン,揚げ餃子のトリコロール,gyoza,
ジョナサン,ローストビーフポテサラ,roast_beef,/static/media/food/roast_beef.jpg
ジョナサン,青豆と温泉卵のほっとサラダ,salad_green,
ジョナサン,サーモンマリネ,sushi_salmon,/static/media/food/sushi_salmon.jpg
ジョナサン,グリルソーセージ,sausage,/static/media/food/sausage.jpg
ジョナサン,若鶏のから揚げ＆サクッほろスコーン,karaage_chicken,/static/media/food/karaage_chicken.jpg
ジョナサン,ほうれん草とベーコンのソテー,bacon_dish,
ジョナサン,サクッほろスコーン,,(tile)
ジョナサン,オクラのオーブン焼き,,(tile)
ジョナサン,フライドポテト,french_fries,/static/media/food/french_fries.jpg
ジョナサン,フレンチフライ トリュフ塩仕立て,french_fries,/static/media/food/french_fries.jpg
ジョナサン,大盛りフライドポテト,french_fries,/static/media/food/french_fries.jpg
ジョナサン,若鶏のから揚げ,karaage_chicken,/static/media/food/karaage_chicken.jpg
ジョナサン,じゃがバター,,(tile)
ジョナサン,カラマリフリット,,(tile)
ジョナサン,アイダホポテト（たらこ）,french_fries,/static/media/food/french_fries.jpg
ジョナサン,フライドチキン 2ピース,karaage_chicken,/static/media/food/karaage_chicken.jpg
ジョナサン,フライドチキン 1ピース,karaage_chicken,/static/media/food/karaage_chicken.jpg
ジョナサン,モッツァレラトーストバター醤油ソース,toast_breakfast,/static/media/food/toast_breakfast.jpg
ジョナサン,おつまみカキフライ,fry_seafood,/static/media/food/fry_seafood.jpg
ジョナサン,メキシカンピラフ,chahan,/static/media/food/chahan.jpg
ジョナサン,ガーリックライス,gohan_rice,
ジョナサン,アンガスビーフ100％ステーキハンバーグデミグラスソース＆海老フライ,fry_seafood,/static/media/food/fry_seafood.jpg
ジョナサン,アンガスビーフ100％ステーキハンバーグダブルデミグラスソース,yakiniku_steak,/static/media/food/yakiniku_steak.jpg
ジョナサン,アンガスビーフ100％ステーキハンバーグデミグラスソース＆かにクリーミーコロッケ,korokke,/static/media/food/korokke.jpg
ジョナサン,アンガスビーフ100％ステーキハンバーグデミグラスソース,yakiniku_steak,/static/media/food/yakiniku_steak.jpg
ジョナサン,アンガスビーフ100％ステーキハンバーグダブル和風オニオンソース,yakiniku_steak,/static/media/food/yakiniku_steak.jpg
ジョナサン,アンガスビーフ100％ステーキハンバーグ和風ビネガーソース＆カキフライ,fry_seafood,/static/media/food/fry_seafood.jpg
ジョナサン,アンガスビーフ100％ステーキハンバーグ和風オニオンソース,yakiniku_steak,/static/media/food/yakiniku_steak.jpg
ジョナサン,アンガスビーフ100％ステーキハンバーグ和風ビネガーソース,yakiniku_steak,/static/media/food/yakiniku_steak.jpg
ジョナサン,ハンバーグ＆竜田チキン甘辛醤ソース,karaage_chicken,/static/media/food/karaage_chicken.jpg
ジョナサン,ミックスグリル＆目玉焼き,tamago_egg,/static/media/food/tamago_egg.jpg
ジョナサン,ハンバーグ＆海老のペンネグラタン,gratin,/static/media/food/gratin.jpg
ジョナサン,ミックスグリル,,(tile)
ジョナサン,ハンバーグ デミグラスソース,yakiniku_steak,/static/media/food/yakiniku_steak.jpg
ジョナサン,てりたまハンバーグ＆海老フライ,fry_seafood,/static/media/food/fry_seafood.jpg
ジョナサン,ハンバーグ てりやきソース,yakiniku_steak,/static/media/food/yakiniku_steak.jpg
ジョナサン,てりたまハンバーグ,yakiniku_steak,/static/media/food/yakiniku_steak.jpg
ジョナサン,ねぎたっぷり和風おろしハンバーグ,yakiniku_steak,/static/media/food/yakiniku_steak.jpg
ジョナサン,ハンバーグ＆ヒレコロステーキ,steak_plate,/static/media/food/steak_plate.jpg
ジョナサン,ハンバーグ＆フランクソーセージ＆竜田チキン甘辛醤ソース,karaage_chicken,/static/media/food/karaage_chicken.jpg
ジョナサン,ハンバーグ＆フランクソーセージ＆海老フライ,fry_seafood,/static/media/food/fry_seafood.jpg
ジョナサン,徳島県産阿波尾鶏のステーキ大葉トマトソース,steak_plate,/static/media/food/steak_plate.jpg
ジョナサン,徳島県産阿波尾鶏のステーキ醤油ガーリックソース＆海老フライ,fry_seafood,/static/media/food/fry_seafood.jpg
ジョナサン,若鶏のグリル トマトソース＆かにクリーミーコロッケ,korokke,/static/media/food/korokke.jpg
ジョナサン,徳島県産阿波尾鶏のステーキ醤油ガーリックソース,steak_plate,/static/media/food/steak_plate.jpg
ジョナサン,若鶏のグリル トマトソース,,(tile)
ジョナサン,若鶏のグリル てりやきソース＆カキフライ,fry_seafood,/static/media/food/fry_seafood.jpg
ジョナサン,若鶏のグリル てりやきソース,,(tile)
ジョナサン,若鶏のグリル てりやきソース＆目玉焼き,tamago_egg,/static/media/food/tamago_egg.jpg
ジョナサン,若鶏のグリル 和風オニオンソース,,(tile)
ジョナサン,若鶏のグリル トマトソース＆ヒレコロステーキ,steak_plate,/static/media/food/steak_plate.jpg
ジョナサン,竜田チキン 甘辛醤ソース,karaage_chicken,/static/media/food/karaage_chicken.jpg
ジョナサン,若鶏のグリル てりやきソース＆ヒレコロステーキ,steak_plate,/static/media/food/steak_plate.jpg
ジョナサン,若鶏のみぞれ煮（単品）,,(tile)
ジョナサン,ヒレコロステーキ醤油ガーリックソース,steak_plate,/static/media/food/steak_plate.jpg
ジョナサン,ヒレコロステーキ和風オニオンソース,steak_plate,/static/media/food/steak_plate.jpg
ジョナサン,ライス・ご飯・十三穀米（単品）,gohan_rice,
ジョナサン,米粉入りパン,,(tile)
ジョナサン,ヘルシーセット,teishoku,/static/media/food/teishoku.jpg
ジョナサン,和食セット,teishoku,/static/media/food/teishoku.jpg
ジョナサン,米粉入りパン＆ドリンクバーセット,teishoku,/static/media/food/teishoku.jpg
ジョナサン,ライス＆ドリンクバーセット,teishoku,/static/media/food/teishoku.jpg
ジョナサン,ポタージュセット,teishoku,/static/media/food/teishoku.jpg
ジョナサン,ポタージュドリンクバーセット,teishoku,/static/media/food/teishoku.jpg
ジョナサン,冷製ポタージュセット,teishoku,/static/media/food/teishoku.jpg
ジョナサン,冷製ポタージュドリンクバーセット,teishoku,/static/media/food/teishoku.jpg
ジョナサン,オニグラセット,teishoku,/static/media/food/teishoku.jpg
ジョナサン,オニグラドリンクバーセット,teishoku,/static/media/food/teishoku.jpg
ジョナサン,ドリンクバーセット,teishoku,/static/media/food/teishoku.jpg
ジョナサン,タイ風ガパオライス+海老フライ+選べるアペタイザーセット(ドリンクバーつき),teishoku,/static/media/food/teishoku.jpg
ジョナサン,タイ風ガパオライス+選べるアペタイザーセット(ドリンクバーつき),teishoku,/static/media/food/teishoku.jpg
ジョナサン,タイ風ガパオライス+海老フライ,fry_seafood,/static/media/food/fry_seafood.jpg
ジョナサン,タイ風ガパオライス,gohan_rice,
ジョナサン,ビーフシチューオムライス+海老フライ+選べるアペタイザーセット(ドリンクバーつき),teishoku,/static/media/food/teishoku.jpg
ジョナサン,ビーフシチューオムライス+選べるアペタイザーセット(ドリンクバーつき),teishoku,/static/media/food/teishoku.jpg
ジョナサン,ビーフシチューオムライス+海老フライ,fry_seafood,/static/media/food/fry_seafood.jpg
ジョナサン,ビーフシチューオムライス,omurice,/static/media/food/omurice.jpg
ジョナサン,タンドリーチキン＆メキシカンピラフ＋目玉焼き+選べるアペタイザーセット(ドリンクバーつき),teishoku,/static/media/food/teishoku.jpg
ジョナサン,タンドリーチキン＆メキシカンピラフ+選べるアペタイザーセット(ドリンクバーつき),teishoku,/static/media/food/teishoku.jpg
ジョナサン,タンドリーチキン＆メキシカンピラフ＋目玉焼き,tamago_egg,/static/media/food/tamago_egg.jpg
ジョナサン,タンドリーチキン＆メキシカンピラフ,chahan,/static/media/food/chahan.jpg
ジョナサン,タンドリーチキン＆メキシカンピラフ大盛+選べるアペタイザーセット(ドリンクバーつき),teishoku,/static/media/food/teishoku.jpg
ジョナサン,タンドリーチキン＆メキシカンピラフ大盛,chahan,/static/media/food/chahan.jpg
ジョナサン,セットサラダ（料理とセットでご注文）,salad_green,
ジョナサン,たらこと小柱のパスタ選べるアペタイザーセット(ドリンクバーつき),teishoku,/static/media/food/teishoku.jpg
ジョナサン,カレー南蛮うどん+おつまみカキフライ,fry_seafood,/static/media/food/fry_seafood.jpg
ジョナサン,たらこと小柱のパスタ,pasta,/static/media/food/pasta.jpg
ジョナサン,酸辣湯麺＆揚げ餃子のトリコロール,gyoza,
ジョナサン,カレー南蛮うどん+ご飯,gohan_rice,
ジョナサン,酸辣湯麺（単品）,,(tile)
ジョナサン,カレー南蛮うどん（単品）,udon,/static/media/food/udon.jpg
ジョナサン,粉チーズ,cheese_plate,
ジョナサン,1日分の緑黄色野菜が摂れるドリア選べるアペタイザーセット(ドリンクバーつき),teishoku,/static/media/food/teishoku.jpg
ジョナサン,焼きカレードリア選べるアペタイザーセット(ドリンクバーつき),teishoku,/static/media/food/teishoku.jpg
ジョナサン,一日分の緑黄色野菜が摂れるドリア,doria,/static/media/food/doria.jpg
ジョナサン,焼きカレードリア,doria,/static/media/food/doria.jpg
ジョナサン,モッツァレラのマルゲリータ選べるアペタイザーセット(ドリンクバーつき),teishoku,/static/media/food/teishoku.jpg
ジョナサン,モッツァレラのマルゲリータ,pizza,/static/media/food/pizza.jpg
ジョナサン,背徳のけずりバターパンケーキ+ローストビーフサラダ+北海道産とうもろこしのポタージュ,soup_corn,
ジョナサン,しらすおろしごはんの自家製厚切りひれかつ膳（みそ汁・惣菜つき）,tonkatsu_pork,/static/media/food/tonkatsu_pork.jpg
ジョナサン,広島県産カキフライ膳,fry_seafood,/static/media/food/fry_seafood.jpg
ジョナサン,自家製厚切りひれかつ膳,tonkatsu_pork,/static/media/food/tonkatsu_pork.jpg
ジョナサン,広島県産カキフライ（単品）,fry_seafood,/static/media/food/fry_seafood.jpg
ジョナサン,自家製厚切りひれかつ（単品）,tonkatsu_pork,/static/media/food/tonkatsu_pork.jpg
ジョナサン,若鶏のみぞれ煮膳,,(tile)
ジョナサン,とろサーモン丼（みそ汁・惣菜つき）,donburi_rice,/static/media/food/donburi_rice.jpg
ジョナサン,本まぐろの鉄火丼（みそ汁・惣菜つき）,donburi_rice,/static/media/food/donburi_rice.jpg
ジョナサン,本まぐろの鉄火丼＆鶏野菜うどん（惣菜つき）,udon,/static/media/food/udon.jpg
ジョナサン,本まぐろの鉄火丼 まぐろ倍盛り（みそ汁・惣菜つき）,donburi_rice,/static/media/food/donburi_rice.jpg
ジョナサン,本まぐろの鉄火丼 トッピング温泉卵（みそ汁・惣菜つき）,donburi_rice,/static/media/food/donburi_rice.jpg
ジョナサン,本まぐろの鉄火丼 （単品）,donburi_rice,/static/media/food/donburi_rice.jpg
ジョナサン,ちょいバルセット（お酒＆おつまみセット）,teishoku,/static/media/food/teishoku.jpg
ジョナサン,国産玉ねぎを飴色になるまでじっくり炒めた、こだわりのオニオングラタンスープ,soup_miso,/static/media/food/soup_miso.jpg
ジョナサン,北海道産とうもろこしのポタージュ,soup_corn,
ジョナサン,サントリーザ・プレミアムモルツ(ジョッキ),,(tile)
ジョナサン,角ハイボール,whisky,/static/media/food/whisky.jpg
ジョナサン,ウーロンハイ,chuhai,/static/media/food/chuhai.jpg
ジョナサン,高知県産生姜のジンジャーサワー,chuhai,/static/media/food/chuhai.jpg
ジョナサン,高知県産生姜のサントリー角ジンジャーハイボール,whisky,/static/media/food/whisky.jpg
ジョナサン,キリン ハートランド（中瓶）,,(tile)
ジョナサン,デカンタワイン（赤）,wine_drink,/static/media/food/wine_drink.jpg
ジョナサン,デカンタワイン（白）,wine_drink,/static/media/food/wine_drink.jpg
ジョナサン,グラスワイン（赤）,wine_drink,/static/media/food/wine_drink.jpg
ジョナサン,グラスワイン（白）,wine_drink,/static/media/food/wine_drink.jpg
ジョナサン,凍結レモンサワー,chuhai,/static/media/food/chuhai.jpg
ジョナサン,凍結レモンサワー用お替わりサワー,chuhai,/static/media/food/chuhai.jpg
ジョナサン,甘くない レモンサワー,chuhai,/static/media/food/chuhai.jpg
ジョナサン,はちみつレモンサワー,chuhai,/static/media/food/chuhai.jpg
ジョナサン,梅酒サワー,chuhai,/static/media/food/chuhai.jpg
ジョナサン,梅酒ロック,beer_alcohol,/static/media/food/beer_alcohol.jpg
ジョナサン,アサヒ ドライゼロ,,(tile)
ジョナサン,ハッピーアワーサントリーザ・プレミアムモルツ(ジョッキ),,(tile)
ジョナサン,ハッピーアワー角ハイボール,whisky,/static/media/food/whisky.jpg
ジョナサン,ハッピーアワー高知県産生姜のサントリー角ジンジャーハイボール,whisky,/static/media/food/whisky.jpg
ジョナサン,ハッピーアワー甘くない レモンサワー,chuhai,/static/media/food/chuhai.jpg
ジョナサン,ハッピーアワーはちみつレモンサワー,chuhai,/static/media/food/chuhai.jpg
ジョナサン,ハッピーアワーウーロンハイ,chuhai,/static/media/food/chuhai.jpg
ジョナサン,ハッピーアワー高知県産生姜のジンジャーサワー,chuhai,/static/media/food/chuhai.jpg
ジョナサン,ハッピーアワー梅酒サワー,chuhai,/static/media/food/chuhai.jpg
ジョナサン,フルゴロ焼きたてりんごパイ,donut,/static/media/food/donut.jpg
ジョナサン,焼きたてりんごパイ,donut,/static/media/food/donut.jpg
ジョナサン,ちょこっとチーズケーキサンデー,icecream_parfait,/static/media/food/icecream_parfait.jpg
ジョナサン,ティラミス,cake_dessert,/static/media/food/cake_dessert.png
ジョナサン,オレンジヨーグルトサンデー,icecream_parfait,/static/media/food/icecream_parfait.jpg
ジョナサン,ティラミスピッコリーノ,cake_dessert,/static/media/food/cake_dessert.png
ジョナサン,プリンノセターノ,pudding,
ジョナサン,ちいさなチョコパフェ,icecream_parfait,/static/media/food/icecream_parfait.jpg
ジョナサン,ミニプリンパルフェ,pudding,
ジョナサン,ベリーソースのクラシックショコラ,,(tile)
ジョナサン,盛り盛りソフトクリーム,soft_serve,/static/media/food/soft_serve.jpg
ジョナサン,ちょこっとチーズケーキ,cake_dessert,/static/media/food/cake_dessert.png
ジョナサン,盛り盛りソフトクリームトッピングラズベリーソース,soft_serve,/static/media/food/soft_serve.jpg
ジョナサン,コーヒーゼリーのミニサンデー,icecream_parfait,/static/media/food/icecream_parfait.jpg
ジョナサン,黒胡麻白玉ソフトサンデー,icecream_parfait,/static/media/food/icecream_parfait.jpg
ジョナサン,アサイーヨーグルト,,(tile)
ジョナサン,北海道ソフトクリーム,soft_serve,/static/media/food/soft_serve.jpg
ジョナサン,黒糖わらびもちソフト緑茶＆黒蜜つき,green_tea,/static/media/food/green_tea.jpg
ジョナサン,黒糖わらびもちあん緑茶・黒蜜つき,green_tea,/static/media/food/green_tea.jpg
ジョナサン,白玉黒豆あんみつ 緑茶＆黒蜜つき,anmitsu,/static/media/food/anmitsu.jpg
ジョナサン,白玉黒豆あんみつ 緑茶＆黒蜜つき＆バニラトッピング,anmitsu,/static/media/food/anmitsu.jpg
ジョナサン,ソフト白玉みつ豆 緑茶＆黒蜜つき,anmitsu,/static/media/food/anmitsu.jpg
ジョナサン,焼きたてデニッシュソフトクリーム添え,soft_serve,/static/media/food/soft_serve.jpg
ジョナサン,焼きたてデニッシュのフレンチトースト,toast_breakfast,/static/media/food/toast_breakfast.jpg
ジョナサン,焼きたてデニッシュのフレンチトースト＋トッピングバニラアイス,icecream_parfait,/static/media/food/icecream_parfait.jpg
ジョナサン,背徳のけずりバターパンケーキ,pancakes,
ジョナサン,パンケーキ,pancakes,
ジョナサン,バニラアイス,icecream_parfait,/static/media/food/icecream_parfait.jpg
ジョナサン,チョコレートアイス,icecream_parfait,/static/media/food/icecream_parfait.jpg
ジョナサン,ミックスアイス,icecream_parfait,/static/media/food/icecream_parfait.jpg
ジョナサン,デザートトッピング,,(tile)
ジョナサン,トロピカルフルーツティー（ドリンクバーつき）,tea_matcha,/static/media/food/tea_matcha.jpg
ジョナサン,トロピカルフルーツティー,tea_matcha,/static/media/food/tea_matcha.jpg
ジョナサン,ハニーシトラスミントソーダ（ドリンクバーつき）,juice_beverage,/static/media/food/juice_beverage.jpg
ジョナサン,大人のジンジャースカッシュ（ドリンクバーつき）,,(tile)
ジョナサン,ハニーシトラスミントソーダ,juice_beverage,/static/media/food/juice_beverage.jpg
ジョナサン,大人のジンジャースカッシュ,,(tile)
ジョナサン,アイスミルク,milk_drink,/static/media/food/milk_drink.jpg
ジョナサン,ホットミルク,milk_drink,/static/media/food/milk_drink.jpg
ジョナサン,おこさまドリンクバー(小学生のお客様),,(tile)
ジョナサン,おこさまおにぎりプレート(ゼリー・ガチャコイン付き),onigiri,/static/media/food/onigiri.jpg
ジョナサン,おこさまハンバーグ(ゼリー・ガチャコイン付き),yakiniku_steak,/static/media/food/yakiniku_steak.jpg
ジョナサン,おこさまフライドチキン(ゼリー・ガチャコイン付き),karaage_chicken,/static/media/food/karaage_chicken.jpg
ジョナサン,おこさまパンケーキ(ゼリー・ガチャコイン付き),pancakes,
ジョナサン,【低アレルゲン】おこさまカレー(ゼリー・ガチャコイン付き),curry_rice,/static/media/food/curry_rice.jpg
ジョナサン,おこさまうどん(ゼリー・ガチャコイン付き),udon,/static/media/food/udon.jpg
ジョナサン,ラッキー！ジュニアセットモッツァレラのマルゲリータ,pizza,/static/media/food/pizza.jpg
ジョナサン,おこさまらーめん(ゼリー・ガチャコイン付き),ramen_shoyu,/static/media/food/ramen_shoyu.jpg
ジョナサン,ラッキー！ジュニアセット てりたまハンバーグ ライス付き,teishoku,/static/media/food/teishoku.jpg
ジョナサン,おこさまおにぎり,onigiri,/static/media/food/onigiri.jpg
ジョナサン,おこさまフライドポテト,french_fries,/static/media/food/french_fries.jpg
ジョナサン,おこさまソフト,,(tile)
ジョナサン,おこさまバニラアイス,icecream_parfait,/static/media/food/icecream_parfait.jpg
ジョナサン,おこさまプリン,pudding,
ジョナサン,日替）月 チキングリル てりやきソース＆揚げ餃子 ドリンクバーつき,gyoza,
ジョナサン,日替）火 ハンバーグデミグラスソース＆かぼちゃコロッケ ドリンクバーつき,korokke,/static/media/food/korokke.jpg
ジョナサン,日替）水 ハンバーグてりやきソース＆白身魚フライ ドリンクバーつき,fry_seafood,/static/media/food/fry_seafood.jpg
ジョナサン,日替）木 ハンバーグてりやきソース＆あじフライ ドリンクバーつき,fry_seafood,/static/media/food/fry_seafood.jpg
ジョナサン,日替）金 チキングリル トマトソース＆かぼちゃコロッケ ドリンクバーつき,korokke,/static/media/food/korokke.jpg
ジョナサン,昼プチセットPlusドリンクバーつき,teishoku,/static/media/food/teishoku.jpg
ジョナサン,日替）月 チキングリル てりやきソース＆揚げ餃子,gyoza,
ジョナサン,日替）火 ハンバーグデミグラスソース＆かぼちゃコロッケ,korokke,/static/media/food/korokke.jpg
ジョナサン,日替）水 ハンバーグてりやきソース＆白身魚フライ,fry_seafood,/static/media/food/fry_seafood.jpg
ジョナサン,日替）木 ハンバーグてりやきソース＆あじフライ,fry_seafood,/static/media/food/fry_seafood.jpg
ジョナサン,日替）金 チキングリル トマトソース＆かぼちゃコロッケ,korokke,/static/media/food/korokke.jpg
ジョナサン,昼プチセットドリンクバーつき,teishoku,/static/media/food/teishoku.jpg
ジョナサン,昼プチセットPlus（シャキシャキにんじんサラダ＆ちいさなマルゲリータ＆ちいさなパスタボロネーゼ＆コーヒーゼリーのミニサンデー）,teishoku,/static/media/food/teishoku.jpg
ジョナサン,人気のBEST3（ちいさななすベーコンパスタ＆ちいさな海老のペンネグラタン＆ジョナサンサラダ）,salad_green,
ジョナサン,シェフおすすめ（ちいさなビーフライスカレー＆青豆と温泉卵のほっとサラダ＆ちょこっとチーズケーキ）,cake_dessert,/static/media/food/cake_dessert.png
ジョナサン,【ジョナ得ランチ】若鶏のグリル トマトソース（ライス付）,gohan_rice,
ジョナサン,【ジョナ得ランチ】1日分の緑黄色野菜が摂れるドリア,doria,/static/media/food/doria.jpg
ジョナサン,【ジョナ得ランチ】若鶏のみぞれ煮（ライス付）,gohan_rice,
ジョナサン,【ジョナ得ランチ】タンドリーチキン＆メキシカンピラフ,chahan,/static/media/food/chahan.jpg
ジョナサン,【ジョナ得ランチ】ミックスグリル（ライス付）,gohan_rice,
ジョナサン,【ジョナ得ランチ】竜田チキン甘辛醤ソース（ライス付）,gohan_rice,
ジョナサン,【ジョナ得ランチ】ハンバーグ＆ヒレコロステーキ（ライス付）,gohan_rice,
ジョナサン,【ジョナ得ランチ】若鶏のグリル てりやきソース＆カキフライ（ライス付）,gohan_rice,
ジョナサン,【ジョナ得ランチ】カレー南蛮うどん（ご飯付）,gohan_rice,
ジョナサン,【ジョナ得ランチ】ビーフシチューオムライス,omurice,/static/media/food/omurice.jpg
ジョナサン,【ジョナ得ランチ】ハンバーグ＆海老のペンネグラタン（ライス付）,gohan_rice,
ジョナサン,【ジョナ得ランチ】ビーフ100％ステーキハンバーグデミグラスソース＆かにクリーミーコロッケ（ライス付）,gohan_rice,
ジョナサン,【ジョナ得ランチ】てりたまハンバーグ（ライス付）,gohan_rice,
ジョナサン,【ジョナ得ランチ】ねぎたっぷり和風おろしハンバーグ（ライス付）,gohan_rice,
ジョナサン,【ジョナ得ランチ】広島県産カキフライ（ライス付）,gohan_rice,
ジョナサン,ハンバーグ＆竜田チキン甘辛醤ソースランチ,teishoku,/static/media/food/teishoku.jpg
ジョナサン,ミックスグリルランチ,teishoku,/static/media/food/teishoku.jpg
ジョナサン,ねぎたっぷり和風おろしハンバーグランチ,teishoku,/static/media/food/teishoku.jpg
ジョナサン,てりたまハンバーグ＆海老フライランチ,teishoku,/static/media/food/teishoku.jpg
ジョナサン,アンガスビーフ100％ステーキハンバーグデミグラスソース＆海老フライランチ,teishoku,/static/media/food/teishoku.jpg
ジョナサン,徳島県産阿波尾鶏のステーキ醤油ガーリックソースランチ,teishoku,/static/media/food/teishoku.jpg
ジョナサン,アンガスビーフ100％ステーキハンバーグデミグラスソースランチ,teishoku,/static/media/food/teishoku.jpg
ジョナサン,徳島県産阿波尾鶏のステーキ大葉トマトソースランチ,teishoku,/static/media/food/teishoku.jpg
ジョナサン,ハンバーグ＆海老のペンネグラタンランチ,teishoku,/static/media/food/teishoku.jpg
ジョナサン,若鶏のグリルトマトソースランチ,teishoku,/static/media/food/teishoku.jpg
ジョナサン,若鶏のグリル和風オニオンソースランチ,teishoku,/static/media/food/teishoku.jpg
ジョナサン,若鶏のグリルてりやきソースランチ,teishoku,/static/media/food/teishoku.jpg
ジョナサン,カレー南蛮うどん+ご飯ランチ,teishoku,/static/media/food/teishoku.jpg
ジョナサン,【よるジョナSpecialセット】若鶏のグリル てりやきソース＆カキフライ,fry_seafood,/static/media/food/fry_seafood.jpg
ジョナサン,【よるジョナSpecialセット】ミックスグリル,teishoku,/static/media/food/teishoku.jpg
ジョナサン,【よるジョナSpecialセット】ハンバーグ＆海老のペンネグラタン,gratin,/static/media/food/gratin.jpg
ジョナサン,【よるジョナSpecialセット】若鶏のグリル トマトソース＆かにクリーミーコロッケ,korokke,/static/media/food/korokke.jpg
ジョナサン,【よるジョナSpecialセット】若鶏のみぞれ煮,teishoku,/static/media/food/teishoku.jpg
ジョナサン,【よるジョナSpecialセット】アンガスビーフ100％ステーキハンバーグ デミグラスソース,yakiniku_steak,/static/media/food/yakiniku_steak.jpg
ジョナサン,【よるジョナSpecialセット】徳島県産阿波尾鶏のステーキ 醤油ガーリックソース,steak_plate,/static/media/food/steak_plate.jpg
ジョナサン,【よるジョナSpecialセット】アンガスビーフ100％ステーキハンバーグ 和風オニオンソース,yakiniku_steak,/static/media/food/yakiniku_steak.jpg
ジョナサン,【よるジョナSpecialセット】徳島県産阿波尾鶏のステーキ 大葉トマトソース,steak_plate,/static/media/food/steak_plate.jpg
ジョナサン,とろーり玉子のベーコンチーズトーストニューオリンズ風モーニング+北海道産とうもろこしのポタージュつき,soup_corn,
ジョナサン,ジョナモニプレート,,(tile)
ジョナサン,とろーり玉子のベーコンチーズトーストニューオリンズ風モーニング,toast_breakfast,/static/media/food/toast_breakfast.jpg
ジョナサン,シャキシャキキャベツのベーコンエッグサンドモーニング,toast_breakfast,/static/media/food/toast_breakfast.jpg
ジョナサン,ベーコンチーズサンドモーニング,toast_breakfast,/static/media/food/toast_breakfast.jpg
ジョナサン,目玉焼きモーニング,toast_breakfast,/static/media/food/toast_breakfast.jpg
ジョナサン,スクランブルエッグモーニング,toast_breakfast,/static/media/food/toast_breakfast.jpg
ジョナサン,ハーフトースト＆ゆで卵モーニング,toast_breakfast,/static/media/food/toast_breakfast.jpg
ジョナサン,サラダ＆ハーフトースト＆ゆで卵モーニング,toast_breakfast,/static/media/food/toast_breakfast.jpg
ジョナサン,パンケーキ＆ゆで卵モーニング,toast_breakfast,/static/media/food/toast_breakfast.jpg
ジョナサン,ブレッド＆ゆで卵モーニング,toast_breakfast,/static/media/food/toast_breakfast.jpg
ジョナサン,ちいさな鶏野菜うどん＆ゆで卵モーニング,toast_breakfast,/static/media/food/toast_breakfast.jpg
ジョナサン,ちいさなしらすおろしごはん＆ゆで卵モーニング,toast_breakfast,/static/media/food/toast_breakfast.jpg
ジョナサン,ちいさなビーフライスカレー＆ゆで卵モーニング,toast_breakfast,/static/media/food/toast_breakfast.jpg
ジョナサン,タンドリーチキン＆メキシカンピラフモーニング＆サラダセット,teishoku,/static/media/food/teishoku.jpg
ジョナサン,タンドリーチキン＆メキシカンピラフモーニング,toast_breakfast,/static/media/food/toast_breakfast.jpg
ジョナサン,背徳のけずりバターパンケーキモーニング,toast_breakfast,/static/media/food/toast_breakfast.jpg
ジョナサン,1日分の緑黄色野菜が摂れるドリアモーニング,toast_breakfast,/static/media/food/toast_breakfast.jpg
ジョナサン,焼きたてデニッシュのフレンチトーストモーニング,toast_breakfast,/static/media/food/toast_breakfast.jpg
ジョナサン,焼鮭朝食ごはん・みそ汁・海苔付,soup_miso,/static/media/food/soup_miso.jpg
ジョナサン,和風ハンバーグ朝食 ごはん・みそ汁・海苔付,yakiniku_steak,/static/media/food/yakiniku_steak.jpg
ジョナサン,本まぐろの鉄火丼モーニング,toast_breakfast,/static/media/food/toast_breakfast.jpg
ジョナサン,納豆,natto,/static/media/food/natto.jpg
ジョナサン,たまご,tamago_egg,/static/media/food/tamago_egg.jpg
ジョナサン,ミニヨーグルトセット（料理とセットでご注文）,teishoku,/static/media/food/teishoku.jpg
ジョナサン,モーニングスープセット（料理とセットでご注文）,teishoku,/static/media/food/teishoku.jpg
ジョナサン,アサイーヨーグルトセット（料理とセットでご注文）,teishoku,/static/media/food/teishoku.jpg
ジョナサン,スクランブルエッグ（単品）,,(tile)
ジョナサン,目玉焼き（単品）,tamago_egg,/static/media/food/tamago_egg.jpg
ジョナサン,シャキシャキキャベツのベーコンエッグサンド（単品）,burger_classic,/static/media/food/burger_classic.jpg
ジョナサン,ベーコンチーズサンド（単品）,burger_classic,/static/media/food/burger_classic.jpg
ジョナサン,トースト（単品）,toast_breakfast,/static/media/food/toast_breakfast.jpg
ジョナサン,焼きたてデニッシュのフレンチトースト（単品）,toast_breakfast,/static/media/food/toast_breakfast.jpg
ジョナサン,パンケーキ（単品）,pancakes,
ジョナサン,みそ汁,soup_miso,/static/media/food/soup_miso.jpg
スガキヤ,広島⾵⾟つけ麺,ramen_tsukemen,/static/media/food/ramen_tsukemen.jpg
スガキヤ,ざるラーメン,ramen_shoyu,/static/media/food/ramen_shoyu.jpg
スガキヤ,冷しラーメン,ramen_shoyu,/static/media/food/ramen_shoyu.jpg
スガキヤ,ラーメン,ramen_shoyu,/static/media/food/ramen_shoyu.jpg
スガキヤ,ミニラーメン,ramen_shoyu,/static/media/food/ramen_shoyu.jpg
スガキヤ,玉子入ラーメン,ramen_shoyu,/static/media/food/ramen_shoyu.jpg
スガキヤ,メンマラーメン,ramen_shoyu,/static/media/food/ramen_shoyu.jpg
スガキヤ,肉入ラーメン,ramen_shoyu,/static/media/food/ramen_shoyu.jpg
スガキヤ,肉マシマシラーメン,ramen_shoyu,/static/media/food/ramen_shoyu.jpg
スガキヤ,特製ラーメン,ramen_shoyu,/static/media/food/ramen_shoyu.jpg
スガキヤ,野菜ラーメン,ramen_shoyu,/static/media/food/ramen_shoyu.jpg
スガキヤ,80周年特製クリームぜんざい,,(tile)
スガキヤ,いちごヨーグルトフラッペ,smoothie,/static/media/food/smoothie.jpg
スガキヤ,チョコバナナフラッペ,smoothie,/static/media/food/smoothie.jpg
スガキヤ,ピーチクリーム,,(tile)
スガキヤ,ピーチ氷,,(tile)
スガキヤ,いちご氷,,(tile)
スガキヤ,ラムネ氷,,(tile)
スガキヤ,抹茶氷,tea_matcha,/static/media/food/tea_matcha.jpg
スガキヤ,宇治金時氷,,(tile)
スガキヤ,【店舗限定】スーちゃんシェーク ストロベリー,,(tile)
スガキヤ,【店舗限定】スーちゃんシェーク クリームぜんざい,,(tile)
スガキヤ,【店舗限定】スーちゃんシェーク カフェモカ,,(tile)
スガキヤ,クリームぜんざい,,(tile)
スガキヤ,あんみつ,anmitsu,/static/media/food/anmitsu.jpg
スガキヤ,チョコクリーム,chocolate,/static/media/food/chocolate.jpg
スガキヤ,ベリークリーム,,(tile)
スガキヤ,ソフトクリーム,soft_serve,/static/media/food/soft_serve.jpg
スガキヤ,キッズセット,teishoku,/static/media/food/teishoku.jpg
スガキヤ,スガキヤまるごとミニセット,teishoku,/static/media/food/teishoku.jpg
スガキヤ,五目・サラダセット,teishoku,/static/media/food/teishoku.jpg
スガキヤ,五目・ミニソフトセット,teishoku,/static/media/food/teishoku.jpg
スガキヤ,サラダ・レギュラーソフトセット,teishoku,/static/media/food/teishoku.jpg
スガキヤ,【店舗限定】ポテト・ミニソフトセット,teishoku,/static/media/food/teishoku.jpg
スガキヤ,【店舗限定】チキン・ミニソフトセット,teishoku,/static/media/food/teishoku.jpg
スガキヤ,五目ごはん,gohan_rice,
スガキヤ,サラダ(玉ねぎドレッシング),salad_green,
スガキヤ,アップルジュース,juice_beverage,/static/media/food/juice_beverage.jpg
スガキヤ,【店舗限定】スージー ザクザクポテト,french_fries,/static/media/food/french_fries.jpg
スガキヤ,【店舗限定】スージー カリカリチキン,karaage_chicken,/static/media/food/karaage_chicken.jpg
スガキヤ,トッピング ネギ,,(tile)
スガキヤ,トッピング 肉マシ,,(tile)
スガキヤ,トッピング メンマ,,(tile)
スガキヤ,トッピング コーン,,(tile)
スガキヤ,トッピング 野菜,,(tile)
スガキヤ,トッピング 半熟玉子,tamago_egg,/static/media/food/tamago_egg.jpg
スガキヤ,辛辛 魚粉,,(tile)
スガキヤ,そのまんま,,(tile)
スガキヤ,甘口ソース,,(tile)
スガキヤ,甘辛どろしょうゆ,,(tile)
スガキヤ,ねぎ醤油,,(tile)
スガキヤ,スガキヤラーメンの肉,ramen_shoyu,/static/media/food/ramen_shoyu.jpg
スガキヤ,ラーメンこしょう,ramen_shoyu,/static/media/food/ramen_shoyu.jpg
スガキヤ,おみやげ五目の素,,(tile)
スシロー,ジャンボとろサーモン,sushi_salmon,/static/media/food/sushi_salmon.jpg
スシロー,天然あかすえび包み,sushi_shrimp,
スシロー,サラダ3貫盛り,salad_green,
スシロー,倍切り！うなぎの蒲焼き,unagi,/static/media/food/unagi.jpg
スシロー,肉のチーズマヨ炙り3貫盛り,cheese_plate,
スシロー,グリルチキン 七味おろしポン酢,karaage_chicken,/static/media/food/karaage_chicken.jpg
スシロー,スシロー海鮮巻き重ね（夏）,sushi_roll,/static/media/food/sushi_roll.jpg
スシロー,アボカドオニオンマヨ3貫盛り,salad_green,
スシロー,赤貝 梅しそかつお,sushi_platter,/static/media/food/sushi_platter.jpg
スシロー,青森産 生サーモン食べ比べ,sushi_salmon,/static/media/food/sushi_salmon.jpg
スシロー,店内殻剥き 天然車えび,sushi_shrimp,
スシロー,特大えび天巻 特製マヨソースがけ,sushi_shrimp,
スシロー,貝づくし5貫盛り,sushi_platter,/static/media/food/sushi_platter.jpg
スシロー,煮干し香る 鶏醤油ラーメン,ramen_shoyu,/static/media/food/ramen_shoyu.jpg
スシロー,野菜の旨み濃厚 味噌豚骨ラーメン,ramen_tonkotsu,
スシロー,冷製茶碗蒸し 梅みぞれあんかけ,chawanmushi,/static/media/food/chawanmushi.jpg
スシロー,モッツァレラチーズ天ぷら 塩はちみつがけ,tempura,/static/media/food/tempura.jpg
スシロー,白だし塩からあげ,karaage_chicken,/static/media/food/karaage_chicken.jpg
スシロー,夏の山海の幸 天ぷら盛り（えび天）,sushi_shrimp,
スシロー,プリンアラモードパフェ,icecream_parfait,/static/media/food/icecream_parfait.jpg
スシロー,老舗茶舗のお抹茶わらび餅パフェ,icecream_parfait,/static/media/food/icecream_parfait.jpg
スシロー,老舗茶舗のお抹茶モンブラン,tea_matcha,/static/media/food/tea_matcha.jpg
スシロー,老舗茶舗のお抹茶カタラーナ,tea_matcha,/static/media/food/tea_matcha.jpg
スシロー,飲むお抹茶ッペ,tea_matcha,/static/media/food/tea_matcha.jpg
スシロー,半額！ペプシコーラ,cola_drink,/static/media/food/cola_drink.jpg
スシロー,半額！ポップメロンソーダ,juice_beverage,/static/media/food/juice_beverage.jpg
スシロー,半額！さわやか白ぶどう,,(tile)
スシロー,半額！さわやか白ぶどうソーダ,juice_beverage,/static/media/food/juice_beverage.jpg
スシロー,半額！ホワイトウォーター,,(tile)
スシロー,半額！ホワイトソーダ,juice_beverage,/static/media/food/juice_beverage.jpg
スシロー,半額！ウーロン茶,oolong_tea,
スシロー,厳選まぐろ赤身,sushi_tuna,/static/media/food/sushi_tuna.jpg
スシロー,一本釣りかつお,tonkatsu_pork,/static/media/food/tonkatsu_pork.jpg
スシロー,サーモン,sushi_salmon,/static/media/food/sushi_salmon.jpg
スシロー,赤えび,sushi_shrimp,
スシロー,えび,sushi_shrimp,
スシロー,甘えび,sushi_shrimp,
スシロー,いか,sushi_platter,/static/media/food/sushi_platter.jpg
スシロー,水たこ,sushi_platter,/static/media/food/sushi_platter.jpg
スシロー,たまご,tamago_egg,/static/media/food/tamago_egg.jpg
スシロー,生ハム,prosciutto,
スシロー,合鴨,,(tile)
スシロー,黒門伊勢屋のわさびなす,,(tile)
スシロー,まぐろ+たまご,tamago_egg,/static/media/food/tamago_egg.jpg
スシロー,サーモン+いか,sushi_platter,/static/media/food/sushi_platter.jpg
スシロー,サーモン+たまご,tamago_egg,/static/media/food/tamago_egg.jpg
スシロー,えび+サーモン,sushi_salmon,/static/media/food/sushi_salmon.jpg
スシロー,炙り赤えび塩レモン,sushi_shrimp,
スシロー,えび+生えび,sushi_shrimp,
スシロー,えび+いか,sushi_platter,/static/media/food/sushi_platter.jpg
スシロー,えび+たまご,tamago_egg,/static/media/food/tamago_egg.jpg
スシロー,厳選まぐろ赤身食べ比べ,sushi_tuna,/static/media/food/sushi_tuna.jpg
スシロー,オニオンサーモン,sushi_salmon,/static/media/food/sushi_salmon.jpg
スシロー,生えび,sushi_shrimp,
スシロー,えび チーズマヨ炙り,sushi_shrimp,
スシロー,えび バジルマヨチーズ炙り,sushi_shrimp,
スシロー,えびアボカド,salad_green,
スシロー,えび天にぎり,sushi_platter,/static/media/food/sushi_platter.jpg
スシロー,いか塩レモン,sushi_platter,/static/media/food/sushi_platter.jpg
スシロー,コウイカ,,(tile)
スシロー,天然アイスランド貝,sushi_platter,/static/media/food/sushi_platter.jpg
スシロー,煮あなご,unagi,/static/media/food/unagi.jpg
スシロー,合鴨チーズマヨ炙り,cheese_plate,
スシロー,グリルチキン,karaage_chicken,/static/media/food/karaage_chicken.jpg
スシロー,こだわりハンバーグにぎり,sushi_platter,/static/media/food/sushi_platter.jpg
スシロー,なすの揚げびたしにぎり,sushi_platter,/static/media/food/sushi_platter.jpg
スシロー,まぐろ 七味おろしポン酢,sushi_tuna,/static/media/food/sushi_tuna.jpg
スシロー,かつお 七味おろしポン酢,tonkatsu_pork,/static/media/food/tonkatsu_pork.jpg
スシロー,活〆はまち,,(tile)
スシロー,まぐろのサラダ寿司,sushi_platter,/static/media/food/sushi_platter.jpg
スシロー,サーモンのサラダ寿司,sushi_platter,/static/media/food/sushi_platter.jpg
スシロー,グリルチキンチーズマヨ サラダ寿司,cheese_plate,
スシロー,特ネタ中とろ,sushi_tuna,/static/media/food/sushi_tuna.jpg
スシロー,厳選まぐろ赤身 煮切り醤油漬け,sushi_tuna,/static/media/food/sushi_tuna.jpg
スシロー,マーラー風まぐろ揚げネギ添え,sushi_tuna,/static/media/food/sushi_tuna.jpg
スシロー,びん長まぐろ,sushi_tuna,/static/media/food/sushi_tuna.jpg
スシロー,マーラー風びん長揚げネギ添え,,(tile)
スシロー,生サーモン,sushi_salmon,/static/media/food/sushi_salmon.jpg
スシロー,焼とろサーモン,sushi_salmon,/static/media/food/sushi_salmon.jpg
スシロー,おろし焼とろサーモン,sushi_salmon,/static/media/food/sushi_salmon.jpg
スシロー,サーモンアボカド,salad_green,
スシロー,サーモン バジルモッツァレラ,sushi_salmon,/static/media/food/sushi_salmon.jpg
スシロー,マーラー風サーモン揚げネギ添え,sushi_salmon,/static/media/food/sushi_salmon.jpg
スシロー,活〆真鯛,,(tile)
スシロー,天然真あじ,,(tile)
スシロー,天然いわし,,(tile)
スシロー,天然いわし（ネギ・生姜）,,(tile)
スシロー,大えび,sushi_shrimp,
スシロー,マーラー風赤えび揚げネギ添え,sushi_shrimp,
スシロー,いか梅しそ,sushi_platter,/static/media/food/sushi_platter.jpg
スシロー,たこ,sushi_platter,/static/media/food/sushi_platter.jpg
スシロー,上穴子,unagi,/static/media/food/unagi.jpg
スシロー,数の子,,(tile)
スシロー,生ハム バジルモッツァレラ,prosciutto,
スシロー,サーモン チーズマヨ炙り,sushi_salmon,/static/media/food/sushi_salmon.jpg
スシロー,サーモン バジルマヨチーズ炙り,sushi_salmon,/static/media/food/sushi_salmon.jpg
スシロー,活〆真鯛 食べ比べ,,(tile)
スシロー,赤貝,sushi_platter,/static/media/food/sushi_platter.jpg
スシロー,つぶ貝,sushi_platter,/static/media/food/sushi_platter.jpg
スシロー,グリルチキンチーズマヨ炙り,cheese_plate,
スシロー,活〆真鯛 七味おろしポン酢,,(tile)
スシロー,つぶ貝食べ比べ,sushi_platter,/static/media/food/sushi_platter.jpg
スシロー,活〆真鯛 煮切り醤油漬け,,(tile)
スシロー,いか飯風すしとゲソにぎり,sushi_platter,/static/media/food/sushi_platter.jpg
スシロー,タイラギ貝食べ比べ,sushi_platter,/static/media/food/sushi_platter.jpg
スシロー,特ネタ大とろ,sushi_tuna,/static/media/food/sushi_tuna.jpg
スシロー,特ネタ大とろ焦がし醤油,sushi_tuna,/static/media/food/sushi_tuna.jpg
スシロー,国産ほたて貝柱,sushi_platter,/static/media/food/sushi_platter.jpg
スシロー,ぷちローセット,teishoku,/static/media/food/teishoku.jpg
スシロー,じぶんでつくローセット,teishoku,/static/media/food/teishoku.jpg
スシロー,ねぎまぐろ軍艦,sushi_roll,/static/media/food/sushi_roll.jpg
スシロー,まぐろ山かけ軍艦,sushi_roll,/static/media/food/sushi_roll.jpg
スシロー,まぐろユッケ軍艦 卵黄醤油がけ,sushi_roll,/static/media/food/sushi_roll.jpg
スシロー,まぐたく軍艦,sushi_roll,/static/media/food/sushi_roll.jpg
スシロー,マーラー風まぐろ包み,sushi_tuna,/static/media/food/sushi_tuna.jpg
スシロー,マーラー風ねぎまぐろ包み,sushi_tuna,/static/media/food/sushi_tuna.jpg
スシロー,サーモンハラス軍艦,sushi_roll,/static/media/food/sushi_roll.jpg
スシロー,甘えび軍艦,sushi_roll,/static/media/food/sushi_roll.jpg
スシロー,かにみそ軍艦,sushi_roll,/static/media/food/sushi_roll.jpg
スシロー,たらマヨ軍艦,sushi_roll,/static/media/food/sushi_roll.jpg
スシロー,数の子松前漬け軍艦,sushi_roll,/static/media/food/sushi_roll.jpg
スシロー,数の子バラコ軍艦,sushi_roll,/static/media/food/sushi_roll.jpg
スシロー,ミートボール軍艦,sushi_roll,/static/media/food/sushi_roll.jpg
スシロー,ミートボールマヨ軍艦,sushi_roll,/static/media/food/sushi_roll.jpg
スシロー,コーン軍艦,sushi_roll,/static/media/food/sushi_roll.jpg
スシロー,ツナサラダ軍艦,sushi_roll,/static/media/food/sushi_roll.jpg
スシロー,シーサラダ軍艦,sushi_roll,/static/media/food/sushi_roll.jpg
スシロー,かに風サラダ軍艦,sushi_roll,/static/media/food/sushi_roll.jpg
スシロー,たまごサラダ軍艦,sushi_roll,/static/media/food/sushi_roll.jpg
スシロー,小粒納豆軍艦,sushi_roll,/static/media/food/sushi_roll.jpg
スシロー,小粒納豆巻(ネギ抜き),sushi_roll,/static/media/food/sushi_roll.jpg
スシロー,きゅうり巻,,(tile)
スシロー,いなり,,(tile)
スシロー,本ずわい蟹包み,,(tile)
スシロー,鉄火巻,sushi_roll,/static/media/food/sushi_roll.jpg
スシロー,まぐたく巻,,(tile)
スシロー,厳選まぐろ赤身ととろたく手巻,sushi_roll,/static/media/food/sushi_roll.jpg
スシロー,スシロー コク旨まぐろ醤油ラーメン,sushi_platter,/static/media/food/sushi_platter.jpg
スシロー,スシロー コク旨まぐろ醤油ラーメン 煮玉子付,sushi_platter,/static/media/food/sushi_platter.jpg
スシロー,きつねうどん,udon,/static/media/food/udon.jpg
スシロー,えび天うどん,udon,/static/media/food/udon.jpg
スシロー,かけうどん,udon,/static/media/food/udon.jpg
スシロー,あおさと海苔の味噌汁,soup_miso,/static/media/food/soup_miso.jpg
スシロー,あさりの味噌汁,soup_miso,/static/media/food/soup_miso.jpg
スシロー,サーモンのサラダパフェ,icecream_parfait,/static/media/food/icecream_parfait.jpg
スシロー,えびのサラダパフェ,icecream_parfait,/static/media/food/icecream_parfait.jpg
スシロー,茶碗蒸し,chawanmushi,/static/media/food/chawanmushi.jpg
スシロー,あんかけ茶碗蒸し,chawanmushi,/static/media/food/chawanmushi.jpg
スシロー,モッツァレラチーズ天ぷら,tempura,/static/media/food/tempura.jpg
スシロー,かぼちゃの天ぷら,tempura,/static/media/food/tempura.jpg
スシロー,フライドポテト,french_fries,/static/media/food/french_fries.jpg
スシロー,どんぶりポテト,french_fries,/static/media/food/french_fries.jpg
スシロー,天ぷら盛り(えび天),tempura,/static/media/food/tempura.jpg
スシロー,生ビール ジョッキ,beer_alcohol,/static/media/food/beer_alcohol.jpg
スシロー,生ビール グラス,beer_alcohol,/static/media/food/beer_alcohol.jpg
スシロー,生貯蔵酒,beer_alcohol,/static/media/food/beer_alcohol.jpg
スシロー,翠（SUI）,,(tile)
スシロー,レモンサワー,chuhai,/static/media/food/chuhai.jpg
スシロー,角ハイボール,whisky,/static/media/food/whisky.jpg
スシロー,オールフリー,,(tile)
スシロー,ブラジル産豆 アイスコーヒー,coffee,/static/media/food/coffee.jpg
スシロー,ブラジル産豆 ホットコーヒー,coffee,/static/media/food/coffee.jpg
スシロー,ブラジル産豆 アイスカフェラテ,coffee,/static/media/food/coffee.jpg
スシロー,ブラジル産豆 ホットカフェラテ,coffee,/static/media/food/coffee.jpg
スシロー,飲むバニラッぺ,,(tile)
スシロー,アップルジュース,juice_beverage,/static/media/food/juice_beverage.jpg
スシロー,オレンジジュース,juice_beverage,/static/media/food/juice_beverage.jpg
スシロー,ストロベリーバニラパフェ,icecream_parfait,/static/media/food/icecream_parfait.jpg
スシロー,北海道ミルクレープメルバ,crepe_sweet,/static/media/food/crepe_sweet.jpg
スシロー,北海道ミルクレープ,crepe_sweet,/static/media/food/crepe_sweet.jpg
スシロー,北海道ミルククリームのアイスエクレア,icecream_parfait,/static/media/food/icecream_parfait.jpg
スシロー,カタラーナアイスブリュレ,icecream_parfait,/static/media/food/icecream_parfait.jpg
スシロー,クラシックプリン,pudding,
スシロー,わらび餅と大学芋のどっちも盛り,,(tile)
スシロー,大学いも,,(tile)
スシロー,京都峯嵐堂のわらびもち,,(tile)
スシロー,フローズンマンゴー,,(tile)
スシロー,北海道バニラアイス（カップ）,icecream_parfait,/static/media/food/icecream_parfait.jpg
スシロー,特上セット10種（1人前）,teishoku,/static/media/food/teishoku.jpg
スシロー,特上セット10種（2人前）,teishoku,/static/media/food/teishoku.jpg
スシロー,特上セット10種（3人前）,teishoku,/static/media/food/teishoku.jpg
スシロー,特上セット10種（4人前）,teishoku,/static/media/food/teishoku.jpg
スシロー,特上セット12種（1人前）,teishoku,/static/media/food/teishoku.jpg
スシロー,特上セット12種（2人前）,teishoku,/static/media/food/teishoku.jpg
スシロー,特上セット12種（3人前）,teishoku,/static/media/food/teishoku.jpg
スシロー,スシローセット10種（1人前）,teishoku,/static/media/food/teishoku.jpg
スシロー,スシローセット10種（2人前）,teishoku,/static/media/food/teishoku.jpg
スシロー,スシローセット10種（3人前）,teishoku,/static/media/food/teishoku.jpg
スシロー,スシローセット10種（4人前）,teishoku,/static/media/food/teishoku.jpg
スシロー,スシローセット12種（1人前）,teishoku,/static/media/food/teishoku.jpg
スシロー,スシローセット12種（2人前）,teishoku,/static/media/food/teishoku.jpg
スシロー,スシローセット12種（3人前）,teishoku,/static/media/food/teishoku.jpg
スシロー,スシローお手頃セット8種（1人前）,teishoku,/static/media/food/teishoku.jpg
スシロー,スシローお手頃セット8種（2人前）,teishoku,/static/media/food/teishoku.jpg
スシロー,スシローお手頃セット8種（3人前）,teishoku,/static/media/food/teishoku.jpg
スシロー,スシローお手頃セット8種（4人前）,teishoku,/static/media/food/teishoku.jpg
スシロー,まぐろサーモンセット4種（1人前）,teishoku,/static/media/food/teishoku.jpg
スシロー,まぐろサーモンセット4種（2人前）,teishoku,/static/media/food/teishoku.jpg
スシロー,まぐろサーモンセット4種（3人前）,teishoku,/static/media/food/teishoku.jpg
スシロー,まぐろサーモンセット4種（4人前）,teishoku,/static/media/food/teishoku.jpg
スシロー,粉末緑茶18本入り,green_tea,/static/media/food/green_tea.jpg
スシロー,赤だし(カップ),,(tile)
スシロー,甘だれ230ml,,(tile)
スターバックス-コーヒー,ブリュード コーヒー,coffee,/static/media/food/coffee.jpg
スターバックス-コーヒー,カフェ ミスト,,(tile)
スターバックス-コーヒー,コールドブリュー コーヒー,coffee,/static/media/food/coffee.jpg
スターバックス-コーヒー,スイート ミルクコーヒー,coffee,/static/media/food/coffee.jpg
スターバックス-コーヒー,コーヒー プレス,coffee,/static/media/food/coffee.jpg
スターバックス-コーヒー,ポットサービス,,(tile)
スターバックス-コーヒー,スターバックス® コーヒートラベラー,coffee,/static/media/food/coffee.jpg
スターバックス-コーヒー,トゥデイズ コーヒー,coffee,/static/media/food/coffee.jpg
スターバックス-コーヒー,シーズナル コーヒー,coffee,/static/media/food/coffee.jpg
スターバックス-コーヒー,コールドブリューフロート,juice_beverage,/static/media/food/juice_beverage.jpg
スターバックス-コーヒー,リザーブコーヒープレス,coffee,/static/media/food/coffee.jpg
スターバックス-コーヒー,コールド ブリュー ソーダ マンゴー & トロピカル,juice_beverage,/static/media/food/juice_beverage.jpg
スターバックス-コーヒー,コールド ブリュー ソーダ グリーンアップル ＆ ライム,juice_beverage,/static/media/food/juice_beverage.jpg
スターバックス-コーヒー,スターバックス リザーブ® コーヒープレス,coffee,/static/media/food/coffee.jpg
スターバックス-コーヒー,スターバックス リザーブ® クローバー,,(tile)
スターバックス-コーヒー,スターバックス リザーブ® ナイトロ コールドブリュー コーヒー,coffee,/static/media/food/coffee.jpg
スターバックス-コーヒー,ナイトロ コールドブリューフロート,juice_beverage,/static/media/food/juice_beverage.jpg
スターバックス-コーヒー,コールド ブリュー グリーンフィズ パイナップル & ミント,donut,/static/media/food/donut.jpg
スターバックス-コーヒー,コールド ブリュー グリーンフィズ グリーンアップル & ライム,,(tile)
スターバックス-コーヒー,クローバー,,(tile)
スターバックス-コーヒー,モッドバー プアオーバー,,(tile)
スターバックス-コーヒー,サイフォン,,(tile)
スターバックス-コーヒー,ケメックス,,(tile)
スターバックス-コーヒー,ロースタリー フライト,yakiniku_steak,/static/media/food/yakiniku_steak.jpg
スターバックス-コーヒー,コールド ブリュー,,(tile)
スターバックス-コーヒー,ナイトロ コールド ブリュー,,(tile)
スターバックス-コーヒー,バレルエイジド コールド ブリュー,,(tile)
スターバックス-コーヒー,ビター クリーム コーヒー,coffee,/static/media/food/coffee.jpg
スターバックス-コーヒー,キャラメル マキアート,,(tile)
スターバックス-コーヒー,スターバックス ラテ,coffee,/static/media/food/coffee.jpg
スターバックス-コーヒー,ソイ ラテ,coffee,/static/media/food/coffee.jpg
スターバックス-コーヒー,アーモンドミルク ラテ,milk_drink,/static/media/food/milk_drink.jpg
スターバックス-コーヒー,オーツミルク ラテ,milk_drink,/static/media/food/milk_drink.jpg
スターバックス-コーヒー,カプチーノ,coffee,/static/media/food/coffee.jpg
スターバックス-コーヒー,カフェ モカ,,(tile)
スターバックス-コーヒー,ホワイト モカ,,(tile)
スターバックス-コーヒー,カフェ アメリカーノ,,(tile)
スターバックス-コーヒー,エスプレッソ,coffee,/static/media/food/coffee.jpg
スターバックス-コーヒー,トリプルエスプレッソ ラテ,coffee,/static/media/food/coffee.jpg
スターバックス-コーヒー,ディカフェ バニラ ラテ,coffee,/static/media/food/coffee.jpg
スターバックス-コーヒー,コールドクラシックムース バニラマキアート,,(tile)
スターバックス-コーヒー,スターバックス リザーブ® スイート ミルク コーヒー,coffee,/static/media/food/coffee.jpg
スターバックス-コーヒー,クラシック ダブル トール ラテ,coffee,/static/media/food/coffee.jpg
スターバックス-コーヒー,ストロベリー ラベンダー ラテ,coffee,/static/media/food/coffee.jpg
スターバックス-コーヒー,ショートブレッド ラテ,toast_breakfast,/static/media/food/toast_breakfast.jpg
スターバックス-コーヒー,シナモン ムース フォーム ハニー ラテ,coffee,/static/media/food/coffee.jpg
スターバックス-コーヒー,カフェ ラテ,coffee,/static/media/food/coffee.jpg
スターバックス-コーヒー,GINZA ダブル トール キャラメル マキアート,,(tile)
スターバックス-コーヒー,スターバックス リザーブ® 黒糖 ラテ,coffee,/static/media/food/coffee.jpg
スターバックス-コーヒー,クラフトキャラメル ラテ,coffee,/static/media/food/coffee.jpg
スターバックス-コーヒー,ムース フォーム マキアート,pho,/static/media/food/pho.jpg
スターバックス-コーヒー,シェケラート,,(tile)
スターバックス-コーヒー,シェケラート フレッド,,(tile)
スターバックス-コーヒー,ロング ブラック,,(tile)
スターバックス-コーヒー,ホワイト ソイ ラテ,coffee,/static/media/food/coffee.jpg
スターバックス-コーヒー,クラシック チョコレート ラテ,coffee,/static/media/food/coffee.jpg
スターバックス-コーヒー,エスプレッソ ドピオ,coffee,/static/media/food/coffee.jpg
スターバックス-コーヒー,エスプレッソ トゥワイスアップ,coffee,/static/media/food/coffee.jpg
スターバックス-コーヒー,クラシックアフォガート,,(tile)
スターバックス-コーヒー,和三蜜 ムース フォーム アーモンドミルク ラテ,coffee,/static/media/food/coffee.jpg
スターバックス-コーヒー,バナナ アフォガート フラペチーノ®,,(tile)
スターバックス-コーヒー,[モバイルオーダーのみ]バナナ アフォガート フラペチーノ® エスプレッソショット追加,coffee,/static/media/food/coffee.jpg
スターバックス-コーヒー,ハニー バナナ フラペチーノ®,,(tile)
スターバックス-コーヒー,スターバックス ストロベリー フラペチーノ®,,(tile)
スターバックス-コーヒー,エスプレッソ  アフォガート フラペチーノ®,coffee,/static/media/food/coffee.jpg
スターバックス-コーヒー,コーヒー フラペチーノ®,coffee,/static/media/food/coffee.jpg
スターバックス-コーヒー,ダーク モカ チップ フラペチーノ®,,(tile)
スターバックス-コーヒー,キャラメル フラペチーノ®,,(tile)
スターバックス-コーヒー,抹茶 クリーム フラペチーノ®,tea_matcha,/static/media/food/tea_matcha.jpg
スターバックス-コーヒー,バニラ クリーム フラペチーノ®,,(tile)
スターバックス-コーヒー,マンゴー パッション ティー フラペチーノ®,tea_matcha,/static/media/food/tea_matcha.jpg
スターバックス-コーヒー,キッズ チョコレート フラペチーノ®,chocolate,/static/media/food/chocolate.jpg
スターバックス-コーヒー,キッズ ストロベリー フラペチーノ®,,(tile)
スターバックス-コーヒー,キッズ ミルク クリーム フラペチーノ®,milk_drink,/static/media/food/milk_drink.jpg
スターバックス-コーヒー,My フルーツ³ フラペチーノ® 完熟白桃,,(tile)
スターバックス-コーヒー,My フルーツ³ フラペチーノ® ストロベリー,,(tile)
スターバックス-コーヒー,My フルーツ³ フラペチーノ® バナナマンゴー&アサイーベリー,,(tile)
スターバックス-コーヒー,パイン & ココナッツ フローズン ティー フロート,donut,/static/media/food/donut.jpg
スターバックス-コーヒー,ゆず & シトラス ラベンダー セージ ティー フラペチーノ®,tea_matcha,/static/media/food/tea_matcha.jpg
スターバックス-コーヒー,ストロベリー & パッション ティー フラペチーノ®,tea_matcha,/static/media/food/tea_matcha.jpg
スターバックス-コーヒー,和三蜜 抹茶 フラペチーノ®,tea_matcha,/static/media/food/tea_matcha.jpg
スターバックス-コーヒー,和三蜜 ほうじ茶 フラペチーノ®,green_tea,/static/media/food/green_tea.jpg
スターバックス-コーヒー,GINZA 石臼抹茶 フラペチーノ®,tea_matcha,/static/media/food/tea_matcha.jpg
スターバックス-コーヒー,和三蜜 アーモンドミルク フラペチーノ®,milk_drink,/static/media/food/milk_drink.jpg
スターバックス-コーヒー,クランチー アーモンド チョコレート フラペチーノ®,teishoku,/static/media/food/teishoku.jpg
スターバックス-コーヒー,スターバックス リザーブ® エスプレッソ アフォガート フラペチーノ®,coffee,/static/media/food/coffee.jpg
スターバックス-コーヒー,スターバックス リザーブ® オペラ フラペチーノ​®,,(tile)
スターバックス-コーヒー,アールグレイ ブーケ & ティー ラテ,coffee,/static/media/food/coffee.jpg
スターバックス-コーヒー,ほうじ茶 & クラシックティー ラテ,green_tea,/static/media/food/green_tea.jpg
スターバックス-コーヒー,ゆず シトラス & ティー,tea_matcha,/static/media/food/tea_matcha.jpg
スターバックス-コーヒー,チャイ ティー ラテ,coffee,/static/media/food/coffee.jpg
スターバックス-コーヒー,抹茶 ティー ラテ,tea_matcha,/static/media/food/tea_matcha.jpg
スターバックス-コーヒー,イングリッシュ ブレックファスト ティー ラテ,coffee,/static/media/food/coffee.jpg
スターバックス-コーヒー,カモミール ティー ラテ,coffee,/static/media/food/coffee.jpg
スターバックス-コーヒー,ゼンクラウド ウーロン ティー ラテ,coffee,/static/media/food/coffee.jpg
スターバックス-コーヒー,アイスティー(ブラック),tea_matcha,/static/media/food/tea_matcha.jpg
スターバックス-コーヒー,アイスティー(パッション),tea_matcha,/static/media/food/tea_matcha.jpg
スターバックス-コーヒー,イングリッシュ ブレックファスト,,(tile)
スターバックス-コーヒー,カモミール,,(tile)
スターバックス-コーヒー,ユースベリー®,,(tile)
スターバックス-コーヒー,ゼンクラウド ウーロン,,(tile)
スターバックス-コーヒー,クラフト アイスティー パイナップル コナ ポップ,donut,/static/media/food/donut.jpg
スターバックス-コーヒー,アールグレイ ブーケ ディライト ティー ラテ,coffee,/static/media/food/coffee.jpg
スターバックス-コーヒー,和三蜜 抹茶 ティー ラテ,coffee,/static/media/food/coffee.jpg
スターバックス-コーヒー,和三蜜 ほうじ茶 ティー ラテ,coffee,/static/media/food/coffee.jpg
スターバックス-コーヒー,ジャパニーズ チャイ ティー ラテ,coffee,/static/media/food/coffee.jpg
スターバックス-コーヒー,ルイボス ティー ラテ,coffee,/static/media/food/coffee.jpg
スターバックス-コーヒー,GINZA 石臼抹茶 ティーラテ,coffee,/static/media/food/coffee.jpg
スターバックス-コーヒー,ゆず & シトラス ラベンダー セージ ティー,tea_matcha,/static/media/food/tea_matcha.jpg
スターバックス-コーヒー,ストロベリー & パッション ティー,tea_matcha,/static/media/food/tea_matcha.jpg
スターバックス-コーヒー,アイスティー(アールグレイ ブーケ ディライト),tea_matcha,/static/media/food/tea_matcha.jpg
スターバックス-コーヒー,アイス ティー(ピーチ トランクイリティ),icecream_parfait,/static/media/food/icecream_parfait.jpg
スターバックス-コーヒー,アイスティー(シトラス ラベンダー セージ),tea_matcha,/static/media/food/tea_matcha.jpg
スターバックス-コーヒー,GINZA 石臼抹茶 ムース ティー & ストロベリー,tea_matcha,/static/media/food/tea_matcha.jpg
スターバックス-コーヒー,アールグレイ ブーケ ディライト,,(tile)
スターバックス-コーヒー,ピーチ トランクイリティ,,(tile)
スターバックス-コーヒー,シトラス ラベンダー セージ,,(tile)
スターバックス-コーヒー,ルワンダ ブラック ティー,tea_matcha,/static/media/food/tea_matcha.jpg
スターバックス-コーヒー,BBTEA by FRAGMENT,,(tile)
スターバックス-コーヒー,石臼抹茶 マンゴー ココナッツ ラテ,tea_matcha,/static/media/food/tea_matcha.jpg
スターバックス-コーヒー,笹香り 涼み煎茶（わらび餅入り）,green_tea,/static/media/food/green_tea.jpg
スターバックス-コーヒー,ホット ティー・アイス ティー,tea_matcha,/static/media/food/tea_matcha.jpg
スターバックス-コーヒー,ティバーナ™ ロイヤル ミルク ティー,tea_matcha,/static/media/food/tea_matcha.jpg
スターバックス-コーヒー,ホット 石臼抹茶 ティー ラテ,coffee,/static/media/food/coffee.jpg
スターバックス-コーヒー,アイス 石臼抹茶 ティー ラテ,icecream_parfait,/static/media/food/icecream_parfait.jpg
スターバックス-コーヒー,ティバーナ™ クリーム ソーダ 抹茶,tea_matcha,/static/media/food/tea_matcha.jpg
スターバックス-コーヒー,石臼抹茶 アフォガート,tea_matcha,/static/media/food/tea_matcha.jpg
スターバックス-コーヒー,ごろっと イチゴ ミルク,milk_drink,/static/media/food/milk_drink.jpg
スターバックス-コーヒー,チラックス ソーダ ストロベリー,juice_beverage,/static/media/food/juice_beverage.jpg
スターバックス-コーヒー,チラックス ソーダ ゆずシトラス,juice_beverage,/static/media/food/juice_beverage.jpg
スターバックス-コーヒー,ホワイト チョコレート ミルク,milk_drink,/static/media/food/milk_drink.jpg
スターバックス-コーヒー,ココア,cocoa_drink,/static/media/food/cocoa_drink.jpg
スターバックス-コーヒー,ミルク,milk_drink,/static/media/food/milk_drink.jpg
スターバックス-コーヒー,キッズ ココア,cocoa_drink,/static/media/food/cocoa_drink.jpg
スターバックス-コーヒー,キッズ ミルク,milk_drink,/static/media/food/milk_drink.jpg
スターバックス-コーヒー,be juicy ! kids （アップルミックス）,,(tile)
スターバックス-コーヒー,be juicy ! kids （オレンジミックス）,,(tile)
スターバックス-コーヒー,クラシック チョコレート クリーム,chocolate,/static/media/food/chocolate.jpg
スターバックス-コーヒー,バニラ クリーム,,(tile)
スターバックス-コーヒー,アリビアーモ™ フローズン コーヒー & シトラス,coffee,/static/media/food/coffee.jpg
スターバックス-コーヒー,アリビアーモ™ フローズン コーヒー & シトラス（スピリットフリー）,coffee,/static/media/food/coffee.jpg
スターバックス-コーヒー,ティバーナ™ スプリッツァー シトラス ラベンダー セージ,,(tile)
スターバックス-コーヒー,シトラス ラベンダー セージ ティー ソーダ,juice_beverage,/static/media/food/juice_beverage.jpg
スターバックス-コーヒー,ブラン ド ヨイチ キュベ ガストロノミック シンフォニー ジャスミン,,(tile)
スターバックス-コーヒー,ロゼ ド ヨイチ キュベ ガストロノミック シンフォニー ライムエード,,(tile)
スターバックス-コーヒー,ティバーナ™ 石臼抹茶 マティーニ,tea_matcha,/static/media/food/tea_matcha.jpg
スターバックス-コーヒー,ティバーナ™ 石臼抹茶 マティーニ（スピリットフリー）,tea_matcha,/static/media/food/tea_matcha.jpg
スターバックス-コーヒー,バレルエイジド マティーニ（スピリットフリー）,tea_matcha,/static/media/food/tea_matcha.jpg
スターバックス-コーヒー,バレルエイジド アイリッシュ コーヒー（スピリットフリー）,coffee,/static/media/food/coffee.jpg
スターバックス-コーヒー,中目黒 コーヒー ＆ ティー ドリップ,tea_matcha,/static/media/food/tea_matcha.jpg
スターバックス-コーヒー,バレル エイジド カラヒージョ,,(tile)
スターバックス-コーヒー,アリビアーモ™  エスプレッソ トニック,coffee,/static/media/food/coffee.jpg
スターバックス-コーヒー,スターバックス リザーブ エスプレッソ マティーニ,tea_matcha,/static/media/food/tea_matcha.jpg
スターバックス-コーヒー,スターバックス リザーブ エスプレッソ マティーニ フライト,fry_seafood,/static/media/food/fry_seafood.jpg
スターバックス-コーヒー,キネマ カプチーノ,coffee,/static/media/food/coffee.jpg
スターバックス-コーヒー,シトラス コーヒーモーニ,coffee,/static/media/food/coffee.jpg
スターバックス-コーヒー,シネマ カプチーノ,coffee,/static/media/food/coffee.jpg
スターバックス-コーヒー,東京 レモンチェッロ サワー,chuhai,/static/media/food/chuhai.jpg
スターバックス-コーヒー,ニュー トーキョー ファッション,,(tile)
スターバックス-コーヒー,コールド ブリュー モヒート,cocktail,/static/media/food/cocktail.jpg
スターバックス-コーヒー,コールドブリュー ジン トニック,,(tile)
スターバックス-コーヒー,アイリッシュ コーヒー,coffee,/static/media/food/coffee.jpg
スターバックス-コーヒー,ブラック＆ホワイト ルシアン,,(tile)
スターバックス-コーヒー,カスカラ カシス フィズ,cocktail,/static/media/food/cocktail.jpg
スターバックス-コーヒー,リバーサイド エール,,(tile)
スターバックス-コーヒー,ニューヨークチーズケーキ,cake_dessert,/static/media/food/cake_dessert.png
スターバックス-コーヒー,アールグレイ バスクチーズケーキ,cake_dessert,/static/media/food/cake_dessert.png
スターバックス-コーヒー,ブルーベリーレアチーズケーキ,cake_dessert,/static/media/food/cake_dessert.png
スターバックス-コーヒー,バナナ&キャラメルケーキ,cake_dessert,/static/media/food/cake_dessert.png
スターバックス-コーヒー,ストロベリーカスタードタルト,cake_dessert,/static/media/food/cake_dessert.png
スターバックス-コーヒー,クリームシフォンケーキ,cake_dessert,/static/media/food/cake_dessert.png
スターバックス-コーヒー,チョコレートテリーヌ,chocolate,/static/media/food/chocolate.jpg
スターバックス-コーヒー,トルタ ペスカロッサ,,(tile)
スターバックス-コーヒー,コルネッティ ティラミス,cake_dessert,/static/media/food/cake_dessert.png
スターバックス-コーヒー,プリンチーナ,pudding,
スターバックス-コーヒー,トルタ ディ バナナ,,(tile)
スターバックス-コーヒー,シュガードーナツ,donut,/static/media/food/donut.jpg
スターバックス-コーヒー,バナナチョコドーナツ,donut,/static/media/food/donut.jpg
スターバックス-コーヒー,ストロベリードーナツ,donut,/static/media/food/donut.jpg
スターバックス-コーヒー,バニラ オールドファッションドーナツ,donut,/static/media/food/donut.jpg
スターバックス-コーヒー,チョコレートチャンクスコーン,chocolate,/static/media/food/chocolate.jpg
スターバックス-コーヒー,ブルーベリースコーン,,(tile)
スターバックス-コーヒー,チョコレートバブカ,chocolate,/static/media/food/chocolate.jpg
スターバックス-コーヒー,シナモンロール,,(tile)
スターバックス-コーヒー,アメリカンワッフル,waffle,
スターバックス-コーヒー,レモンキューブケーキ,cake_dessert,/static/media/food/cake_dessert.png
スターバックス-コーヒー,あんバタースコーンサンド,burger_classic,/static/media/food/burger_classic.jpg
スターバックス-コーヒー,シュガー ドーナツボール,donut,/static/media/food/donut.jpg
スターバックス-コーヒー,ベーコンとほうれん草のキッシュ,bacon_dish,
スターバックス-コーヒー,あらびきソーセージパイ,donut,/static/media/food/donut.jpg
スターバックス-コーヒー,コルネッティ,,(tile)
スターバックス-コーヒー,コルネッティ クレマ,,(tile)
スターバックス-コーヒー,コルネッティ ヘーゼルナッツクリーム,nuts_snack,/static/media/food/nuts_snack.png
スターバックス-コーヒー,コルネッティ ハムチーズ,cheese_plate,
スターバックス-コーヒー,ハム&マリボーチーズ 石窯フィローネ,cheese_plate,
スターバックス-コーヒー,ハーブソーセージ 石窯フィローネ,sausage,/static/media/food/sausage.jpg
スターバックス-コーヒー,チキン&チーズアラビアータ 石窯フィローネ,cheese_plate,
スターバックス-コーヒー,チキン&チーズ ホットトルティーヤ,cheese_plate,
スターバックス-コーヒー,バジルポーク ホットトルティーヤ,tonkatsu_pork,/static/media/food/tonkatsu_pork.jpg
スターバックス-コーヒー,クロックムッシュ,,(tile)
スターバックス-コーヒー,ブルーベリー ベーグルサンド,burger_classic,/static/media/food/burger_classic.jpg
スターバックス-コーヒー,クラブハウス 石窯カンパーニュサンド,sandwich,/static/media/food/sandwich.jpg
スターバックス-コーヒー,ポークカツ 石窯カンパーニュサンド,tonkatsu_pork,/static/media/food/tonkatsu_pork.jpg
スターバックス-コーヒー,ハム&チーズ 石窯カンパーニュサンド,cheese_plate,
スターバックス-コーヒー,根菜チキン サラダラップ,karaage_chicken,/static/media/food/karaage_chicken.jpg
スターバックス-コーヒー,タコス サラダラップ,tacos,/static/media/food/tacos.jpg
スターバックス-コーヒー,チョコレートチャンククッキー,cookie,/static/media/food/cookie.jpg
スターバックス-コーヒー,ホワイトチョコレートチャンク&マカダミアクッキー,cookie,/static/media/food/cookie.jpg
スターバックス-コーヒー,バウムクーヘン,,(tile)
スターバックス-コーヒー,アーモンドフロランタン,nuts_snack,/static/media/food/nuts_snack.png
スターバックス-コーヒー,チョコレートマカロン,chocolate,/static/media/food/chocolate.jpg
スターバックス-コーヒー,キャラメルポップコーン&プレッツェル,popcorn,
スターバックス-コーヒー,ポテトチップス シーソルト,french_fries,/static/media/food/french_fries.jpg
スターバックス-コーヒー,3種のフルーツグミ,,(tile)
スターバックス-コーヒー,2種のクッキー アソートセット,cookie,/static/media/food/cookie.jpg
スターバックス-コーヒー,クッキー&バウムクーヘン アソートセット,cookie,/static/media/food/cookie.jpg
スターバックス-コーヒー,クッキー&フロランタン アソートセット,cookie,/static/media/food/cookie.jpg
スターバックス-コーヒー,TEAVANA™ キャンディー 石臼抹茶 ティー ラテ,coffee,/static/media/food/coffee.jpg
スターバックス-コーヒー,TEAVANA™ キャンディー ピーチ トランクイリティ,,(tile)
スターバックス-コーヒー,アフターコーヒーキャンディー ハッカ王林,coffee,/static/media/food/coffee.jpg
スターバックス-コーヒー,アフターコーヒーキャンディー ハッカあまおう,coffee,/static/media/food/coffee.jpg
スターバックス-コーヒー,スターバックス リザーブ クルミッ子,,(tile)
スターバックス-コーヒー,スターバックス リザーブ® ロースタリー 福砂屋キューブ中目黒,yakiniku_steak,/static/media/food/yakiniku_steak.jpg
スターバックス-コーヒー,スターバックス リザーブ® ロースタリー 福砂屋カステラ中目黒,yakiniku_steak,/static/media/food/yakiniku_steak.jpg
スターバックス-コーヒー,スターバックス リザーブ® ロースタリー 福砂屋ラスク中目黒,yakiniku_steak,/static/media/food/yakiniku_steak.jpg
スターバックス-コーヒー,スターバックス リザーブ® ロースタリー green bean to bar CHOCOLATE ボンボンショコラ4pcs,juice_beverage,/static/media/food/juice_beverage.jpg
スターバックス-コーヒー,スターバックス リザーブ® ロースタリー green bean to bar CHOCOLATE ボンボンショコラ8pcs,juice_beverage,/static/media/food/juice_beverage.jpg
スターバックス-コーヒー,スターバックス リザーブ® ロースタリー green bean to bar CHOCOLATE パロブランコペルー50% ミルク,milk_drink,/static/media/food/milk_drink.jpg
スターバックス-コーヒー,スターバックス リザーブ® ロースタリー green bean to bar CHOCOLATE マダガスカル70%,juice_beverage,/static/media/food/juice_beverage.jpg
スターバックス-コーヒー,ヨーグルト&バナナグラノーラ,,(tile)
スターバックス-コーヒー,アサイーベリー ヨーグルト&グラノーラ,,(tile)
ステーキのどん,ワイルドポークマウンテン150g,tonkatsu_pork,/static/media/food/tonkatsu_pork.jpg
ステーキのどん,ワイルドポークマウンテン200g,tonkatsu_pork,/static/media/food/tonkatsu_pork.jpg
ステーキのどん,芳醇牛ハラミステーキ,steak_plate,/static/media/food/steak_plate.jpg
ステーキのどん,芳醇牛ハラミステーキ80g&どんハンバーグ,yakiniku_steak,/static/media/food/yakiniku_steak.jpg
ステーキのどん,リブロインステーキ230g,steak_plate,/static/media/food/steak_plate.jpg
ステーキのどん,切出しリブロインステーキ,steak_plate,/static/media/food/steak_plate.jpg
ステーキのどん,まるごと焼レモンステーキ,steak_plate,/static/media/food/steak_plate.jpg
ステーキのどん,激アツステーキ,steak_plate,/static/media/food/steak_plate.jpg
ステーキのどん,激アツステーキ〈ネギ&ガーリック〉,steak_plate,/static/media/food/steak_plate.jpg
ステーキのどん,激アツステーキHOT,steak_plate,/static/media/food/steak_plate.jpg
ステーキのどん,激アツステーキ130g+ハーフチキングリル,karaage_chicken,/static/media/food/karaage_chicken.jpg
ステーキのどん,激アツステーキ130g+超粗挽きハンバーグ180g,yakiniku_steak,/static/media/food/yakiniku_steak.jpg
ステーキのどん,激アツステーキ130g+どんハンバーグ（デミグラスソース）,yakiniku_steak,/static/media/food/yakiniku_steak.jpg
ステーキのどん,サーロインステーキ,steak_plate,/static/media/food/steak_plate.jpg
ステーキのどん,カットステーキ,steak_plate,/static/media/food/steak_plate.jpg
ステーキのどん,カットステーキ（100g）＆自家製ビーフシチュー,steak_plate,/static/media/food/steak_plate.jpg
ステーキのどん,チキングリルステーキ,steak_plate,/static/media/food/steak_plate.jpg
ステーキのどん,旨辛サクサクチキン,karaage_chicken,/static/media/food/karaage_chicken.jpg
ステーキのどん,チキン&切落しビーフ,karaage_chicken,/static/media/food/karaage_chicken.jpg
ステーキのどん,超・粗挽きハンバーグステーキ,steak_plate,/static/media/food/steak_plate.jpg
ステーキのどん,ハーフチキングリル＆超・粗挽きハンバーグステーキ180g,steak_plate,/static/media/food/steak_plate.jpg
ステーキのどん,切落しビーフ（60g）&超・粗挽きハンバーグステーキ180g,steak_plate,/static/media/food/steak_plate.jpg
ステーキのどん,粗挽きソーセージ&超・粗挽きハンバーグステーキ180g,steak_plate,/static/media/food/steak_plate.jpg
ステーキのどん,チーズインハンバーグ【デミグラスソース】150g,yakiniku_steak,/static/media/food/yakiniku_steak.jpg
ステーキのどん,和風ハンバーグ【ポン酢】200g,yakiniku_steak,/static/media/food/yakiniku_steak.jpg
ステーキのどん,デミ玉ハンバーグ【デミグラスソース】200g,yakiniku_steak,/static/media/food/yakiniku_steak.jpg
ステーキのどん,どんハンバーグ【デミグラスソース】200g,yakiniku_steak,/static/media/food/yakiniku_steak.jpg
ステーキのどん,ミックスビーフコンボ,,(tile)
ステーキのどん,ミックス海老フライコンボ,fry_seafood,/static/media/food/fry_seafood.jpg
ステーキのどん,ハーフチキングリル＆どんハンバーグ,yakiniku_steak,/static/media/food/yakiniku_steak.jpg
ステーキのどん,切落しビーフ（60g）&どんハンバーグ,yakiniku_steak,/static/media/food/yakiniku_steak.jpg
ステーキのどん,切落しビーフ（60g）&チーズインハンバーグ（150g）,yakiniku_steak,/static/media/food/yakiniku_steak.jpg
ステーキのどん,どんハンバーグ&自家製ビーフシチュー,yakiniku_steak,/static/media/food/yakiniku_steak.jpg
ステーキのどん,横綱ハンバーグ,yakiniku_steak,/static/media/food/yakiniku_steak.jpg
ステーキのどん,どんタワーハンバーグ,yakiniku_steak,/static/media/food/yakiniku_steak.jpg
ステーキのどん,ハンバーグ(130g)＆ハーフチキングリルランチ,yakiniku_steak,/static/media/food/yakiniku_steak.jpg
ステーキのどん,テリマヨチキンステーキランチ,teishoku,/static/media/food/teishoku.jpg
ステーキのどん,チキングリルステーキランチ,teishoku,/static/media/food/teishoku.jpg
ステーキのどん,ガーリックポークグリルランチ,teishoku,/static/media/food/teishoku.jpg
ステーキのどん,3種のミックスグリルランチ,teishoku,/static/media/food/teishoku.jpg
ステーキのどん,ハンバーグ130g＆ポークグリルランチ,teishoku,/static/media/food/teishoku.jpg
ステーキのどん,ハンバーグ130g＆シーフードグリルランチ,teishoku,/static/media/food/teishoku.jpg
ステーキのどん,トリプルグルメコンボランチ,teishoku,/static/media/food/teishoku.jpg
ステーキのどん,サーロインステーキランチ（150g）,teishoku,/static/media/food/teishoku.jpg
ステーキのどん,【店舗限定】牛タンハンバーグランチ,teishoku,/static/media/food/teishoku.jpg
ステーキのどん,ハンバーグ＆自家製ビーフシチューランチ,teishoku,/static/media/food/teishoku.jpg
ステーキのどん,ランチミニサラダ,salad_green,
ステーキのどん,ランチドリンクバー（お料理ご注文の方）,teishoku,/static/media/food/teishoku.jpg
ステーキのどん,Aセット ミニフレッシュサラダ+コーンスープ,teishoku,/static/media/food/teishoku.jpg
ステーキのどん,Bセット コーンスープ+ドリンクバーセット,teishoku,/static/media/food/teishoku.jpg
ステーキのどん,Cセット ミニフレッシュサラダ+ドリンクバーセット,teishoku,/static/media/food/teishoku.jpg
ステーキのどん,Sセット ミニフレッシュサラダ+コーンスープ+ドリンクバーセット,teishoku,/static/media/food/teishoku.jpg
ステーキのどん,プラスドリンクバー,,(tile)
ステーキのどん,たっぷり海老のチーズドリア（スープバー付）,doria,/static/media/food/doria.jpg
ステーキのどん,ライス,gohan_rice,
ステーキのどん,パン,,(tile)
ステーキのどん,ガーリックライス,gohan_rice,
ステーキのどん,焼き野菜グリル（トマトガーリックソース）,,(tile)
ステーキのどん,～削りたてチーズの～フレッシュシーザーサラダ,salad_green,
ステーキのどん,どんミックスサラダ,salad_green,
ステーキのどん,どんミックスサラダ＜ハーフサイズ＞,salad_green,
ステーキのどん,海老たっぷりサラダ,salad_green,
ステーキのどん,海老たっぷりサラダ＜ハーフサイズ＞,salad_green,
ステーキのどん,フライドポテト,french_fries,/static/media/food/french_fries.jpg
ステーキのどん,鶏の唐揚げ,karaage_chicken,/static/media/food/karaage_chicken.jpg
ステーキのどん,自家製ビーフシチュー,,(tile)
ステーキのどん,ほうれん草の半熟卵のせ,tamago_egg,/static/media/food/tamago_egg.jpg
ステーキのどん,コーンポタージュ,soup_corn,
ステーキのどん,ミニフレッシュサラダ,salad_green,
ステーキのどん,バターコーン,,(tile)
ステーキのどん,わくわく★ジューシーステーキ（100g）,steak_plate,/static/media/food/steak_plate.jpg
ステーキのどん,ジュニアハンバーグ130g&チキングリル100g,karaage_chicken,/static/media/food/karaage_chicken.jpg
ステーキのどん,低アレルゲンハンバーグ,yakiniku_steak,/static/media/food/yakiniku_steak.jpg
ステーキのどん,お子さまハンバーグ,yakiniku_steak,/static/media/food/yakiniku_steak.jpg
ステーキのどん,お子さまカレー,curry_rice,/static/media/food/curry_rice.jpg
ステーキのどん,ハンバーグプレート,yakiniku_steak,/static/media/food/yakiniku_steak.jpg
ステーキのどん,カレープレート,curry_rice,/static/media/food/curry_rice.jpg
ステーキのどん,お子さまパンケーキ,pancakes,
ステーキのどん,ベビーフード,,(tile)
ステーキのどん,お子さまフライドポテト,french_fries,/static/media/food/french_fries.jpg
ステーキのどん,お子さまからあげ,karaage_chicken,/static/media/food/karaage_chicken.jpg
ステーキのどん,お子さまコーンスープ,soup_corn,
ステーキのどん,おこさまドリンクバー（小学3年生まで無料）,,(tile)
ステーキのどん,おこさまドリンクバー（小学6年生まで）お料理ご注文の方,,(tile)
ステーキのどん,王道チュロス（キャラメルソース）,donut,/static/media/food/donut.jpg
ステーキのどん,パフェアフォガード,icecream_parfait,/static/media/food/icecream_parfait.jpg
ステーキのどん,チョコパフェ,icecream_parfait,/static/media/food/icecream_parfait.jpg
ステーキのどん,ベリーベリーパフェ,icecream_parfait,/static/media/food/icecream_parfait.jpg
ステーキのどん,選べるペアアイス,icecream_parfait,/static/media/food/icecream_parfait.jpg
ステーキのどん,選べるプチアイス,icecream_parfait,/static/media/food/icecream_parfait.jpg
ステーキガスト,はらぺこチキン竜田ランチ（うま塩にんにく）,teishoku,/static/media/food/teishoku.jpg
ステーキガスト,はらぺこチキン竜田ランチ（コクうま味噌）,teishoku,/static/media/food/teishoku.jpg
ステーキガスト,はらぺこチキン竜田ランチ（ジンジャー醤油）,teishoku,/static/media/food/teishoku.jpg
ステーキガスト,はらぺこチキン竜田ランチ（トマトガーリック）,teishoku,/static/media/food/teishoku.jpg
ステーキガスト,はらぺこごろごろにんにくのチキン竜田ランチ うま塩にんにく,teishoku,/static/media/food/teishoku.jpg
ステーキガスト,はらぺこごろごろにんにくのチキン竜田ランチ コクうま味噌,teishoku,/static/media/food/teishoku.jpg
ステーキガスト,はらぺこごろごろにんにくのチキン竜田ランチ ジンジャー醤油,teishoku,/static/media/food/teishoku.jpg
ステーキガスト,はらぺこごろごろにんにくのチキン竜田ランチ トマトガーリック,teishoku,/static/media/food/teishoku.jpg
ステーキガスト,【月曜日】チキンステーキ＆ジャンボフランク,steak_plate,/static/media/food/steak_plate.jpg
ステーキガスト,【火曜日】チキンステーキ＆アジフライ,fry_seafood,/static/media/food/fry_seafood.jpg
ステーキガスト,【水曜日】チキンステーキ＆厚切りベーコン,bacon_dish,
ステーキガスト,【木曜日】チキンステーキ＆サクサクコロッケ,korokke,/static/media/food/korokke.jpg
ステーキガスト,【金曜日】チキンステーキ＆ミニハンバーグ,yakiniku_steak,/static/media/food/yakiniku_steak.jpg
ステーキガスト,【土曜日】チキンステーキ＆白身魚フライ,fry_seafood,/static/media/food/fry_seafood.jpg
ステーキガスト,【日曜日】チキンステーキ＆エビフライ,fry_seafood,/static/media/food/fry_seafood.jpg
ステーキガスト,【月曜日】ハンバーグ＆ポークグリル＆アジフライ,fry_seafood,/static/media/food/fry_seafood.jpg
ステーキガスト,【火曜日】ハンバーグ＆チキングリル＆ジャンボフランク,karaage_chicken,/static/media/food/karaage_chicken.jpg
ステーキガスト,【水曜日】ハンバーグ＆ポークグリル＆エビフライ,fry_seafood,/static/media/food/fry_seafood.jpg
ステーキガスト,【木曜日】ハンバーグ＆チキングリル＆厚切りベーコン,bacon_dish,
ステーキガスト,【金曜日】ハンバーグ＆チキングリル＆サクサクコロッケ,korokke,/static/media/food/korokke.jpg
ステーキガスト,【土曜日】ハンバーグ＆ポークグリル＆白身魚フライ,fry_seafood,/static/media/food/fry_seafood.jpg
ステーキガスト,【日曜日】ハンバーグ＆チキングリル＆エビフライ,fry_seafood,/static/media/food/fry_seafood.jpg
ステーキガスト,超粗びきステーキバーグ（ライト）,steak_plate,/static/media/food/steak_plate.jpg
ステーキガスト,超粗びきステーキバーグ✕2（レギュラー）,steak_plate,/static/media/food/steak_plate.jpg
ステーキガスト,超粗びきステーキバーグ✕3（ラージ）,steak_plate,/static/media/food/steak_plate.jpg
ステーキガスト,超粗びきステーキバーグ✕4（キング）,steak_plate,/static/media/food/steak_plate.jpg
ステーキガスト,超粗びきステーキバーグ＆チキングリル,karaage_chicken,/static/media/food/karaage_chicken.jpg
ステーキガスト,しそ香る和風おろし超粗びきステーキバーグ,steak_plate,/static/media/food/steak_plate.jpg
ステーキガスト,チーズINハンバーグ,yakiniku_steak,/static/media/food/yakiniku_steak.jpg
ステーキガスト,チーズINハンバーグ＆目玉焼き,tamago_egg,/static/media/food/tamago_egg.jpg
ステーキガスト,チーズINハンバーグミックスグリル,yakiniku_steak,/static/media/food/yakiniku_steak.jpg
ステーキガスト,ハンバーグ,yakiniku_steak,/static/media/food/yakiniku_steak.jpg
ステーキガスト,ハンバーグ＆目玉焼き,tamago_egg,/static/media/food/tamago_egg.jpg
ステーキガスト,ミックスグリル,,(tile)
ステーキガスト,しそ香る和風おろしハンバーグ,yakiniku_steak,/static/media/food/yakiniku_steak.jpg
ステーキガスト,チキンステーキ,steak_plate,/static/media/food/steak_plate.jpg
ステーキガスト,しそ香る和風おろしチキンステーキ,steak_plate,/static/media/food/steak_plate.jpg
ステーキガスト,ごろごろにんにくチキンステーキ,steak_plate,/static/media/food/steak_plate.jpg
ステーキガスト,みすじステーキ(約100g),steak_plate,/static/media/food/steak_plate.jpg
ステーキガスト,みすじステーキ(約150g),steak_plate,/static/media/food/steak_plate.jpg
ステーキガスト,みすじステーキ（約200g）（約100g×2枚）,steak_plate,/static/media/food/steak_plate.jpg
ステーキガスト,みすじステーキ（約300g）（約150g×2枚）,steak_plate,/static/media/food/steak_plate.jpg
ステーキガスト,みすじステーキ(約100g)＆チキングリル,steak_plate,/static/media/food/steak_plate.jpg
ステーキガスト,みすじステーキ（約100g）＆肩ロースステーキ（約120g）,steak_plate,/static/media/food/steak_plate.jpg
ステーキガスト,みすじステーキ(約100g)＆超粗びきステーキバーグ,steak_plate,/static/media/food/steak_plate.jpg
ステーキガスト,ラウンドステーキ(約120g),steak_plate,/static/media/food/steak_plate.jpg
ステーキガスト,ラウンドステーキ(約180g),steak_plate,/static/media/food/steak_plate.jpg
ステーキガスト,ラウンドステーキ(約120g)＆みすじステーキ(約100g),steak_plate,/static/media/food/steak_plate.jpg
ステーキガスト,ラウンドステーキ（約120g）＆肩ロースステーキ（約120g）,steak_plate,/static/media/food/steak_plate.jpg
ステーキガスト,ラウンドステーキ(約120g)＆超粗びきステーキバーグ,steak_plate,/static/media/food/steak_plate.jpg
ステーキガスト,乱切りステーキ(約120g),steak_plate,/static/media/food/steak_plate.jpg
ステーキガスト,乱切りステーキ(約180g),steak_plate,/static/media/food/steak_plate.jpg
ステーキガスト,肩ロースステーキ(約120g),steak_plate,/static/media/food/steak_plate.jpg
ステーキガスト,肩ロースステーキ(約240g)（約120g×2枚）,steak_plate,/static/media/food/steak_plate.jpg
ステーキガスト,肩ロースステーキ（約120g）＆超粗びきステーキバーグ,steak_plate,/static/media/food/steak_plate.jpg
ステーキガスト,やわらかカットステーキ(約120g),steak_plate,/static/media/food/steak_plate.jpg
ステーキガスト,やわらかカットステーキ(約180g),steak_plate,/static/media/food/steak_plate.jpg
ステーキガスト,MEGA盛りやわらかカットステーキ(約400g),steak_plate,/static/media/food/steak_plate.jpg
ステーキガスト,やわらかカットステーキ(約120g)＆チキングリル,steak_plate,/static/media/food/steak_plate.jpg
ステーキガスト,やわらかカットステーキ（約120g）＆超粗びきステーキバーグ,steak_plate,/static/media/food/steak_plate.jpg
ステーキガスト,やわらかカットステーキ(約120g)＆ラウンドステーキ(約120g),steak_plate,/static/media/food/steak_plate.jpg
ステーキガスト,ヒレステーキ(約100g),steak_plate,/static/media/food/steak_plate.jpg
ステーキガスト,ヒレステーキ(約200g)（約100g×2枚）,steak_plate,/static/media/food/steak_plate.jpg
ステーキガスト,ヒレカットステーキ(約100g),steak_plate,/static/media/food/steak_plate.jpg
ステーキガスト,ヒレカットステーキ(約150g),steak_plate,/static/media/food/steak_plate.jpg
ステーキガスト,［単品］ランチ健康サラダバーフルセット,teishoku,/static/media/food/teishoku.jpg
ステーキガスト,アイダホポテト,french_fries,/static/media/food/french_fries.jpg
ステーキガスト,アイダホポテト（マヨコーン）,french_fries,/static/media/food/french_fries.jpg
ステーキガスト,アイダホポテト（ベーコン＆チェダーチーズ）,french_fries,/static/media/food/french_fries.jpg
ステーキガスト,ジャンボフランク盛り合わせ,,(tile)
ステーキガスト,わいわいポテトフライ特製ガーリックバター,fry_seafood,/static/media/food/fry_seafood.jpg
ステーキガスト,チキングリル,karaage_chicken,/static/media/food/karaage_chicken.jpg
ステーキガスト,特製ガーリックバター,,(tile)
ステーキガスト,ジャンボフランク,,(tile)
ステーキガスト,ミニハンバーグ,yakiniku_steak,/static/media/food/yakiniku_steak.jpg
ステーキガスト,目玉焼き,tamago_egg,/static/media/food/tamago_egg.jpg
ステーキガスト,ポークグリル,tonkatsu_pork,/static/media/food/tonkatsu_pork.jpg
ステーキガスト,厚切りベーコン,bacon_dish,
ステーキガスト,プリプリ大エビフライ,fry_seafood,/static/media/food/fry_seafood.jpg
ステーキガスト,サクサクコロッケ,korokke,/static/media/food/korokke.jpg
ステーキガスト,大葉おろし,,(tile)
ステーキガスト,ポテトフライ,fry_seafood,/static/media/food/fry_seafood.jpg
ステーキガスト,チェダーチーズ,cheese_plate,
ステーキガスト,［トッピング］ごろごろニンニク,,(tile)
ステーキガスト,濃厚肉汁ソース,,(tile)
ステーキガスト,芳醇デミグラスソース,,(tile)
ステーキガスト,タルタルソース,,(tile)
ステーキガスト,マヨネーズ,,(tile)
ステーキガスト,ケチャップ,,(tile)
ステーキガスト,プライムサーロインステーキ(約200g),steak_plate,/static/media/food/steak_plate.jpg
ステーキガスト,プライムサーロインカットステーキ(約100g)＆ラウンドステーキ(約120g),steak_plate,/static/media/food/steak_plate.jpg
ステーキガスト,プライムサーロインカットステーキ(約100g)＆ジャンボフランク＆チキングリル,steak_plate,/static/media/food/steak_plate.jpg
ステーキガスト,プライムサーロインカットステーキ(約100g)＆超粗びきステーキバーグ,steak_plate,/static/media/food/steak_plate.jpg
ステーキガスト,みすじステーキ(約200g)（約100g×2枚）,steak_plate,/static/media/food/steak_plate.jpg
ステーキガスト,みすじステーキ(約300g)（約150g×2枚）,steak_plate,/static/media/food/steak_plate.jpg
ステーキガスト,みすじステーキ(約100g)＆肩ロースステーキ(約120g),steak_plate,/static/media/food/steak_plate.jpg
ステーキガスト,ラウンドステーキ(約120g)＆肩ロースステーキ(約120g),steak_plate,/static/media/food/steak_plate.jpg
ステーキガスト,肩ロースステーキ(約120g)＆超粗びきステーキバーグ,steak_plate,/static/media/food/steak_plate.jpg
ステーキガスト,やわらかカットステーキ(約120g)＆超粗びきステーキバーグ,steak_plate,/static/media/food/steak_plate.jpg
ステーキガスト,超粗びきステーキバーグ×２（レギュラー）,steak_plate,/static/media/food/steak_plate.jpg
ステーキガスト,超粗びきステーキバーグ×３（ラージ）,steak_plate,/static/media/food/steak_plate.jpg
ステーキガスト,超粗びきステーキバーグ×４（キング）,steak_plate,/static/media/food/steak_plate.jpg
ステーキガスト,【お好きなデザート１品】,,(tile)
ステーキガスト,まとめてご注文するとお得【お好きなデザート２品】,,(tile)
ステーキガスト,まとめてご注文するとお得【お好きなデザート３品】,,(tile)
ステーキガスト,［単品］健康サラダバーフルセット,teishoku,/static/media/food/teishoku.jpg
ステーキガスト,健康サラダバーフルセット,teishoku,/static/media/food/teishoku.jpg
ステーキガスト,カレー・ライス・スープバーセット,teishoku,/static/media/food/teishoku.jpg
ステーキガスト,ライス・スープバーセット＆ミニサラダ付,salad_green,
ステーキガスト,ライス・スープバーセット,teishoku,/static/media/food/teishoku.jpg
ステーキガスト,ベジタブルバーセット,teishoku,/static/media/food/teishoku.jpg
ステーキガスト,単品ライス,gohan_rice,
ステーキガスト,単品大盛ライス,gohan_rice,
ステーキガスト,（低アレルゲン）キッズカレー,curry_rice,/static/media/food/curry_rice.jpg
ステーキガスト,キッズバーグ,,(tile)
ステーキガスト,キッズパンケーキ,pancakes,
ステーキガスト,キッズたっぷりみかん,,(tile)
ステーキガスト,キッズドリンクバー※小学生以下※3歳以下無料,,(tile)
ステーキガスト,【単品】キッズ健康サラダバーフルセット※小学生以下※3歳以下無料,teishoku,/static/media/food/teishoku.jpg
ステーキガスト,ラッキーハンバーグ＆目玉焼き,tamago_egg,/static/media/food/tamago_egg.jpg
ステーキガスト,ラッキーハンバーグ＆エビフライ,fry_seafood,/static/media/food/fry_seafood.jpg
ステーキガスト,ラッキーチキングリル＆目玉焼き,tamago_egg,/static/media/food/tamago_egg.jpg
ステーキガスト,ラッキードリンクバー※小学生までのメニュー,,(tile)
ステーキガスト,単品ドリンクバー,,(tile)
ステーキガスト,セットドリンクバー,teishoku,/static/media/food/teishoku.jpg
ステーキガスト,ランチセットドリンクバー,teishoku,/static/media/food/teishoku.jpg
ステーキガスト,ハッピーアワーザ・プレミアムモルツ樽生ジョッキ,,(tile)
ステーキガスト,ハッピーアワー角ハイボール,whisky,/static/media/food/whisky.jpg
ステーキガスト,ハッピーアワー甘くないレモンサワー,chuhai,/static/media/food/chuhai.jpg
ステーキガスト,ハッピーアワーはちみつレモンサワー,chuhai,/static/media/food/chuhai.jpg
ステーキガスト,ザ・プレミアムモルツ樽生ジョッキ,,(tile)
ステーキガスト,角ハイボール,whisky,/static/media/food/whisky.jpg
ステーキガスト,甘くないレモンサワー,chuhai,/static/media/food/chuhai.jpg
ステーキガスト,はちみつレモンサワー,chuhai,/static/media/food/chuhai.jpg
ステーキガスト,グラス ワイン（赤） １２０ml,wine_drink,/static/media/food/wine_drink.jpg
ステーキガスト,グラス ワイン（白） １２０ml,wine_drink,/static/media/food/wine_drink.jpg
ステーキガスト,キャラフェ ワイン（赤）５００ml,wine_drink,/static/media/food/wine_drink.jpg
ステーキガスト,キャラフェ ワイン（白）５００ml,wine_drink,/static/media/food/wine_drink.jpg
ステーキガスト,ボトル ワイン（赤）７５０ml,wine_drink,/static/media/food/wine_drink.jpg
ステーキガスト,ボトル ワイン（白）７５０ml,wine_drink,/static/media/food/wine_drink.jpg
ステーキガスト,コドルニウ セコ ハーフ（スパークリング 白）,champagne,/static/media/food/champagne.jpg
ステーキガスト,ドライゼロ,,(tile)
ステーキ宮,サーロインステーキ,steak_plate,/static/media/food/steak_plate.jpg
ステーキ宮,サーロインカットステーキ,steak_plate,/static/media/food/steak_plate.jpg
ステーキ宮,宮ステーキ,steak_plate,/static/media/food/steak_plate.jpg
ステーキ宮,宮カットステーキ,steak_plate,/static/media/food/steak_plate.jpg
ステーキ宮,チャックテールフラップステーキ,steak_plate,/static/media/food/steak_plate.jpg
ステーキ宮,ワイルドカットステーキ,steak_plate,/static/media/food/steak_plate.jpg
ステーキ宮,ヒレステーキ,steak_plate,/static/media/food/steak_plate.jpg
ステーキ宮,宮ハンバーグ 180g,yakiniku_steak,/static/media/food/yakiniku_steak.jpg
ステーキ宮,宮ハンバーグダブル 360g（180g×2）,yakiniku_steak,/static/media/food/yakiniku_steak.jpg
ステーキ宮,宮チーズハンバーグ 180g,yakiniku_steak,/static/media/food/yakiniku_steak.jpg
ステーキ宮,宮チーズハンバーグダブル 360g（180g×2）,yakiniku_steak,/static/media/food/yakiniku_steak.jpg
ステーキ宮,和風おろし宮ハンバーグ 180g,yakiniku_steak,/static/media/food/yakiniku_steak.jpg
ステーキ宮,エッグ宮ハンバーグ 180g,yakiniku_steak,/static/media/food/yakiniku_steak.jpg
ステーキ宮,宮ハンバーグ120g＆宮カットステーキ80g,steak_plate,/static/media/food/steak_plate.jpg
ステーキ宮,宮ハンバーグ120g＆宮カットステーキ80g＆ミニ海老グラタン,gratin,/static/media/food/gratin.jpg
ステーキ宮,宮ハンバーグ120g＆ワイルドカットステーキ80g,steak_plate,/static/media/food/steak_plate.jpg
ステーキ宮,宮ハンバーグ120g＆サーロインカットステーキ80g,steak_plate,/static/media/food/steak_plate.jpg
ステーキ宮,宮ハンバーグ120g＆サーロインステーキ70g,steak_plate,/static/media/food/steak_plate.jpg
ステーキ宮,宮ハンバーグ120g＆ヒレカットステーキ80g,steak_plate,/static/media/food/steak_plate.jpg
ステーキ宮,サーロインステーキ70g＆ヒレステーキ80g,steak_plate,/static/media/food/steak_plate.jpg
ステーキ宮,宮ハンバーグ120g＆チキングリル110g,karaage_chicken,/static/media/food/karaage_chicken.jpg
ステーキ宮,宮ハンバーグ120g＆チキングリル110g＆熟成ソーセージ,sausage,/static/media/food/sausage.jpg
ステーキ宮,宮ハンバーグ120g＆チキングリル110g＆ミニ海老グラタン,gratin,/static/media/food/gratin.jpg
ステーキ宮,チキングリル 220g,karaage_chicken,/static/media/food/karaage_chicken.jpg
ステーキ宮,宮ミートドリア,doria,/static/media/food/doria.jpg
ステーキ宮,とろ〜りチーズソースとぷりぷり海老のドリア,doria,/static/media/food/doria.jpg
ステーキ宮,ミニ海老グラタン,gratin,/static/media/food/gratin.jpg
ステーキ宮,宮デミハンバーグ120g＆メカジキソテー,yakiniku_steak,/static/media/food/yakiniku_steak.jpg
ステーキ宮,サーロインステーキ140g＆メカジキソテー,steak_plate,/static/media/food/steak_plate.jpg
ステーキ宮,ヒレステーキ120g＆メカジキソテー,steak_plate,/static/media/food/steak_plate.jpg
ステーキ宮,ミニコーンサラダ,salad_green,
ステーキ宮,ミニ海藻サラダ,salad_green,
ステーキ宮,枝豆,edamame,/static/media/food/edamame.jpg
ステーキ宮,フライドポテト,french_fries,/static/media/food/french_fries.jpg
ステーキ宮,熟成ソーセージグリル,sausage,/static/media/food/sausage.jpg
ステーキ宮,目玉焼き,tamago_egg,/static/media/food/tamago_egg.jpg
ステーキ宮,おろしポン酢,,(tile)
ステーキ宮,チーズ,cheese_plate,
ステーキ宮,熟成ソーセージ,sausage,/static/media/food/sausage.jpg
ステーキ宮,ミニパフェ チョコバナナ,icecream_parfait,/static/media/food/icecream_parfait.jpg
ステーキ宮,バニラアイス,icecream_parfait,/static/media/food/icecream_parfait.jpg
ステーキ宮,チョコアイス,icecream_parfait,/static/media/food/icecream_parfait.jpg
ステーキ宮,ティラミスプレーン,cake_dessert,/static/media/food/cake_dessert.png
ステーキ宮,バスクチーズケーキ,cake_dessert,/static/media/food/cake_dessert.png
ステーキ宮,生ビール（中）,beer_alcohol,/static/media/food/beer_alcohol.jpg
ステーキ宮,生ビール（グラス）,beer_alcohol,/static/media/food/beer_alcohol.jpg
ステーキ宮,瓶ビール（中瓶）,beer_alcohol,/static/media/food/beer_alcohol.jpg
ステーキ宮,ドライゼロ（ノンアルコール）,,(tile)
ステーキ宮,レモンサワー,chuhai,/static/media/food/chuhai.jpg
ステーキ宮,ブラックニッカハイボール,whisky,/static/media/food/whisky.jpg
ステーキ宮,ブラックニッカ（水割り・ロック）,,(tile)
ステーキ宮,ロックワイン（赤・白）,wine_drink,/static/media/food/wine_drink.jpg
ステーキ宮,グラスワイン（赤・白）,wine_drink,/static/media/food/wine_drink.jpg
ステーキ宮,カラフェワイン（赤・白）,wine_drink,/static/media/food/wine_drink.jpg
ステーキ宮,サンタ・ヘレナ・アルパカ・ロゼ［ロゼ・ボトル］,,(tile)
ステーキ宮,マプ・ソーヴィニヨン・ブラン・シャルドネ［白・ボトル］,,(tile)
ステーキ宮,マプ・カベルネ・ソーヴィニヨン・カルメネール［赤・ボトル］,,(tile)
ステーキ宮,ホットコーヒー,coffee,/static/media/food/coffee.jpg
ステーキ宮,アイスコーヒー,coffee,/static/media/food/coffee.jpg
ステーキ宮,ホットカフェラテ,coffee,/static/media/food/coffee.jpg
ステーキ宮,アイスカフェラテ,coffee,/static/media/food/coffee.jpg
ステーキ宮,ホット抹茶ラテ,coffee,/static/media/food/coffee.jpg
ステーキ宮,アイス抹茶ラテ,coffee,/static/media/food/coffee.jpg
ステーキ宮,ホットカフェモカ,,(tile)
ステーキ宮,アイスカフェモカ,icecream_parfait,/static/media/food/icecream_parfait.jpg
ステーキ宮,アイスティー（ストレート・レモン・ミルク）,tea_matcha,/static/media/food/tea_matcha.jpg
ステーキ宮,アールグレイ（ストレート・レモン・ミルク／ホットのみ）,milk_drink,/static/media/food/milk_drink.jpg
ステーキ宮,ホットロイヤルミルクティー,tea_matcha,/static/media/food/tea_matcha.jpg
ステーキ宮,アイスロイヤルミルクティー,tea_matcha,/static/media/food/tea_matcha.jpg
ステーキ宮,カプチーノ,coffee,/static/media/food/coffee.jpg
ステーキ宮,エスプレッソ,coffee,/static/media/food/coffee.jpg
ステーキ宮,オレンジジュース,juice_beverage,/static/media/food/juice_beverage.jpg
ステーキ宮,グレープフルーツジュース,juice_beverage,/static/media/food/juice_beverage.jpg
ステーキ宮,コカ・コーラ,cola_drink,/static/media/food/cola_drink.jpg
ステーキ宮,ジンジャーエール,cola_drink,/static/media/food/cola_drink.jpg
ステーキ宮,メロンソーダ,juice_beverage,/static/media/food/juice_beverage.jpg
ステーキ宮,ウーロン茶（ホットorアイス）,oolong_tea,
ステーキ宮,ミルク（ホットorアイス）,milk_drink,/static/media/food/milk_drink.jpg
ステーキ宮,ドリンクバー,,(tile)
ステーキ宮,バーフルセット（ライス・スープ・サラダ・ドリンクバー）,teishoku,/static/media/food/teishoku.jpg
ステーキ宮,ガーリックライス変更,gohan_rice,
ステーキ宮,ランチサラダバー,salad_green,
ステーキ宮,単品サラダバー,salad_green,
ステーキ宮,ランチドリンクバー,teishoku,/static/media/food/teishoku.jpg
ステーキ宮,ランチサラダバー・ドリンクバーセット,teishoku,/static/media/food/teishoku.jpg
ステーキ宮,おこさまサラダバー・ドリンクバーセット,teishoku,/static/media/food/teishoku.jpg
ステーキ宮,おこさまランチ,teishoku,/static/media/food/teishoku.jpg
ステーキ宮,低アレルゲンハンバーグ,yakiniku_steak,/static/media/food/yakiniku_steak.jpg
ステーキ宮,キッズカレープレート,curry_rice,/static/media/food/curry_rice.jpg
ステーキ宮,キッズ宮ハンバーグコンボ,yakiniku_steak,/static/media/food/yakiniku_steak.jpg
ステーキ宮,キッズカットステーキコンボ,steak_plate,/static/media/food/steak_plate.jpg
ステーキ宮,おこさまサラダバー,salad_green,
ステーキ宮,おこさまドリンクバー,,(tile)
ステーキ宮,おこさまバーフルセット,teishoku,/static/media/food/teishoku.jpg
スプラッシュ!,マハロ和牛バーガー,burger_classic,/static/media/food/burger_classic.jpg
スプラッシュ!,カルアポークサンドイッチ,sandwich,/static/media/food/sandwich.jpg
スプラッシュ!,キッズ和牛チーズスライダー,cheese_plate,
スプラッシュ!,バターミルクフライドチキンテンダー 8個,karaage_chicken,/static/media/food/karaage_chicken.jpg
スプラッシュ!,ジュニアチーズケサディーヤ,cheese_plate,
スプラッシュ!,バークウッド オールナチュラルホットドッグ,hotdog,/static/media/food/hotdog.jpg
スプラッシュ!,ベジタリアントマト＆アボカドポケボウル タロイモチップス添え,salad_green,
スプラッシュ!,トロピカルフルーツサラダ,salad_green,
スプラッシュ!,メネフネクランチタコス,tacos,/static/media/food/tacos.jpg
スプラッシュ!,パイナップルピギータコス,tacos,/static/media/food/tacos.jpg
スプラッシュ!,フラフリタコス,tacos,/static/media/food/tacos.jpg
スプラッシュ!,フライドポテトまたはケイジャンポテト,french_fries,/static/media/food/french_fries.jpg
スプラッシュ!,オニオンリング,onion_rings,/static/media/food/onion_rings.jpg
スプラッシュ!,ハワイアンアロハドッグ,hotdog,/static/media/food/hotdog.jpg
スプラッシュ!,ハワイアンジャパニーズマーケットサラダ,salad_green,
スプラッシュ!,トマト、パパイヤ、パイナップルサルサとチップス,donut,/static/media/food/donut.jpg
スプラッシュ!,海老のパン粉揚げ,sushi_shrimp,
スプラッシュ!,黒豚バオサンドバイト,burger_classic,/static/media/food/burger_classic.jpg
スプラッシュ!,アイランドスタイルシュリンプカクテル,cocktail,/static/media/food/cocktail.jpg
スプラッシュ!,スモークカルアポーク,tonkatsu_pork,/static/media/food/tonkatsu_pork.jpg
スプラッシュ!,フリフリチキン,karaage_chicken,/static/media/food/karaage_chicken.jpg
スプラッシュ!,デラックスベジタリアンチーズ,cheese_plate,
スプラッシュ!,バスキンロビンス ミニカップアイスクリーム,icecream_parfait,/static/media/food/icecream_parfait.jpg
スプラッシュ!,自家製ジンジャーエール,cola_drink,/static/media/food/cola_drink.jpg
スプラッシュ!,クランベリーとレモングラスのレモネード,lemonade,/static/media/food/lemonade.jpg
スプラッシュ!,バニラコーク,cola_drink,/static/media/food/cola_drink.jpg
スプラッシュ!,レモネード,lemonade,/static/media/food/lemonade.jpg
スプラッシュ!,レモンスカッシュ,lemonade,/static/media/food/lemonade.jpg
スプラッシュ!,ハイビスカスレモネード,lemonade,/static/media/food/lemonade.jpg
スプラッシュ!,ソーダ,juice_beverage,/static/media/food/juice_beverage.jpg
スプラッシュ!,缶ソーダ,juice_beverage,/static/media/food/juice_beverage.jpg
スプラッシュ!,100% ジュース,juice_beverage,/static/media/food/juice_beverage.jpg
スプラッシュ!,ハワイアンサン 缶ジュース,juice_beverage,/static/media/food/juice_beverage.jpg
スプラッシュ!,スラーピー,,(tile)
スプラッシュ!,淹れたてリーフアイスティー,tea_matcha,/static/media/food/tea_matcha.jpg
スプラッシュ!,アイスコーヒー,coffee,/static/media/food/coffee.jpg
スプラッシュ!,メゾンペリエ シック ロゼリーニ缶,,(tile)
スプラッシュ!,メゾンペリエ シック レモンジート缶,,(tile)
スプラッシュ!,ハイネケン ドラフト,,(tile)
スプラッシュ!,ハイネケン ドラフト スタータワー,,(tile)
スプラッシュ!,コロナ エキストラ ボトル,,(tile)
スプラッシュ!,トレーダーズ セッションIPA ボトル,,(tile)
スプラッシュ!,サントリー オールフリー ボトル,,(tile)
スプラッシュ!,ビエール・デ・ザミ 0.0 缶,,(tile)
スプラッシュ!,NV シャンドン,,(tile)
スプラッシュ!,NV モエ・エ・シャンドン ブリュット アンペリアル,,(tile)
スプラッシュ!,2023 アライ ベイ ソーヴィニヨン ブラン,,(tile)
スプラッシュ!,2022 シャノン リッジ ソーヴィニヨン ブラン,,(tile)
スプラッシュ!,2022 チャールズ スミス イヴ シャルドネ,,(tile)
スプラッシュ!,2021 チグノモロ ペペ ネロ プリミティーヴォ,tea_matcha,/static/media/food/tea_matcha.jpg
スプラッシュ!,2011 シャノン リッジ カベルネ ソーヴィニヨン,,(tile)
スプラッシュ!,2022 ソコル ブロッサー エボリューション ピノ ノワール,,(tile)
スプラッシュ!,マルガリータ,,(tile)
スプラッシュ!,ハイボール,whisky,/static/media/food/whisky.jpg
スプラッシュ!,マイタイ,,(tile)
スプラッシュ!,ピニャコラーダ,,(tile)
スプラッシュ!,プレミアムクラフト缶カクテル,cocktail,/static/media/food/cocktail.jpg
スプラッシュ!,クラシック ミュール,,(tile)
スプラッシュ!,ジンアンドグレープフルーツ,,(tile)
スプラッシュ!,レモンラズベリーモヒート,cocktail,/static/media/food/cocktail.jpg
スプラッシュ!,クラシックマルガリータ,,(tile)
スプラッシュ!,マンゴーマルガリータ,,(tile)
ソウルフードハウス,ガーリックシュリンプ,,(tile)
ソウルフードハウス,キャットフィッシュケーキ,cake_dessert,/static/media/food/cake_dessert.png
ソウルフードハウス,マック＆チーズ,cheese_plate,
ソウルフードハウス,チトリン,,(tile)
ソウルフードハウス,Sices ヴィーガン唐揚げ,karaage_chicken,/static/media/food/karaage_chicken.jpg
ソウルフードハウス,豆腐バイト,,(tile)
ソウルフードハウス,タイチリポテトウェッジ,french_fries,/static/media/food/french_fries.jpg
ソウルフードハウス,フライドピクルス,fry_seafood,/static/media/food/fry_seafood.jpg
ソウルフードハウス,BBQプルドポークケサディーヤ,tonkatsu_pork,/static/media/food/tonkatsu_pork.jpg
ソウルフードハウス,バッファローバイト,,(tile)
ソウルフードハウス,ブラックアイピーフムス,,(tile)
ソウルフードハウス,ミニケイジャンビアバッタードキャットフィッシュ＆フライ,fry_seafood,/static/media/food/fry_seafood.jpg
ソウルフードハウス,ホットフライ,fry_seafood,/static/media/food/fry_seafood.jpg
ソウルフードハウス,ホットチキンナチョス,nachos,/static/media/food/nachos.jpg
ソウルフードハウス,BBQプルドポークナチョス,nachos,/static/media/food/nachos.jpg
ソウルフードハウス,チキンアボカドナチョス,nachos,/static/media/food/nachos.jpg
ソウルフードハウス,タコス (2ピース),tacos,/static/media/food/tacos.jpg
ソウルフードハウス,ブラッケンチキンタコス,tacos,/static/media/food/tacos.jpg
ソウルフードハウス,ブラッケンシュリンプタコス,tacos,/static/media/food/tacos.jpg
ソウルフードハウス,サザンフライドキャットフィッシュタコス,tacos,/static/media/food/tacos.jpg
ソウルフードハウス,スライダー (2ピース),,(tile)
ソウルフードハウス,ナッシュビルホットチキンスライダー,karaage_chicken,/static/media/food/karaage_chicken.jpg
ソウルフードハウス,プルドBBQチキンスライダー,karaage_chicken,/static/media/food/karaage_chicken.jpg
ソウルフードハウス,プルドBBQジャックフルーツスライダー,,(tile)
ソウルフードハウス,BBQプルドポークスライダー,tonkatsu_pork,/static/media/food/tonkatsu_pork.jpg
ソウルフードハウス,ホット豆腐スライダー,,(tile)
ソウルフードハウス,キャットフィッシュスライダー,,(tile)
ソウルフードハウス,ラムスライダー,,(tile)
ソウルフードハウス,シーフードガンボ,,(tile)
ソウルフードハウス,オクラマッシュルームガンボ,,(tile)
ソウルフードハウス,SFHチリ（カップ）,,(tile)
ソウルフードハウス,SFHチリ（ボウル）,,(tile)
ソウルフードハウス,シーザーサラダ,salad_green,
ソウルフードハウス,サーモンブラックンシーザーサラダ,salad_green,
ソウルフードハウス,ブラックンチキン／グリルチキン シーザーサラダ,karaage_chicken,/static/media/food/karaage_chicken.jpg
ソウルフードハウス,アップルナッツサラダ,salad_green,
ソウルフードハウス,BBQ ブラックナマズシーザーサラダ,salad_green,
ソウルフードハウス,シュリンプ＆グリッツ,,(tile)
ソウルフードハウス,ブラックナマズ＆グリッツ,,(tile)
ソウルフードハウス,フライドナマズ＆グリッツ ケイジャンクリームソース添え,fry_seafood,/static/media/food/fry_seafood.jpg
ソウルフードハウス,マッシュルーム＆グリッツ,,(tile)
ソウルフードハウス,クレオールジャンバラヤ,,(tile)
ソウルフードハウス,カントリーフライドステーキ,steak_plate,/static/media/food/steak_plate.jpg
ソウルフードハウス,カントリーフライドチキン,karaage_chicken,/static/media/food/karaage_chicken.jpg
ソウルフードハウス,ナッシュビルホットチキン,karaage_chicken,/static/media/food/karaage_chicken.jpg
ソウルフードハウス,BBQ スペアリブ,,(tile)
ソウルフードハウス,BBQ ビーフリブフィンガー,,(tile)
ソウルフードハウス,南部風フライドナマズ,fry_seafood,/static/media/food/fry_seafood.jpg
ソウルフードハウス,ブラックナマズ,,(tile)
ソウルフードハウス,ブラックチキン,karaage_chicken,/static/media/food/karaage_chicken.jpg
ソウルフードハウス,ブラックアイドピー,,(tile)
ソウルフードハウス,フライドポテト,french_fries,/static/media/food/french_fries.jpg
ソウルフードハウス,フライドオクラ,fry_seafood,/static/media/food/fry_seafood.jpg
ソウルフードハウス,レッドビーンズ＆ライス,gohan_rice,
ソウルフードハウス,ソテーガーリックインゲン,,(tile)
ソウルフードハウス,グリーンス,,(tile)
ソウルフードハウス,ハニーグレーズドキャロット,,(tile)
ソウルフードハウス,ガーリックマッシュポテト,french_fries,/static/media/food/french_fries.jpg
ソウルフードハウス,コーンオンザコブ,,(tile)
ソウルフードハウス,コーンブレッド,toast_breakfast,/static/media/food/toast_breakfast.jpg
ソウルフードハウス,チキンワッフル,waffle,
ソウルフードハウス,グリルチキン＆ワッフル,waffle,
ソウルフードハウス,ホットチキン＆ワッフル,waffle,
ソウルフードハウス,究極のホットチキン＆ワッフル,waffle,
ソウルフードハウス,フライドナマズ＆ワッフル,waffle,
ソウルフードハウス,豆腐ワッフル,waffle,
ソウルフードハウス,グレービーチキン＆ワッフル,waffle,
ソウルフードハウス,バッファローチキン＆ワッフル,waffle,
ソウルフードハウス,究極のチキン＆ワッフル,waffle,
ソウルフードハウス,プルドポーク＆ワッフル,waffle,
ソウルフードハウス,ヴィーガン唐揚げ＆ワッフル,waffle,
ソウルフードハウス,ブラックンドサーモン＆ワッフル,waffle,
ソウルフードハウス,ワッフル,waffle,
ソウルフードハウス,グルテンフリーワッフル,waffle,
ソウルフードハウス,デザートワッフル,waffle,
タカサゴマル,定食 肉玉,teishoku,/static/media/food/teishoku.jpg
タカサゴマル,半熟玉子肉玉,tamago_egg,/static/media/food/tamago_egg.jpg
タカサゴマル,イカネギスペシャル肉玉 (イカ・ネギ・大葉),,(tile)
タカサゴマル,いか天肉玉,sushi_platter,/static/media/food/sushi_platter.jpg
タカサゴマル,海鮮肉玉 (エビ・イカ),sushi_shrimp,
タカサゴマル,海鮮肉玉デラックス (エビ・イカ・タコ・イカ天),sushi_platter,/static/media/food/sushi_platter.jpg
タカサゴマル,デミグラス肉玉,,(tile)
タカサゴマル,2種チーズデミグラス肉玉,cheese_plate,
タカサゴマル,どっさり牡蠣肉玉,,(tile)
タカサゴマル,定番組焼きそば 4種のソースのブレンド,yakisoba,/static/media/food/yakisoba.jpg
タカサゴマル,どっさり牡蠣焼きそば,yakisoba,/static/media/food/yakisoba.jpg
タカサゴマル,麺ダブル,,(tile)
タカサゴマル,半熟玉子,tamago_egg,/static/media/food/tamago_egg.jpg
タカサゴマル,大葉,,(tile)
タカサゴマル,チーズ,cheese_plate,
タカサゴマル,いか天,sushi_platter,/static/media/food/sushi_platter.jpg
タカサゴマル,ねぎ,,(tile)
タカサゴマル,キムチ,kimchi,/static/media/food/kimchi.jpg
タカサゴマル,肉ダブル,,(tile)
タカサゴマル,野菜ダブル,,(tile)
タカサゴマル,エビ,sushi_shrimp,
タカサゴマル,イカ,,(tile)
タカサゴマル,タコ,sushi_platter,/static/media/food/sushi_platter.jpg
タカサゴマル,牡蠣,,(tile)
タカサゴマル,自家製 牡蠣パテ 焼きブレッド付き,toast_breakfast,/static/media/food/toast_breakfast.jpg
タカサゴマル,牡蠣の唐揚げ トリュフ塩,karaage_chicken,/static/media/food/karaage_chicken.jpg
タカサゴマル,牡蠣とムール貝とアサリの白ワイン蒸し,wine_drink,/static/media/food/wine_drink.jpg
タカサゴマル,牡蠣鉄板焼き,,(tile)
タカサゴマル,どっさり牡蠣そば,soba,/static/media/food/soba.jpg
タカサゴマル,鶏の唐揚げ,karaage_chicken,/static/media/food/karaage_chicken.jpg
タカサゴマル,おつまみチーズフリット,cheese_plate,
タカサゴマル,ポテト,french_fries,/static/media/food/french_fries.jpg
タカサゴマル,メガポテト3倍！,french_fries,/static/media/food/french_fries.jpg
タカサゴマル,バルサミコ薫る 厚切りラムロース,yakiniku_steak,/static/media/food/yakiniku_steak.jpg
タカサゴマル,豚トロネギ焼き,,(tile)
タカサゴマル,ヤゲン軟骨 黒胡椒焼き,,(tile)
タカサゴマル,鴨のロースト焼き 野菜添え,yakiniku_steak,/static/media/food/yakiniku_steak.jpg
タカサゴマル,名物 せせり 塩胡椒焼き,horumon,
タカサゴマル,名物 雲丹牡蠣ホーレン (1個),,(tile)
タカサゴマル,焼き野菜のバーニャカウダー,,(tile)
タカサゴマル,厚切りベーコンのベーコンエッグ,bacon_dish,
タカサゴマル,鉄板で焼き上げる自家製出し巻き卵,tamago_egg,/static/media/food/tamago_egg.jpg
タカサゴマル,アボカドガリバ醤油焼き たっぷりホースラディッシュ,salad_green,
タカサゴマル,鉄板pizza (マルゲリータ),pizza,/static/media/food/pizza.jpg
タカサゴマル,懐かし赤ウインナー&激辛ケチャップ,sausage,/static/media/food/sausage.jpg
タカサゴマル,焼きチーズ&ブレッド,toast_breakfast,/static/media/food/toast_breakfast.jpg
タカサゴマル,自家製ピクルス,,(tile)
タカサゴマル,マカロニ&チーズ (マッケンチーズ),cheese_plate,
タカサゴマル,肉味噌マスカルポーネとパリパリピーマン,,(tile)
タカサゴマル,牛すじ赤ワイン煮込み,wine_drink,/static/media/food/wine_drink.jpg
タカサゴマル,やみつきキャベツ,,(tile)
タカサゴマル,よだれ鶏,,(tile)
タカサゴマル,よだれ牡蠣,,(tile)
タカサゴマル,よだれやっこ,,(tile)
タカサゴマル,よだれ餃子,gyoza,
タカサゴマル,燻製うずら玉子のポテマカサラダ,salad_green,
タカサゴマル,茹で鶏とルッコラサラダ,salad_green,
タカサゴマル,ガリガリトマト,,(tile)
タカサゴマル,漬けアボカド胡椒とパルミジャーノ,salad_green,
タカサゴマル,タン刺しネギゴマまみれ,,(tile)
タコベル,ダブル ビーフ クランチラップ スプリーム コンボ,teishoku,/static/media/food/teishoku.jpg
タコベル,ダブル ビーフ クランチラップ スプリーム,teishoku,/static/media/food/teishoku.jpg
タコベル,ビーフタコス コンボ,tacos,/static/media/food/tacos.jpg
タコベル,ビーフチーズコア ブリトーコンボ,cheese_plate,
タコベル,ビーフ クランチラップ スプリームコンボ,teishoku,/static/media/food/teishoku.jpg
タコベル,チキン ブリトーコンボ,karaage_chicken,/static/media/food/karaage_chicken.jpg
タコベル,チキン ケサディーヤコンボ,karaage_chicken,/static/media/food/karaage_chicken.jpg
タコベル,チキン ブリトーボウルコンボ,karaage_chicken,/static/media/food/karaage_chicken.jpg
タコベル,クリスピーチキン チックスターコンボ,karaage_chicken,/static/media/food/karaage_chicken.jpg
タコベル,ビッグベル,,(tile)
タコベル,プレミアムナチョス,nachos,/static/media/food/nachos.jpg
タコベル,2人でお得！！ Bell To Go For2-A,,(tile)
タコベル,2人でお得！！ Bell To Go For2-B,,(tile)
タコベル,皆で作ろう！！ DIYタコスキット 10pcs,tacos,/static/media/food/tacos.jpg
タコベル,5タコス パーティーパック(ビーフ),tacos,/static/media/food/tacos.jpg
タコベル,10タコス パーティーパック(ビーフ),tacos,/static/media/food/tacos.jpg
タコベル,ローデッドポテト,french_fries,/static/media/food/french_fries.jpg
タコベル,ビーフ タコス,tacos,/static/media/food/tacos.jpg
タコベル,ビーフ チーズコアブリトー,burrito,
タコベル,チージービーフブリトー,burrito,
タコベル,ビーフ クランチラップ スプリーム,teishoku,/static/media/food/teishoku.jpg
タコベル,チキンブリトー,burrito,
タコベル,チキン ケサディーヤ,karaage_chicken,/static/media/food/karaage_chicken.jpg
タコベル,チキンブリトーボウル,burrito,
タコベル,クリスピーチキンチックスター,karaage_chicken,/static/media/food/karaage_chicken.jpg
タコベル,サクサク！！ クリスピーチキン,karaage_chicken,/static/media/food/karaage_chicken.jpg
タコベル,サクサク食感と香ばしさ！！ シナモンツイスト,,(tile)
タコベル,メキシカンチップス,,(tile)
タコベル,シナモン トスターダ,,(tile)
タコベル,フィエスタサルサ,,(tile)
タコベル,ワカモレ,,(tile)
タコベル,ナチョチーズ,cheese_plate,
タコベル,サワークリーム,chuhai,/static/media/food/chuhai.jpg
タコベル,ハラペーニョ,,(tile)
タコベル,ビーンズ,,(tile)
タコベル,マイルドソース,,(tile)
タコベル,ファイアソース,,(tile)
タコベル,ホットソース,,(tile)
タコベル,コーラ Coke,cola_drink,/static/media/food/cola_drink.jpg
タコベル,コーラゼロ Coke Zero Sugar,cola_drink,/static/media/food/cola_drink.jpg
タコベル,ドクターペッパー Dr. Pepper,,(tile)
タリーズコーヒー,練乳ミルクアイスコーヒー,coffee,/static/media/food/coffee.jpg
タリーズコーヒー,水出しアイスコーヒー,coffee,/static/media/food/coffee.jpg
タリーズコーヒー,本日のコーヒー,coffee,/static/media/food/coffee.jpg
タリーズコーヒー,アイスコーヒー,coffee,/static/media/food/coffee.jpg
タリーズコーヒー,デカフェ コーヒー カフェインレス,coffee,/static/media/food/coffee.jpg
タリーズコーヒー,カフェ アメリカーノ,,(tile)
タリーズコーヒー,カフェオレ,,(tile)
タリーズコーヒー,カフェラテ,coffee,/static/media/food/coffee.jpg
タリーズコーヒー,カプチーノ,coffee,/static/media/food/coffee.jpg
タリーズコーヒー,ソイラテ,coffee,/static/media/food/coffee.jpg
タリーズコーヒー,ハニーミルクラテ,coffee,/static/media/food/coffee.jpg
タリーズコーヒー,カフェモカ,,(tile)
タリーズコーヒー,キャラメルラテ with ソルティーキャラメルソース,coffee,/static/media/food/coffee.jpg
タリーズコーヒー,エスプレッソマキアート,coffee,/static/media/food/coffee.jpg
タリーズコーヒー,エスプレッソコンパナ,coffee,/static/media/food/coffee.jpg
タリーズコーヒー,エスプレッソ,coffee,/static/media/food/coffee.jpg
タリーズコーヒー,＆TEA グレープフルーツセパレートティー,tea_matcha,/static/media/food/tea_matcha.jpg
タリーズコーヒー,オリジナル ～マラウイ&ダージリン～,,(tile)
タリーズコーヒー,水出しアイスティー,tea_matcha,/static/media/food/tea_matcha.jpg
タリーズコーヒー,ロイヤルミルクティー,tea_matcha,/static/media/food/tea_matcha.jpg
タリーズコーヒー,チャイミルクティー,tea_matcha,/static/media/food/tea_matcha.jpg
タリーズコーヒー,国産白桃のとろっとピーチシェイク,smoothie,/static/media/food/smoothie.jpg
タリーズコーヒー,国産メロンの食べごろメロンシェイク,smoothie,/static/media/food/smoothie.jpg
タリーズコーヒー,（16時以降 限定！）夜タリ ピーチシェイク,smoothie,/static/media/food/smoothie.jpg
タリーズコーヒー,（16時以降 限定！）夜タリ メロンシェイク,smoothie,/static/media/food/smoothie.jpg
タリーズコーヒー,エスプレッソシェイク,smoothie,/static/media/food/smoothie.jpg
タリーズコーヒー,チョコリスタ®,chocolate,/static/media/food/chocolate.jpg
タリーズコーヒー,ティーリスタ® アールグレイロイヤル,tea_matcha,/static/media/food/tea_matcha.jpg
タリーズコーヒー,抹茶リスタ®,tea_matcha,/static/media/food/tea_matcha.jpg
タリーズコーヒー,ほうじ茶リスタ®,green_tea,/static/media/food/green_tea.jpg
タリーズコーヒー,マンゴータンゴスワークル®,,(tile)
タリーズコーヒー,国産生姜のドライジンジャーエール,cola_drink,/static/media/food/cola_drink.jpg
タリーズコーヒー,宇治抹茶ラテ,coffee,/static/media/food/coffee.jpg
タリーズコーヒー,ほうじ茶ラテ,coffee,/static/media/food/coffee.jpg
タリーズコーヒー,ココアラテ,coffee,/static/media/food/coffee.jpg
タリーズコーヒー,ミルク,milk_drink,/static/media/food/milk_drink.jpg
タリーズコーヒー,ヨーグルト＆アサイー,,(tile)
タリーズコーヒー,ブラッドオレンジジュース,juice_beverage,/static/media/food/juice_beverage.jpg
タリーズコーヒー,りんごストレート100％,,(tile)
タリーズコーヒー,温野菜サラダ～バジルチーズ仕立て～,cheese_plate,
タリーズコーヒー,チキンカツサンド ～粒マスタード＆デミソース～,burger_classic,/static/media/food/burger_classic.jpg
タリーズコーヒー,３種のデリ風サラダサンド,burger_classic,/static/media/food/burger_classic.jpg
タリーズコーヒー,たっぷりタマゴサンド,burger_classic,/static/media/food/burger_classic.jpg
タリーズコーヒー,国産ポークメンチのバラエティーボックス,tea_matcha,/static/media/food/tea_matcha.jpg
タリーズコーヒー,ハムチーズ＆サラダサンド,burger_classic,/static/media/food/burger_classic.jpg
タリーズコーヒー,ベーグルサンド 塩あんバター,burger_classic,/static/media/food/burger_classic.jpg
タリーズコーヒー,サクっとクッキーデニッシュ ～シトラス＆チーズ～,cookie,/static/media/food/cookie.jpg
タリーズコーヒー,白ゴマと豆のポテトサラダ～ほうれん草パン～,salad_green,
タリーズコーヒー,シナモンロール,,(tile)
タリーズコーヒー,ベーグルサンド アールグレイミルクティー,burger_classic,/static/media/food/burger_classic.jpg
タリーズコーヒー,チョコオールドファッション,chocolate,/static/media/food/chocolate.jpg
タリーズコーヒー,アップルパイ～国産りんご＆北海道牛乳クリーム ～,milk_drink,/static/media/food/milk_drink.jpg
タリーズコーヒー,みみまでやわらかフレンチトースト,toast_breakfast,/static/media/food/toast_breakfast.jpg
タリーズコーヒー,ふんわり7穀のシュガードーナツ,donut,/static/media/food/donut.jpg
タリーズコーヒー,ハニーウォルナッツドーナツ,donut,/static/media/food/donut.jpg
タリーズコーヒー,厚切りオープンサンド チキンリモーネ,burger_classic,/static/media/food/burger_classic.jpg
タリーズコーヒー,ボールパークドッグ サルサ＆トルティーヤ,hotdog,/static/media/food/hotdog.jpg
タリーズコーヒー,イングリッシュマフィン ツナチーズ,burger_classic,/static/media/food/burger_classic.jpg
タリーズコーヒー,ピッツァ クワトロフォルマッジ,pizza,/static/media/food/pizza.jpg
タリーズコーヒー,ボールパークドッグ オリジナル,hotdog,/static/media/food/hotdog.jpg
タリーズコーヒー,ボールパークドッグ アボカド,hotdog,/static/media/food/hotdog.jpg
タリーズコーヒー,クロックムッシュのホットサンド,burger_classic,/static/media/food/burger_classic.jpg
タリーズコーヒー,彩り野菜の瀬戸内レモンパスタ ～青唐辛子風味～,pasta,/static/media/food/pasta.jpg
タリーズコーヒー,オリジナルボロネーゼ ～肉の旨みあふれる特製ラグー仕立て～,pasta,/static/media/food/pasta.jpg
タリーズコーヒー,薫りとコクのカルボナーラwithパンチェッタ,pasta,/static/media/food/pasta.jpg
タリーズコーヒー,ゴロっと茄子とベーコンの完熟トマトパスタ,pasta,/static/media/food/pasta.jpg
タリーズコーヒー,ソフトクッキー 塩キャラメル＆マカダミア,cookie,/static/media/food/cookie.jpg
タリーズコーヒー,デーツ＆カカオ 生ブラウニーバー,,(tile)
タリーズコーヒー,タリーズレーズンサンド,burger_classic,/static/media/food/burger_classic.jpg
タリーズコーヒー,バターフィナンシェ,,(tile)
タリーズコーヒー,さつまいもチップス 塩バター仕立て,,(tile)
タリーズコーヒー,ソフトクッキー プラリネ＆ダブルアーモンド,cookie,/static/media/food/cookie.jpg
タリーズコーヒー,ソフトクッキー バニラ＆チョコレートチャンク,cookie,/static/media/food/cookie.jpg
タリーズコーヒー,鳴門金時のスイートポテト,french_fries,/static/media/food/french_fries.jpg
タリーズコーヒー,バウムクーヘン,,(tile)
タリーズコーヒー,幸せを運ぶブルーベリーレアチーズ,cheese_plate,
タリーズコーヒー,T's ベイクドチーズケーキ,cake_dessert,/static/media/food/cake_dessert.png
タリーズコーヒー,ミルクレープ ダブルクリーム,crepe_sweet,/static/media/food/crepe_sweet.jpg
タリーズコーヒー,クッキークリームチーズケーキ,cake_dessert,/static/media/food/cake_dessert.png
タリーズコーヒー,クラシックチョコレートケーキ,cake_dessert,/static/media/food/cake_dessert.png
タリーズコーヒー,メープルとバターの米粉パンケーキ,pancakes,
タリーズコーヒー,フローズンカップアサイーヨーグルトテイスト,,(tile)
タリーズコーヒー,T's みたらしミルク,milk_drink,/static/media/food/milk_drink.jpg
タリーズコーヒー,T's ストロベリーミルク,milk_drink,/static/media/food/milk_drink.jpg
タリーズコーヒー,T's バニラ,,(tile)
タリーズコーヒー,T's 宇治抹茶,tea_matcha,/static/media/food/tea_matcha.jpg
タリーズコーヒー,T's カフェクラシコ,,(tile)
タリーズコーヒー,T's トリプルチョコレート,chocolate,/static/media/food/chocolate.jpg
タリーズコーヒー,おやこパスタセット,teishoku,/static/media/food/teishoku.jpg
タリーズコーヒー,ベアフルのメープル米粉パンケーキ,pancakes,
タリーズコーヒー,キッズ T'sアイス,icecream_parfait,/static/media/food/icecream_parfait.jpg
タリーズコーヒー,キッズ ふんわり7穀のシュガードーナツ,donut,/static/media/food/donut.jpg
タリーズコーヒー,キッズ ミルク,milk_drink,/static/media/food/milk_drink.jpg
タリーズコーヒー,キッズ ココア,cocoa_drink,/static/media/food/cocoa_drink.jpg
タリーズコーヒー,キッズ りんごストレート100％,,(tile)
タリーズコーヒー,幸せを運ぶブルーベリーレアチーズ セット,cheese_plate,
タリーズコーヒー,T's ベイクドチーズケーキ セット,teishoku,/static/media/food/teishoku.jpg
タリーズコーヒー,ミルクレープ ダブルクリーム セット,crepe_sweet,/static/media/food/crepe_sweet.jpg
タリーズコーヒー,クッキークリームチーズケーキ セット,cake_dessert,/static/media/food/cake_dessert.png
タリーズコーヒー,クラシックチョコレートケーキセット,teishoku,/static/media/food/teishoku.jpg
タリーズコーヒー,メープルとバターの米粉パンケーキ セット,pancakes,
タリーズコーヒー,フローズンカップアサイーヨーグルトテイスト セット,teishoku,/static/media/food/teishoku.jpg
タリーズコーヒー,彩り野菜の瀬戸内レモンパスタ ～青唐辛子風味～ セット,pasta,/static/media/food/pasta.jpg
タリーズコーヒー,オリジナルボロネーゼ ～肉の旨みあふれる特製ラグー仕立て～ セット,pasta,/static/media/food/pasta.jpg
タリーズコーヒー,薫りとコクのカルボナーラwithパンチェッタ セット,pasta,/static/media/food/pasta.jpg
タリーズコーヒー,ゴロっと茄子とベーコンの完熟トマトパスタ セット,pasta,/static/media/food/pasta.jpg
タリーズコーヒー,ピッツァ クワトロフォルマッジ セット,pizza,/static/media/food/pizza.jpg
タリーズコーヒー,厚切りオープンサンド チキンリモーネ セット,burger_classic,/static/media/food/burger_classic.jpg
タリーズコーヒー,イングリッシュマフィン ツナチーズ セット,burger_classic,/static/media/food/burger_classic.jpg
タリーズコーヒー,みみまでやわらかフレンチトースト セット,toast_breakfast,/static/media/food/toast_breakfast.jpg
タリーズコーヒー,たっぷりタマゴサンド セット,burger_classic,/static/media/food/burger_classic.jpg
タリーズコーヒー,クロックムッシュのホットサンド セット,burger_classic,/static/media/food/burger_classic.jpg
タリーズコーヒー,ハムチーズ＆サラダサンド セット,burger_classic,/static/media/food/burger_classic.jpg
タリーズコーヒー,ボールパークドッグ プレーン セット,hotdog,/static/media/food/hotdog.jpg
デニーズ,きのこデミ煮込みハンバーグ,yakiniku_steak,/static/media/food/yakiniku_steak.jpg
デニーズ,麻辣土鍋ハンバーグ,yakiniku_steak,/static/media/food/yakiniku_steak.jpg
デニーズ,彩り野菜ハンバーグ ～ライムとビネガーのソース,yakiniku_steak,/static/media/food/yakiniku_steak.jpg
デニーズ,しそおろしハンバーグ,yakiniku_steak,/static/media/food/yakiniku_steak.jpg
デニーズ,しそおろしハンバーグ &ハーフチキングリル,yakiniku_steak,/static/media/food/yakiniku_steak.jpg
デニーズ,しそおろしハンバーグ &BEEFハンバーグステーキ,yakiniku_steak,/static/media/food/yakiniku_steak.jpg
デニーズ,なすと香味野菜のハンバーグ,yakiniku_steak,/static/media/food/yakiniku_steak.jpg
デニーズ,油淋鶏&おろしハンバーグ,yakiniku_steak,/static/media/food/yakiniku_steak.jpg
デニーズ,BEEFハンバーグステーキ[約100g] ～選べるソース,steak_plate,/static/media/food/steak_plate.jpg
デニーズ,BEEFハンバーグステーキ[約200g] ～選べるソース,steak_plate,/static/media/food/steak_plate.jpg
デニーズ,BEEFハンバーグステーキ& チキングリル,steak_plate,/static/media/food/steak_plate.jpg
デニーズ,グラタン風ハンバーグ ～トリュフソース,yakiniku_steak,/static/media/food/yakiniku_steak.jpg
デニーズ,和風ハンバーグ,yakiniku_steak,/static/media/food/yakiniku_steak.jpg
デニーズ,ハンバーグカレードリア,doria,/static/media/food/doria.jpg
デニーズ,カットステーキ ～選べるソース,steak_plate,/static/media/food/steak_plate.jpg
デニーズ,Wカットステーキ ～選べるソース,steak_plate,/static/media/food/steak_plate.jpg
デニーズ,グリルチキン ～和風ソース,karaage_chicken,/static/media/food/karaage_chicken.jpg
デニーズ,グリルチキン ～醤油バターソース,karaage_chicken,/static/media/food/karaage_chicken.jpg
デニーズ,低温調理 厚切りローストポークステーキ,steak_plate,/static/media/food/steak_plate.jpg
デニーズ,香味野菜と生姜の油淋鶏,,(tile)
デニーズ,国産豚のしゃぶしゃぶ ～選べるソース,shabu,/static/media/food/shabu.jpg
デニーズ,たっぷりお肉の 土鍋ビーフシチュー,,(tile)
デニーズ,ビーフシチュー,,(tile)
デニーズ,生ハムとアボカドの 冷製ジェノベーゼ～カペリーニ,salad_green,
デニーズ,海老とアボカド たらこソース,salad_green,
デニーズ,生ハムとベーコンのカルボナーラ,pasta,/static/media/food/pasta.jpg
デニーズ,北海道バターを使用した たらこソース,pasta,/static/media/food/pasta.jpg
デニーズ,ミートソース,pasta,/static/media/food/pasta.jpg
デニーズ,なすのミートソース,pasta,/static/media/food/pasta.jpg
デニーズ,海老ドリア,doria,/static/media/food/doria.jpg
デニーズ,特製ケチャップのオムライス,omurice,/static/media/food/omurice.jpg
デニーズ,特製ケチャップのオムライス& 唐揚げ,omurice,/static/media/food/omurice.jpg
デニーズ,とろ～り卵とチーズのオムライス,omurice,/static/media/food/omurice.jpg
デニーズ,とろ～り卵とチーズのオムライス& 唐揚げ,omurice,/static/media/food/omurice.jpg
デニーズ,ミニオムライス,omurice,/static/media/food/omurice.jpg
デニーズ,ジャンバラヤ,,(tile)
デニーズ,グリルチキンのジャンバラヤ,karaage_chicken,/static/media/food/karaage_chicken.jpg
デニーズ,海老と蒸し鶏のスープごはん,gohan_rice,
デニーズ,サラダごはん ～ガパオ・ガイ,gohan_rice,
デニーズ,アジアン冷やし豆乳担々麺,ramen_shoyu,/static/media/food/ramen_shoyu.jpg
デニーズ,スパイスラーメン,ramen_shoyu,/static/media/food/ramen_shoyu.jpg
デニーズ,麻辣湯麺,,(tile)
デニーズ,香油和えそば～太白胡麻油使用,soba,/static/media/food/soba.jpg
デニーズ,ベジ和えそば ～1日に必要な野菜量の1/3が摂れる,soba,/static/media/food/soba.jpg
デニーズ,中華麺,,(tile)
デニーズ,胡麻香る四川風担々麺,ramen_shoyu,/static/media/food/ramen_shoyu.jpg
デニーズ,ミニ中華麺,,(tile)
デニーズ,月見わかめうどん,udon,/static/media/food/udon.jpg
デニーズ,アメリカンクラブハウスサンド,burger_classic,/static/media/food/burger_classic.jpg
デニーズ,D‘ｓアメリカンデラックスプレート,,(tile)
デニーズ,グリルドチーズサンド,burger_classic,/static/media/food/burger_classic.jpg
デニーズ,自家製フレンチトースト 4コ,toast_breakfast,/static/media/food/toast_breakfast.jpg
デニーズ,生ハムサラダ ～選べるドレッシング,salad_green,
デニーズ,アボカドとなすのサラダ ～選べるドレッシング,salad_green,
デニーズ,グリーンミックスサラダ ～選べるドレッシング,salad_green,
デニーズ,ポテトとジェノベーゼのサラダ,salad_green,
デニーズ,生ハム& ローストポーク,prosciutto,
デニーズ,たらマヨポテト,french_fries,/static/media/food/french_fries.jpg
デニーズ,フライドポテト,french_fries,/static/media/food/french_fries.jpg
デニーズ,シャカシャカポテト （バター醤油）,french_fries,/static/media/food/french_fries.jpg
デニーズ,ベーコンとほうれん草,bacon_dish,
デニーズ,鶏唐揚げ,karaage_chicken,/static/media/food/karaage_chicken.jpg
デニーズ,海老フライ,fry_seafood,/static/media/food/fry_seafood.jpg
デニーズ,長崎県松浦港のアジフライ,fry_seafood,/static/media/food/fry_seafood.jpg
デニーズ,コーンスープ,soup_corn,
デニーズ,オニオングラタンスープ～淡路産たまねぎ使用,soup_miso,/static/media/food/soup_miso.jpg
デニーズ,なすとほうれん草の おろし和え,,(tile)
デニーズ,みそ汁,soup_miso,/static/media/food/soup_miso.jpg
デニーズ,ライス,gohan_rice,
デニーズ,石窯ブール,,(tile)
デニーズ,黒米ともち麦ごはん（180g）,gohan_rice,
デニーズ,サントリー・ザ・プレミアム・モルツ生ビール,beer_alcohol,/static/media/food/beer_alcohol.jpg
デニーズ,サントリー・ザ・プレミアム・モルツ中瓶（500ml）,,(tile)
デニーズ,サントリー・オールフリー,,(tile)
デニーズ,左）メガ角ハイボール,whisky,/static/media/food/whisky.jpg
デニーズ,右）角ハイボール,whisky,/static/media/food/whisky.jpg
デニーズ,こだわり酒場レモンサワー,chuhai,/static/media/food/chuhai.jpg
デニーズ,翠 ジンソーダ,juice_beverage,/static/media/food/juice_beverage.jpg
デニーズ,知多ハイボール,whisky,/static/media/food/whisky.jpg
デニーズ,ハウスワイン 赤・白,wine_drink,/static/media/food/wine_drink.jpg
デニーズ,おこさまランチ(ゼリーつき),teishoku,/static/media/food/teishoku.jpg
デニーズ,おこさまハンバーガー （ゼリーつき）,burger_classic,/static/media/food/burger_classic.jpg
デニーズ,おこさまオムライス（ゼリーつき）,omurice,/static/media/food/omurice.jpg
デニーズ,おこさまカレー（ゼリーつき）,curry_rice,/static/media/food/curry_rice.jpg
デニーズ,おこさまうどん(ゼリーつき),udon,/static/media/food/udon.jpg
デニーズ,おこさまラーメン（ゼリーつき）,ramen_shoyu,/static/media/food/ramen_shoyu.jpg
デニーズ,おこさまパンケーキ(ゼリーつき),pancakes,
デニーズ,低アレルゲンプレート (りんごジュースつき),juice_beverage,/static/media/food/juice_beverage.jpg
デニーズ,低アレルゲンバーガープレート (りんごジュースつき),burger_classic,/static/media/food/burger_classic.jpg
デニーズ,おこさまドリンクバー,,(tile)
デニーズ,おこさまドリンク,,(tile)
デニーズ,りんごジュース,juice_beverage,/static/media/food/juice_beverage.jpg
デニーズ,おこさまパルフェ,,(tile)
デニーズ,低アレルゲンケーキ,cake_dessert,/static/media/food/cake_dessert.png
デニーズ,乳児向けベビーフード しらすの雑炊 （生後7～8ヶ月頃）,,(tile)
デニーズ,マスクメロンのザ・サンデー,icecream_parfait,/static/media/food/icecream_parfait.jpg
デニーズ,マスクメロンのパルフェ,,(tile)
デニーズ,マスクメロンの グラスショートケーキ,shortcake,/static/media/food/shortcake.jpg
デニーズ,マスクメロンのちょこっとパルフェ,,(tile)
デニーズ,マスクメロンのゼリーナタデココ,,(tile)
デニーズ,マスクメロンのフレッシュ,,(tile)
デニーズ,タワーパンケーキ ～国産小麦きたほなみ使用,pancakes,
デニーズ,ガーデンパンケーキ ～国産小麦きたほなみ使用,pancakes,
デニーズ,キャラメルハニーパンケーキ（3枚）,pancakes,
デニーズ,抹茶と白玉のブラウニーサンデー,icecream_parfait,/static/media/food/icecream_parfait.jpg
デニーズ,DEVIL'S ブラウニーサンデー,icecream_parfait,/static/media/food/icecream_parfait.jpg
デニーズ,ティラミス,cake_dessert,/static/media/food/cake_dessert.png
デニーズ,和み抹茶ミニパルフェ,tea_matcha,/static/media/food/tea_matcha.jpg
デニーズ,ミニミニフレンチトースト,toast_breakfast,/static/media/food/toast_breakfast.jpg
デニーズ,ニューヨークチーズケーキ,cake_dessert,/static/media/food/cake_dessert.png
デニーズ,国産小麦のパンケーキ,pancakes,
デニーズ,チョコプリンパルフェ,pudding,
デニーズ,ミニチョコサンデー,icecream_parfait,/static/media/food/icecream_parfait.jpg
デニーズ,ガトーショコラブラウニー,chocolate,/static/media/food/chocolate.jpg
デニーズ,チョコプリン,pudding,
デニーズ,葛まんじゅう,dorayaki,/static/media/food/dorayaki.jpg
デニーズ,抹茶ブラウニー,tea_matcha,/static/media/food/tea_matcha.jpg
デニーズ,アサイーヨーグルト,,(tile)
デニーズ,白玉あずき,anmitsu,/static/media/food/anmitsu.jpg
デニーズ,こだわりアイス,icecream_parfait,/static/media/food/icecream_parfait.jpg
デニーズ,ベジ和えそば ～１日に必要な野菜量の1/3が摂れる,soba,/static/media/food/soba.jpg
デニーズ,香油和えそば ～太白胡麻油使用,soba,/static/media/food/soba.jpg
デニーズ,トマトチキン &ベーコンコーン,karaage_chicken,/static/media/food/karaage_chicken.jpg
デニーズ,照りマヨチキン &ベーコンブロッコリー,karaage_chicken,/static/media/food/karaage_chicken.jpg
デニーズ,おろしハンバーグ &ベーコンほうれん草,yakiniku_steak,/static/media/food/yakiniku_steak.jpg
デニーズ,カレーハンバーグ &ベーコンコーン,yakiniku_steak,/static/media/food/yakiniku_steak.jpg
デニーズ,おろしチキン &ミートペンネグラタン,karaage_chicken,/static/media/food/karaage_chicken.jpg
デニーズ,ライトモーニング ドリンクつき,toast_breakfast,/static/media/food/toast_breakfast.jpg
デニーズ,ローストポークサラダ 石窯ブール添え ドリンクつき,salad_green,
デニーズ,バナナ,,(tile)
デニーズ,焼き鮭朝食,sushi_salmon,/static/media/food/sushi_salmon.jpg
デニーズ,ベーコンエッグ朝食,bacon_dish,
デニーズ,ふんわり卵ときのこの朝食,tamago_egg,/static/media/food/tamago_egg.jpg
デニーズ,おろしハンバーグ朝食,yakiniku_steak,/static/media/food/yakiniku_steak.jpg
デニーズ,北海道バターを使用した たらこソース ミニサラダつき,salad_green,
デニーズ,トースト,toast_breakfast,/static/media/food/toast_breakfast.jpg
デニーズ,トーストモーニング （ゆで卵かサラダを お選びいただけます）,toast_breakfast,/static/media/food/toast_breakfast.jpg
デニーズ,グリルドチーズサンド （ゆで卵かサラダを お選びいただけます）,burger_classic,/static/media/food/burger_classic.jpg
デニーズ,自家製フレンチトースト,toast_breakfast,/static/media/food/toast_breakfast.jpg
デニーズ,ブランチプレート,teishoku,/static/media/food/teishoku.jpg
デニーズ,チキンビリヤニ,karaage_chicken,/static/media/food/karaage_chicken.jpg
デニーズ,南インド風キーマカレー,curry_rice,/static/media/food/curry_rice.jpg
デニーズ,デリーチキンカレー,curry_rice,/static/media/food/curry_rice.jpg
デニーズ,自家製ラッシー,,(tile)
デニーズ,おこさまランチ (ゼリーつき),teishoku,/static/media/food/teishoku.jpg
デニーズ,おこさまオムライス （ゼリーつき）,omurice,/static/media/food/omurice.jpg
デニーズ,おこさまカレー （ゼリーつき）,curry_rice,/static/media/food/curry_rice.jpg
デニーズ,和風ハンバーグ弁当,bento,/static/media/food/bento.jpg
デニーズ,しそおろしハンバーグ弁当,bento,/static/media/food/bento.jpg
デニーズ,きのこデミ煮込みハンバーグ弁当,bento,/static/media/food/bento.jpg
デニーズ,BEEFハンバーグステーキ[約200g] ～選べるソース弁当,steak_plate,/static/media/food/steak_plate.jpg
デニーズ,カットステーキ ～選べるソース弁当,steak_plate,/static/media/food/steak_plate.jpg
デニーズ,Wカットステーキ ～選べるソース弁当,steak_plate,/static/media/food/steak_plate.jpg
デニーズ,とろ～り卵とチーズのオムライス&唐揚げ,karaage_chicken,/static/media/food/karaage_chicken.jpg
デニーズ,特製ケチャップのオムライス&唐揚げ,karaage_chicken,/static/media/food/karaage_chicken.jpg
デニーズ,生ハムとベーコンの カルボナーラ,bacon_dish,
デニーズ,アメリカンクラブ ハウスサンド,burger_classic,/static/media/food/burger_classic.jpg
デニーズ,グリルドチーズサンド （フライドポテトつき）,burger_classic,/static/media/food/burger_classic.jpg
デニーズ,麻辣湯麺【中華麺】,,(tile)
デニーズ,肉味噌和えうどん ～太白胡麻油使用,udon,/static/media/food/udon.jpg
デニーズ,しそおろしハンバーグ& ハーフチキングリル,yakiniku_steak,/static/media/food/yakiniku_steak.jpg
デニーズ,しそおろしハンバーグ& BEEFハンバーグステーキ,yakiniku_steak,/static/media/food/yakiniku_steak.jpg
デニーズ,しそおろしハンバーグ& 唐揚げ,yakiniku_steak,/static/media/food/yakiniku_steak.jpg
デニーズ,南蛮ハンバーグ&唐揚げ,karaage_chicken,/static/media/food/karaage_chicken.jpg
デニーズ,デミ&チーズソースハンバーグ,yakiniku_steak,/static/media/food/yakiniku_steak.jpg
デニーズ,ピリ辛ねぎハンバーグ,yakiniku_steak,/static/media/food/yakiniku_steak.jpg
デニーズ,ケイジャンポテト& カレードリア,french_fries,/static/media/food/french_fries.jpg
デニーズ,ミックスグリル ～選べるソース,,(tile)
デニーズ,BEEFハンバーグステーキ [約100g]～選べるソース,steak_plate,/static/media/food/steak_plate.jpg
デニーズ,BEEFハンバーグステーキ [約200g]～選べるソース,steak_plate,/static/media/food/steak_plate.jpg
デニーズ,BEEFハンバーグステーキ& チキングリル ～選べるソース,steak_plate,/static/media/food/steak_plate.jpg
デニーズ,グリルチキン～和風ソース,karaage_chicken,/static/media/food/karaage_chicken.jpg
デニーズ,アボカドとなすのサラダ ～にんじんドレッシング,salad_green,
デニーズ,シーザーサラダ ～シーザードレッシング,salad_green,
デニーズ,グリーンミックスサラダ ～にんじんドレッシング,salad_green,
デニーズ,あまおうのパルフェ,,(tile)
デニーズ,チョコレートプリンパルフェ,pudding,
デニーズ,オードブルプレート,,(tile)
デニーズ,鶏唐揚げ（3個）,karaage_chicken,/static/media/food/karaage_chicken.jpg
デニーズ,海老フライ（2本）,fry_seafood,/static/media/food/fry_seafood.jpg
デニーズ,ベーコンとほうれん草 ※アレルギーが変わりました -->,bacon_dish,
デニーズ,山盛りフライドポテト,french_fries,/static/media/food/french_fries.jpg
デニーズ,シャカシャカポテト（バター醤油）,french_fries,/static/media/food/french_fries.jpg
デニーズ,ライス大盛り,gohan_rice,
トレーダーズバー,日替わりまたはベジタリアンスープ,soup_miso,/static/media/food/soup_miso.jpg
トレーダーズバー,ローカントリー・カニスープ,soup_miso,/static/media/food/soup_miso.jpg
トレーダーズバー,ピメントチーズディップ,cheese_plate,
トレーダーズバー,ミニハッシュパピー,,(tile)
トレーダーズバー,自家製ピクルス,,(tile)
トレーダーズバー,野菜スティック,,(tile)
トレーダーズバー,バークウッドホットドッグ,hotdog,/static/media/food/hotdog.jpg
トレーダーズバー,トレーダーズ・バー・エッグ,,(tile)
トレーダーズバー,フライドズッキーニ,fry_seafood,/static/media/food/fry_seafood.jpg
トレーダーズバー,ヘルアペーニョ・ポッパーズ,,(tile)
トレーダーズバー,フライドモッツァレラ,fry_seafood,/static/media/food/fry_seafood.jpg
トレーダーズバー,ステーキファヒータ（ソテーしたパプリカと玉ねぎ添え）,steak_plate,/static/media/food/steak_plate.jpg
トレーダーズバー,和牛タコス,tacos,/static/media/food/tacos.jpg
トレーダーズバー,スライスリブアイ,gohan_rice,
トレーダーズバー,フルローデッドチリチーズドッグ,hotdog,/static/media/food/hotdog.jpg
トレーダーズバー,ナチョス・シュプリーム,nachos,/static/media/food/nachos.jpg
トレーダーズバー,クリーミーフムス,,(tile)
トレーダーズバー,カラマリ,,(tile)
トレーダーズバー,チリチーズフライ,fry_seafood,/static/media/food/fry_seafood.jpg
トレーダーズバー,クリスピーチキンウィング,karaage_chicken,/static/media/food/karaage_chicken.jpg
トレーダーズバー,BBQブレイズチキン,karaage_chicken,/static/media/food/karaage_chicken.jpg
トレーダーズバー,ソーセージとペッパーのデライト,sausage,/static/media/food/sausage.jpg
トレーダーズバー,ザ・ゴッドファーザー,,(tile)
トレーダーズバー,ベジーオーバーロード,,(tile)
トレーダーズバー,スパイシーパイ,donut,/static/media/food/donut.jpg
トレーダーズバー,オールアメリカン クランチサラダ,salad_green,
トレーダーズバー,ブースター,,(tile)
トレーダーズバー,IPA衣のジャンボフィッシュ＆チップス,,(tile)
トレーダーズバー,自家製スモーク ベビーバックリブ,,(tile)
トレーダーズバー,アストリア グリルチキンブレスト,karaage_chicken,/static/media/food/karaage_chicken.jpg
トレーダーズバー,ブラートヴルスト,,(tile)
トレーダーズバー,ホットイタリアンソーセージ,sausage,/static/media/food/sausage.jpg
トレーダーズバー,トッピング,,(tile)
トレーダーズバー,ダブルスマッシュチーズバーガー,burger_classic,/static/media/food/burger_classic.jpg
トレーダーズバー,ザ・サンド,burger_classic,/static/media/food/burger_classic.jpg
トレーダーズバー,フィッシン・グッド,,(tile)
トレーダーズバー,ルーベンサンド,burger_classic,/static/media/food/burger_classic.jpg
トレーダーズバー,ザ・リブアイ・ランブル,,(tile)
トレーダーズバー,クリスピーシーザーラップ,salad_green,
トレーダーズバー,チャイニーズチキンラップ,karaage_chicken,/static/media/food/karaage_chicken.jpg
トレーダーズバー,バッファローチキンラップ,karaage_chicken,/static/media/food/karaage_chicken.jpg
ドトールコーヒー,塩キャラメルラテ,coffee,/static/media/food/coffee.jpg
ドトールコーヒー,沖縄黒糖ラテ,coffee,/static/media/food/coffee.jpg
ドトールコーヒー,抹茶豆乳ラテ,coffee,/static/media/food/coffee.jpg
ドトールコーヒー,抹茶ラテ,coffee,/static/media/food/coffee.jpg
ドトールコーヒー,ココア,cocoa_drink,/static/media/food/cocoa_drink.jpg
ドトールコーヒー,カフェ・モカ,,(tile)
ドトールコーヒー,ブレンドコーヒー,coffee,/static/media/food/coffee.jpg
ドトールコーヒー,アメリカンコーヒー,coffee,/static/media/food/coffee.jpg
ドトールコーヒー,エスプレッソコーヒー,coffee,/static/media/food/coffee.jpg
ドトールコーヒー,カフェ・ラテ,coffee,/static/media/food/coffee.jpg
ドトールコーヒー,豆乳ラテ,coffee,/static/media/food/coffee.jpg
ドトールコーヒー,ハニーカフェ・オレ,,(tile)
ドトールコーヒー,ティー,tea_matcha,/static/media/food/tea_matcha.jpg
ドトールコーヒー,ルイボスティー,tea_matcha,/static/media/food/tea_matcha.jpg
ドトールコーヒー,ロイヤルミルクティー,tea_matcha,/static/media/food/tea_matcha.jpg
ドトールコーヒー,豆乳ティー,tea_matcha,/static/media/food/tea_matcha.jpg
ドトールコーヒー,マスカットヨーグルン～長野県産シャインマスカット～,,(tile)
ドトールコーヒー,アイスコーヒー オハナブレンド～ハワイ島自社農園コーヒー豆10％使用～,coffee,/static/media/food/coffee.jpg
ドトールコーヒー,黒糖わらびもちオレ～黒ごま～,,(tile)
ドトールコーヒー,アイス沖縄黒糖ラテ,coffee,/static/media/food/coffee.jpg
ドトールコーヒー,アイス抹茶豆乳ラテ,coffee,/static/media/food/coffee.jpg
ドトールコーヒー,アイス抹茶ラテ,coffee,/static/media/food/coffee.jpg
ドトールコーヒー,アイスココア,cocoa_drink,/static/media/food/cocoa_drink.jpg
ドトールコーヒー,アイスカフェ・モカ,icecream_parfait,/static/media/food/icecream_parfait.jpg
ドトールコーヒー,タピオカ 黒糖ミルク,milk_drink,/static/media/food/milk_drink.jpg
ドトールコーヒー,タピオカ ロイヤルミルクティー,tea_matcha,/static/media/food/tea_matcha.jpg
ドトールコーヒー,アイスコーヒー,coffee,/static/media/food/coffee.jpg
ドトールコーヒー,アイスカフェ・ラテ,coffee,/static/media/food/coffee.jpg
ドトールコーヒー,アイス豆乳ラテ,coffee,/static/media/food/coffee.jpg
ドトールコーヒー,アイスハニーカフェ・オレ,icecream_parfait,/static/media/food/icecream_parfait.jpg
ドトールコーヒー,アイスティー,tea_matcha,/static/media/food/tea_matcha.jpg
ドトールコーヒー,アイスルイボスティー,tea_matcha,/static/media/food/tea_matcha.jpg
ドトールコーヒー,アイスロイヤルミルクティー,tea_matcha,/static/media/food/tea_matcha.jpg
ドトールコーヒー,アイス豆乳ティー,tea_matcha,/static/media/food/tea_matcha.jpg
ドトールコーヒー,温州みかんジュース,juice_beverage,/static/media/food/juice_beverage.jpg
ドトールコーヒー,国産りんごジュース,juice_beverage,/static/media/food/juice_beverage.jpg
ドトールコーヒー,爽やかレモン ミラノサンドB スモークサーモン・エビ・アボカド,salad_green,
ドトールコーヒー,カマンベールinミラノサンドB スモークサーモン・エビ・アボカド,burger_classic,/static/media/food/burger_classic.jpg
ドトールコーヒー,期間限定ミラノサンド てりやきチキン ～瀬戸内レモンタルタル～,burger_classic,/static/media/food/burger_classic.jpg
ドトールコーヒー,ミラノサンドA 生ハム・ボンレスハム・ボローニャソーセージ,burger_classic,/static/media/food/burger_classic.jpg
ドトールコーヒー,チーズ in ミラノサンドA 生ハム・ボンレスハム・ボローニャソーセージ,cheese_plate,
ドトールコーヒー,ジャーマンロングドック,,(tile)
ドトールコーヒー,レタスロングドック,,(tile)
ドトールコーヒー,ジャーマンドック,,(tile)
ドトールコーヒー,レタスドック,,(tile)
ドトールコーヒー,ホットサンド 大豆のミート ～チーズ＆トマト～,burger_classic,/static/media/food/burger_classic.jpg
ドトールコーヒー,カルツォーネ ナスとチーズのボロネーゼ,pasta,/static/media/food/pasta.jpg
ドトールコーヒー,ホットサンド ツナチェダー,burger_classic,/static/media/food/burger_classic.jpg
ドトールコーヒー,トースト,toast_breakfast,/static/media/food/toast_breakfast.jpg
ドトールコーヒー,チーズトースト,toast_breakfast,/static/media/food/toast_breakfast.jpg
ドトールコーヒー,モーニング・セットB アボカド＆ツナポテト,teishoku,/static/media/food/teishoku.jpg
ドトールコーヒー,モーニング・セットA ハムタマゴサラダ,teishoku,/static/media/food/teishoku.jpg
ドトールコーヒー,【店舗限定】モーニング・セットC ベーコン・レタス・トマト・チーズ,cheese_plate,
ドトールコーヒー,ホットモーニング スモークチキン＆トマト,toast_breakfast,/static/media/food/toast_breakfast.jpg
ドトールコーヒー,沖縄県産黒糖 パリパリチョコミルクレープ,crepe_sweet,/static/media/food/crepe_sweet.jpg
ドトールコーヒー,ナッツ香るダブルチョコレートケーキ,cake_dessert,/static/media/food/cake_dessert.png
ドトールコーヒー,熊本県産和栗のモンブラン,,(tile)
ドトールコーヒー,北海道産かぼちゃのタルト,cake_dessert,/static/media/food/cake_dessert.png
ドトールコーヒー,ミルクレープ,crepe_sweet,/static/media/food/crepe_sweet.jpg
ドトールコーヒー,ベイクドチーズケーキ ～くるみ入りグラハムクッキー～,cake_dessert,/static/media/food/cake_dessert.png
ドトールコーヒー,アイスコーヒー オハナブレンド ～ハワイ島自社農園コーヒー豆10％使用～,coffee,/static/media/food/coffee.jpg
ドトールコーヒー,香り華やぐゲイシャブレンド,,(tile)
ドミノ-ピザ,クワトロ・ハッピー（Mサイズ）,,(tile)
ドミノ-ピザ,ドミノ・デラックス（Mサイズ）,horumon,
ドミノ-ピザ,アメリカン（Mサイズ）,,(tile)
ドミノ-ピザ,マルゲリータ（Mサイズ）,pizza,/static/media/food/pizza.jpg
ドミノ-ピザ,マヨじゃが（Mサイズ）,,(tile)
ドミノ-ピザ,ハーフ＆ハーフ（Mサイズ）,,(tile)
ドミノ-ピザ,あさりと桜えびの春クワトロ（Mサイズ）,sushi_shrimp,
ドミノ-ピザ,あさりと菜の花のホワイトソース（北海道産ホワイトソース使用）（Mサイズ）,,(tile)
ドミノ-ピザ,パンチェッタとそら豆の桜えびソース （駿河湾産桜えびソース使用）（Mサイズ）,sushi_shrimp,
ドミノ-ピザ,ニューヨークスタイル ペパロニラバー,,(tile)
ドミノ-ピザ,ニューヨークスタイル チーズラバー,cheese_plate,
ドミノ-ピザ,お好みクワトロ（Mサイズ）,,(tile)
ドミノ-ピザ,クワトロ・2ハッピー（Mサイズ）,,(tile)
ドミノ-ピザ,クワトロ・ジャイアント（Mサイズ）,,(tile)
ドミノ-ピザ,クワトロ・ミートマックス（Mサイズ）,,(tile)
ドミノ-ピザ,クワトロ・オールスター（Mサイズ）,,(tile)
ドミノ-ピザ,クワトロ・ペパロニラバー（Mサイズ）,,(tile)
ドミノ-ピザ,クワトロ・マヨスペシャル（Mサイズ）,,(tile)
ドミノ-ピザ,クワトロ・カマンベールミルフィーユ（Mサイズ）,,(tile)
ドミノ-ピザ,トロピカル（Mサイズ）,,(tile)
ドミノ-ピザ,ダブルモッツァレラ（Mサイズ）,,(tile)
ドミノ-ピザ,マヨシュリンプ（Mサイズ）,,(tile)
ドミノ-ピザ,ガーリック・マスター（Mサイズ）,,(tile)
ドミノ-ピザ,ジェノベーゼ（Mサイズ）,,(tile)
ドミノ-ピザ,スパイシー（Mサイズ）,donut,/static/media/food/donut.jpg
ドミノ-ピザ,ニューオーリンズBBQチキン（Mサイズ）,karaage_chicken,/static/media/food/karaage_chicken.jpg
ドミノ-ピザ,ガーリックシュリンプ（Mサイズ）,,(tile)
ドミノ-ピザ,ギガ・ミート（Mサイズ）,,(tile)
ドミノ-ピザ,炭火焼チキテリ（Mサイズ）,,(tile)
ドミノ-ピザ,高麗カルビ（Mサイズ）,yakiniku_steak,/static/media/food/yakiniku_steak.jpg
ドミノ-ピザ,炭火焼ビーフ（Mサイズ）,,(tile)
ドミノ-ピザ,ピザシェフ（Mサイズ）,pizza,/static/media/food/pizza.jpg
ドミノ-ピザ,クリスピッツァバーガー ガーリックベーコンチーズ（サイド付き）,burger_classic,/static/media/food/burger_classic.jpg
ドミノ-ピザ,ピザBENTO アメリカン,pizza,/static/media/food/pizza.jpg
ドミノ-ピザ,ピザBENTO マルゲリータ,pizza,/static/media/food/pizza.jpg
ドミノ-ピザ,ピザBENTO ドミノ・デラックス,pizza,/static/media/food/pizza.jpg
ドミノ-ピザ,ピザBENTO マヨじゃが,pizza,/static/media/food/pizza.jpg
ドミノ-ピザ,ピザBENTO ガーリック・マスター,pizza,/static/media/food/pizza.jpg
ドミノ-ピザ,ピザBENTO 炭火焼チキテリ,pizza,/static/media/food/pizza.jpg
ドミノ-ピザ,チーズソース付き ほぼ1kg からあげ,cheese_plate,
ドミノ-ピザ,チーズソース付き ほぼ1kg ポテト,cheese_plate,
ドミノ-ピザ,とろうまチェダーソース ポテナゲ（ポテト＆ナゲット）,karaage_chicken,/static/media/food/karaage_chicken.jpg
ドミノ-ピザ,とろうまチェダーソース,,(tile)
ドミノ-ピザ,ポテトフライ,fry_seafood,/static/media/food/fry_seafood.jpg
ドミノ-ピザ,コンソメポテト,french_fries,/static/media/food/french_fries.jpg
ドミノ-ピザ,チリガーリックポテト,french_fries,/static/media/food/french_fries.jpg
ドミノ-ピザ,ザクチキ,,(tile)
ドミノ-ピザ,チキンナゲット,karaage_chicken,/static/media/food/karaage_chicken.jpg
ドミノ-ピザ,ジューシーからあげ,karaage_chicken,/static/media/food/karaage_chicken.jpg
ドミノ-ピザ,骨付きフライドチキン,karaage_chicken,/static/media/food/karaage_chicken.jpg
ドミノ-ピザ,のび～るチーズ棒,cheese_plate,
ドミノ-ピザ,ザクポテ（ザクチキ＆ポテト）,french_fries,/static/media/food/french_fries.jpg
ドミノ-ピザ,ポテナゲ（ポテト＆ナゲット）,karaage_chicken,/static/media/food/karaage_chicken.jpg
ドミノ-ピザ,ポテから（ポテト＆ジューシーからあげ）,karaage_chicken,/static/media/food/karaage_chicken.jpg
ドミノ-ピザ,ポテチキ（ポテト＆骨付きフライドチキン）,karaage_chicken,/static/media/food/karaage_chicken.jpg
ドミノ-ピザ,パーティーボックス,tea_matcha,/static/media/food/tea_matcha.jpg
ドミノ-ピザ,グリーンサラダ～サウザン～,salad_green,
ドミノ-ピザ,シーザーサラダ,salad_green,
ドミノ-ピザ,コーンポタージュ,soup_corn,
ドミノ-ピザ,クラムチャウダー,soup_corn,
ドミノ-ピザ,ドミノシェイク リアルストロベリー,smoothie,/static/media/food/smoothie.jpg
ドミノ-ピザ,ドミノシェイク リアルストロベリー（ホイップクリーム）,smoothie,/static/media/food/smoothie.jpg
ドミノ-ピザ,ドミノシェイク ハッピーミルク,smoothie,/static/media/food/smoothie.jpg
ドミノ-ピザ,ドミノシェイク ハッピーミルク（ホイップクリーム）,smoothie,/static/media/food/smoothie.jpg
ドミノ-ピザ,ドミノシェイク リッチチョコレート,smoothie,/static/media/food/smoothie.jpg
ドミノ-ピザ,ドミノシェイク リッチチョコレート（ホイップクリーム）,smoothie,/static/media/food/smoothie.jpg
ドミノ-ピザ,エッグタルト,cake_dessert,/static/media/food/cake_dessert.png
ドミノ-ピザ,焼きたてフォンダンショコラ,,(tile)
ドミノ-ピザ,焼きたてカスタードパイ,donut,/static/media/food/donut.jpg
ドミノ-ピザ,レッドブル・エナジードリンク 250ml,,(tile)
ドミノ-ピザ,コカ・コーラ 500mlペットボトル,cola_drink,/static/media/food/cola_drink.jpg
ドミノ-ピザ,コカ・コーラ 1.5Lペットボトル,cola_drink,/static/media/food/cola_drink.jpg
ドミノ-ピザ,コカ・コーラゼロ 500mlペットボトル,cola_drink,/static/media/food/cola_drink.jpg
ドミノ-ピザ,コカ・コーラ ゼロ 1.5Lペットボトル,cola_drink,/static/media/food/cola_drink.jpg
ドミノ-ピザ,スプライト 470mlペットボトル,,(tile)
ドミノ-ピザ,ドクターペッパー 500mlペットボトル,,(tile)
ドミノ-ピザ,カナダドライジンジャーエール 500mlペットボトル,cola_drink,/static/media/food/cola_drink.jpg
ドミノ-ピザ,ミニッツメイド Qooオレンジ 425mlペットボトル,,(tile)
ドミノ-ピザ,爽健美茶 600mlペットボトル,tea_matcha,/static/media/food/tea_matcha.jpg
ドミノ-ピザ,タバスコ（レギュラーソース）,,(tile)
ドミノ-ピザ,ケチャップ,,(tile)
ドミノ-ピザ,BBQソース,,(tile)
ドムドムバーガー,ケバブバーガー,burger_classic,/static/media/food/burger_classic.jpg
ドムドムバーガー,ハニーマスタードチキンバーガー,burger_chicken,
ドムドムバーガー,ビッグドム,,(tile)
ドムドムバーガー,ビッグドム　チーズ,cheese_plate,
ドムドムバーガー,ビッグドム　トマト＆チーズ,cheese_plate,
ドムドムバーガー,甘辛チキンバーガー,burger_chicken,
ドムドムバーガー,エビカツバーガー,burger_fish_shrimp,
ドムドムバーガー,てりやきバーガー,burger_classic,/static/media/food/burger_classic.jpg
ドムドムバーガー,クリスピーチキンバーガー,burger_chicken,
ドムドムバーガー,フィッシュバーガー,burger_fish_shrimp,
ドムドムバーガー,ダブルチーズバーガー,burger_classic,/static/media/food/burger_classic.jpg
ドムドムバーガー,お好み焼きバーガー,burger_classic,/static/media/food/burger_classic.jpg
ドムドムバーガー,厳選ナチュラルチーズバーガー,burger_cheese,/static/media/food/burger_cheese.jpg
ドムドムバーガー,手作り厚焼きたまごバーガー,burger_classic,/static/media/food/burger_classic.jpg
ドムドムバーガー,ハンバーガー,burger_classic,/static/media/food/burger_classic.jpg
ドムドムバーガー,チーズバーガー,burger_cheese,/static/media/food/burger_cheese.jpg
ドムドムバーガー,味噌ピーチキンバーガー,burger_chicken,
ドムドムバーガー,浅草コロッケバーガー,burger_classic,/static/media/food/burger_classic.jpg
ドムドムバーガー,丸ごと ! ! カニバーガー,burger_classic,/static/media/food/burger_classic.jpg
ドムドムバーガー,ポテトフライ,fry_seafood,/static/media/food/fry_seafood.jpg
ドムドムバーガー,チキンナゲット,karaage_chicken,/static/media/food/karaage_chicken.jpg
ドムドムバーガー,チーズポテト,french_fries,/static/media/food/french_fries.jpg
ドムドムバーガー,シャカリポ,,(tile)
ドムドムバーガー,バターコーン,,(tile)
ドムドムバーガー,クリスピーチキン,karaage_chicken,/static/media/food/karaage_chicken.jpg
ドムドムバーガー,ごぼうスティック,,(tile)
ドムドムバーガー,アップルカスタードパイ,donut,/static/media/food/donut.jpg
ドムドムバーガー,かりんとう饅頭,,(tile)
ドムドムバーガー,ソフトクリームサンデー　ストロベリー,icecream_parfait,/static/media/food/icecream_parfait.jpg
ドムドムバーガー,ソフトクリームサンデー　マンゴー,icecream_parfait,/static/media/food/icecream_parfait.jpg
ドムドムバーガー,ソフトクリームサンデー　抹茶,icecream_parfait,/static/media/food/icecream_parfait.jpg
ドムドムバーガー,ソフトクリーム,soft_serve,/static/media/food/soft_serve.jpg
ドムドムバーガー,ソフトフロート　各種,juice_beverage,/static/media/food/juice_beverage.jpg
ドムドムバーガー,コーヒー,coffee,/static/media/food/coffee.jpg
ドムドムバーガー,コーラ,cola_drink,/static/media/food/cola_drink.jpg
ドムドムバーガー,メロンソーダ,juice_beverage,/static/media/food/juice_beverage.jpg
ドムドムバーガー,ホワイトウォーター,,(tile)
ドムドムバーガー,オレンジジュース,juice_beverage,/static/media/food/juice_beverage.jpg
ドムドムバーガー,ウーロン茶,oolong_tea,
ドムドムバーガー,セブンアップ,,(tile)
ドムドムバーガー,アイスティー,tea_matcha,/static/media/food/tea_matcha.jpg
ドロゲリアサンクリッカ,MARITOZZO/CAPPUCINO,,(tile)
ドロゲリアサンクリッカ,CROISSANT/CAPPUCINO,toast_breakfast,/static/media/food/toast_breakfast.jpg
ドロゲリアサンクリッカ,BREAKFAST OF THE ANGEL WITH CAPPUCINO,,(tile)
ドロゲリアサンクリッカ,SPAGHETTI ALLA CARBONARA,pasta,/static/media/food/pasta.jpg
ドロゲリアサンクリッカ,SPAGHETTI ALLA PESTO GENOVESE,pasta,/static/media/food/pasta.jpg
ドロゲリアサンクリッカ,SPAGHETTI ALLA AMATRICIANA,pasta,/static/media/food/pasta.jpg
ドロゲリアサンクリッカ,SPAGHETTI ALLA CREMA DI LIMONE DI AMALFI,pasta,/static/media/food/pasta.jpg
ドロゲリアサンクリッカ,LASAGNA,gratin,/static/media/food/gratin.jpg
ドロゲリアサンクリッカ,CROISSANT,toast_breakfast,/static/media/food/toast_breakfast.jpg
ドロゲリアサンクリッカ,CROISSANT ALLA CREMA PASTICCERA,toast_breakfast,/static/media/food/toast_breakfast.jpg
ドロゲリアサンクリッカ,CROISSANT ALLA NOCCIOLA,toast_breakfast,/static/media/food/toast_breakfast.jpg
ドロゲリアサンクリッカ,CROISSANT ALLA CREMA PISTACCHIO,toast_breakfast,/static/media/food/toast_breakfast.jpg
ドロゲリアサンクリッカ,EGG SANDWICH,sandwich,/static/media/food/sandwich.jpg
ドロゲリアサンクリッカ,CROISSANT CAPRI OR CAPRESE,toast_breakfast,/static/media/food/toast_breakfast.jpg
ドロゲリアサンクリッカ,PANINO,,(tile)
ドロゲリアサンクリッカ,HAM SANDWICH,sandwich,/static/media/food/sandwich.jpg
ドロゲリアサンクリッカ,TUNA SANDWICH,sandwich,/static/media/food/sandwich.jpg
ドロゲリアサンクリッカ,LAM PREDOTTO,,(tile)
ドロゲリアサンクリッカ,MARITOZZO DOLCE,,(tile)
ドロゲリアサンクリッカ,TIRAMISU ROSANNA,cake_dessert,/static/media/food/cake_dessert.png
ドロゲリアサンクリッカ,GELATO,icecream_parfait,/static/media/food/icecream_parfait.jpg
ドロゲリアサンクリッカ,AFFOGATO,icecream_parfait,/static/media/food/icecream_parfait.jpg
ドロゲリアサンクリッカ,PANNACOTTA,,(tile)
ドロゲリアサンクリッカ,CANELE,,(tile)
ドロゲリアサンクリッカ,FINANCIER,,(tile)
ドロゲリアサンクリッカ,TXIKI GAZTA TARTA,cake_dessert,/static/media/food/cake_dessert.png
ドロゲリアサンクリッカ,ROCHER PIEMONTE,,(tile)
ドロゲリアサンクリッカ,SPARKLING WINE,wine_drink,/static/media/food/wine_drink.jpg
ドロゲリアサンクリッカ,WHITE WINE,wine_drink,/static/media/food/wine_drink.jpg
ドロゲリアサンクリッカ,RED WINE,wine_drink,/static/media/food/wine_drink.jpg
ドロゲリアサンクリッカ,BIRRA MORETTI,,(tile)
ドロゲリアサンクリッカ,BIRRA MESSINA,,(tile)
ドロゲリアサンクリッカ,"THE ""CHITA""",,(tile)
ドロゲリアサンクリッカ,"THE ""HAKUSHU""",,(tile)
ドロゲリアサンクリッカ,PUNI ITALIAN WHISKY “GOLD”,,(tile)
ドロゲリアサンクリッカ,"GRAPPA ""CABERNET""",wine_drink,/static/media/food/wine_drink.jpg
ドロゲリアサンクリッカ,"GRAPPA ""DI CONFINE""",,(tile)
ドロゲリアサンクリッカ,"GRAPPA ""DI BAROLO"" MAROLO",,(tile)
ドロゲリアサンクリッカ,APEROL SPRITZ,cocktail,/static/media/food/cocktail.jpg
ドロゲリアサンクリッカ,CAMPARI SPRITZ,cocktail,/static/media/food/cocktail.jpg
ドロゲリアサンクリッカ,LIMONCELLO SPRITZ,cocktail,/static/media/food/cocktail.jpg
ドロゲリアサンクリッカ,SCREWDRIVER,,(tile)
ドロゲリアサンクリッカ,MOSOW MULE,,(tile)
ドロゲリアサンクリッカ,BULLDOG,,(tile)
ドロゲリアサンクリッカ,GIN TONIC,juice_beverage,/static/media/food/juice_beverage.jpg
ドロゲリアサンクリッカ,GIN RICKY,,(tile)
ドロゲリアサンクリッカ,GIN BUCK,,(tile)
ドロゲリアサンクリッカ,CASSIS ORANGE,,(tile)
ドロゲリアサンクリッカ,CASSIS GRAPEFRUIT,,(tile)
ドロゲリアサンクリッカ,CASSIS SODA,juice_beverage,/static/media/food/juice_beverage.jpg
ドロゲリアサンクリッカ,TEQUILA SUNRISE,,(tile)
ドロゲリアサンクリッカ,KITTY,,(tile)
ドロゲリアサンクリッカ,AMERICAN LEMONADE,juice_beverage,/static/media/food/juice_beverage.jpg
ドロゲリアサンクリッカ,WINE SPRITZER,cocktail,/static/media/food/cocktail.jpg
ドロゲリアサンクリッカ,SPUMONI,,(tile)
ドロゲリアサンクリッカ,CAMPARI ORANGE,,(tile)
ドロゲリアサンクリッカ,CAMPARI GRAPEFRUIT,,(tile)
ドロゲリアサンクリッカ,"JADE/VINOSIA, 750ML",,(tile)
ドロゲリアサンクリッカ,"VICARI VERDICHIO CASTELLI DI JESI, 750ML",,(tile)
ドロゲリアサンクリッカ,"NERO D'AVOLA / VINOSIA, 750ML",,(tile)
ハンビジェ,石焼ビビンバ (スープ付),bibimbap,/static/media/food/bibimbap.jpg
ハンビジェ,冷麺 (キムチ付),hiyashi_chuka,/static/media/food/hiyashi_chuka.jpg
ハンビジェ,温玉野菜ビビンバ (スープ付),bibimbap,/static/media/food/bibimbap.jpg
ハンビジェ,スンドゥブ (麦ごはん付),gohan_rice,
ハンビジェ,海鮮チヂミ,okonomiyaki,/static/media/food/okonomiyaki.jpg
ハンビジェ,チーズトッポギ,cheese_plate,
ハンビジェ,スンドゥブラーメン,ramen_shoyu,/static/media/food/ramen_shoyu.jpg
ハンビジェ,野菜チャプチェ,,(tile)
ハンビジェ,ハーフ＆ハーフセット,teishoku,/static/media/food/teishoku.jpg
ハンビジェ,サムギョプサル & チーズタッカルビセット,samgyeopsal,/static/media/food/samgyeopsal.jpg
ハンビジェ,牛カルビ & チーズタッカルビセット,yakiniku_steak,/static/media/food/yakiniku_steak.jpg
ハンビジェ,サムギョプサル & 牛カルビセット,samgyeopsal,/static/media/food/samgyeopsal.jpg
ハンビジェ,トリプルカルビセット,teishoku,/static/media/food/teishoku.jpg
ハンビジェ,サムギョプサルセット,teishoku,/static/media/food/teishoku.jpg
ハンビジェ,チーズタッカルビセット,teishoku,/static/media/food/teishoku.jpg
ハンビジェ,牛カルビセット,teishoku,/static/media/food/teishoku.jpg
ハンビジェ,彩り野菜と豚カルビセット,teishoku,/static/media/food/teishoku.jpg
ハンビジェ,ポッサムセット,teishoku,/static/media/food/teishoku.jpg
バーガーキング,クリーミーマヨ アボカドワッパーJr.Set,burger_classic,/static/media/food/burger_classic.jpg
バーガーキング,アボカドワッパーJr.セット,teishoku,/static/media/food/teishoku.jpg
バーガーキング,クアトロチーズワッパーJr.セット,teishoku,/static/media/food/teishoku.jpg
バーガーキング,ワッパーチーズJr.セット,teishoku,/static/media/food/teishoku.jpg
バーガーキング,スパイシーワッパーJr.セット,teishoku,/static/media/food/teishoku.jpg
バーガーキング,スモーキーBBQワッパーJr.セット,teishoku,/static/media/food/teishoku.jpg
バーガーキング,ワッパーJr.セット,teishoku,/static/media/food/teishoku.jpg
バーガーキング,ハッシュ＆BBQバーガーセット,teishoku,/static/media/food/teishoku.jpg
バーガーキング,フィッシュバーガーセット,teishoku,/static/media/food/teishoku.jpg
バーガーキング,BBQレタスバーガーセット,teishoku,/static/media/food/teishoku.jpg
バーガーキング,スモーキーテリヤキバーガーセット,teishoku,/static/media/food/teishoku.jpg
バーガーキング,タルタルチキンバーガーセット,teishoku,/static/media/food/teishoku.jpg
バーガーキング,チーズバーガーコンビ,burger_cheese,/static/media/food/burger_cheese.jpg
バーガーキング,チーズ＆チーズチキンコンビ,karaage_chicken,/static/media/food/karaage_chicken.jpg
バーガーキング,ハッシュブラウン,,(tile)
バーガーキング,フレンチフライ,french_fries,/static/media/food/french_fries.jpg
バーガーキング,BBQ&チーズホットドッグ,hotdog,/static/media/food/hotdog.jpg
バーガーキング,クラシックホットドッグ,hotdog,/static/media/food/hotdog.jpg
バーガーキング,スモークハウス ザ・ワンパウンダー,,(tile)
バーガーキング,ビッグバーレルA チリチーズフライ,fry_seafood,/static/media/food/fry_seafood.jpg
バーガーキング,ビッグバーレルB チキンナゲット,karaage_chicken,/static/media/food/karaage_chicken.jpg
バーガーキング,ビッグバーレルC オニオンリング,onion_rings,/static/media/food/onion_rings.jpg
バーガーキング,ベーコンダブルビーフ Big Mouth Smokehouse,bacon_dish,
バーガーキング,Onion Ringダブルビーフ Big Mouth Smokehouse,onion_rings,/static/media/food/onion_rings.jpg
バーガーキング,スモークハウス スモーキーフライドチキン,karaage_chicken,/static/media/food/karaage_chicken.jpg
バーガーキング,クリーミーマヨ アボカドワッパー,burger_classic,/static/media/food/burger_classic.jpg
バーガーキング,Doubleクリーミーマヨ アボカドワッパー,burger_classic,/static/media/food/burger_classic.jpg
バーガーキング,Cheeseクリーミーマヨ アボカドワッパー,burger_classic,/static/media/food/burger_classic.jpg
バーガーキング,クリーミーマヨ アボカドワッパーJr.,burger_classic,/static/media/food/burger_classic.jpg
バーガーキング,スパイシーサルサ アボカドワッパー,donut,/static/media/food/donut.jpg
バーガーキング,Doubleスパイシーサルサ アボカドワッパー,donut,/static/media/food/donut.jpg
バーガーキング,チーズスパイシーサルサ アボカドワッパー,donut,/static/media/food/donut.jpg
バーガーキング,Kingフュージョン パイン&ワッフルサンデー,icecream_parfait,/static/media/food/icecream_parfait.jpg
バーガーキング,ハバネロチキンナゲット,karaage_chicken,/static/media/food/karaage_chicken.jpg
バーガーキング,アボカドワッパーJr.,burger_classic,/static/media/food/burger_classic.jpg
バーガーキング,クアトロチーズワッパーJr.,burger_classic,/static/media/food/burger_classic.jpg
バーガーキング,ワッパーチーズJr.,cheese_plate,
バーガーキング,スパイシーワッパーJr.,burger_classic,/static/media/food/burger_classic.jpg
バーガーキング,スモーキーBBQワッパーJr.,burger_classic,/static/media/food/burger_classic.jpg
バーガーキング,ワッパーJr.,burger_classic,/static/media/food/burger_classic.jpg
バーガーキング,ハッシュ＆BBQバーガー,burger_classic,/static/media/food/burger_classic.jpg
バーガーキング,フィッシュバーガー,burger_fish_shrimp,
バーガーキング,BBQレタスバーガー,burger_classic,/static/media/food/burger_classic.jpg
バーガーキング,スモーキーテリヤキバーガー,burger_classic,/static/media/food/burger_classic.jpg
バーガーキング,タルタルチキンバーガー,burger_chicken,
バーガーキング,ワッパーチーズ,cheese_plate,
バーガーキング,ダブルワッパーチーズ,burger_cheese,/static/media/food/burger_cheese.jpg
バーガーキング,トリプルワッパーチーズ,cheese_plate,
バーガーキング,クアトロチーズワッパー,burger_classic,/static/media/food/burger_classic.jpg
バーガーキング,ダブルクアトロチーズワッパー,burger_classic,/static/media/food/burger_classic.jpg
バーガーキング,トリプルクアトロチーズワッパー,burger_classic,/static/media/food/burger_classic.jpg
バーガーキング,ワッパー,burger_classic,/static/media/food/burger_classic.jpg
バーガーキング,スモーキーBBQワッパー,burger_classic,/static/media/food/burger_classic.jpg
バーガーキング,テリヤキワッパー,burger_classic,/static/media/food/burger_classic.jpg
バーガーキング,スパイシーワッパー,burger_classic,/static/media/food/burger_classic.jpg
バーガーキング,アボカドワッパー,burger_classic,/static/media/food/burger_classic.jpg
バーガーキング,ダブルワッパーチーズJr.,burger_cheese,/static/media/food/burger_cheese.jpg
バーガーキング,ダブルクアトロチーズワッパーJr.,burger_classic,/static/media/food/burger_classic.jpg
バーガーキング,テリヤキワッパーJr.,burger_classic,/static/media/food/burger_classic.jpg
バーガーキング,スモーキーフライドチキン,karaage_chicken,/static/media/food/karaage_chicken.jpg
バーガーキング,スパイシースモーキーフライドチキン,karaage_chicken,/static/media/food/karaage_chicken.jpg
バーガーキング,チーズスモーキーフライドチキン,karaage_chicken,/static/media/food/karaage_chicken.jpg
バーガーキング,チーズアグリーバーガー,burger_cheese,/static/media/food/burger_cheese.jpg
バーガーキング,ダブルチーズアグリーバーガー,burger_classic,/static/media/food/burger_classic.jpg
バーガーキング,トリプルチーズアグリーバーガー,burger_cheese,/static/media/food/burger_cheese.jpg
バーガーキング,ダブルチーズバーガー,burger_classic,/static/media/food/burger_classic.jpg
バーガーキング,チーズダブルチーズバーガー,burger_cheese,/static/media/food/burger_cheese.jpg
バーガーキング,ベーコンダブルチーズバーガー,burger_classic,/static/media/food/burger_classic.jpg
バーガーキング,BBQ＆チーズホットドッグ,hotdog,/static/media/food/hotdog.jpg
バーガーキング,チーズバーガー,burger_cheese,/static/media/food/burger_cheese.jpg
バーガーキング,チキンナゲット,karaage_chicken,/static/media/food/karaage_chicken.jpg
バーガーキング,オニオンリング,onion_rings,/static/media/food/onion_rings.jpg
バーガーキング,チリチーズフライ,fry_seafood,/static/media/food/fry_seafood.jpg
バーガーキング,アメリカン スモーキーチキン4ピース,karaage_chicken,/static/media/food/karaage_chicken.jpg
バーガーキング,スナックチキン,karaage_chicken,/static/media/food/karaage_chicken.jpg
バーガーキング,シーザーサラダ,salad_green,
バーガーキング,チキンナゲット用ソース(追加),karaage_chicken,/static/media/food/karaage_chicken.jpg
バーガーキング,フロートドリンク,juice_beverage,/static/media/food/juice_beverage.jpg
バーガーキング,ソフトクリーム,soft_serve,/static/media/food/soft_serve.jpg
バーガーキング,アップルパイ,donut,/static/media/food/donut.jpg
バーガーキング,レッドブル,,(tile)
バーガーキング,コカ・コーラ,cola_drink,/static/media/food/cola_drink.jpg
バーガーキング,コカ・コーラゼロ,cola_drink,/static/media/food/cola_drink.jpg
バーガーキング,ドクターペッパー,,(tile)
バーガーキング,スプライト,,(tile)
バーガーキング,ジンジャエール,,(tile)
バーガーキング,ファンタ メロン,,(tile)
バーガーキング,ウーロン茶,oolong_tea,
バーガーキング,オレンジジュース,juice_beverage,/static/media/food/juice_beverage.jpg
バーガーキング,アイスコーヒー,coffee,/static/media/food/coffee.jpg
バーガーキング,アールグレイアイスティー,tea_matcha,/static/media/food/tea_matcha.jpg
バーガーキング,ブレンドコーヒー,coffee,/static/media/food/coffee.jpg
バーガーキング,ダージリンティー,tea_matcha,/static/media/food/tea_matcha.jpg
バーガーキング,チーズバーガーキッズセット,teishoku,/static/media/food/teishoku.jpg
バーガーキング,ハンバーガーキッズセット,teishoku,/static/media/food/teishoku.jpg
バーガーキング,チキンナゲットキッズセット,teishoku,/static/media/food/teishoku.jpg
バーミヤン,冷やし中華,hiyashi_chuka,/static/media/food/hiyashi_chuka.jpg
バーミヤン,海鮮冷やし中華,hiyashi_chuka,/static/media/food/hiyashi_chuka.jpg
バーミヤン,厚切り焼豚のバミ郎そば【マシ盛】,soba,/static/media/food/soba.jpg
バーミヤン,背脂醤油ラーメン【マシ盛】,ramen_shoyu,/static/media/food/ramen_shoyu.jpg
バーミヤン,厚切り焼豚のバミ郎そば,soba,/static/media/food/soba.jpg
バーミヤン,【背脂ラーメンフェアをご注文方限定】焼餃子６コ・ごはん,gohan_rice,
バーミヤン,背脂醤油ラーメン,ramen_shoyu,/static/media/food/ramen_shoyu.jpg
バーミヤン,【米香監修】米香（ミポン）セット,teishoku,/static/media/food/teishoku.jpg
バーミヤン,【米香監修】鱈の唐揚げ野菜甘酢あんかけ,karaage_chicken,/static/media/food/karaage_chicken.jpg
バーミヤン,【米香監修】豚の角煮,,(tile)
バーミヤン,【米香監修】鱈の唐揚げ野菜甘酢あんかけ （小皿）,karaage_chicken,/static/media/food/karaage_chicken.jpg
バーミヤン,【米香監修】海鮮焼ビーフン,,(tile)
バーミヤン,【米香監修】オアチェン（牡蠣オムレツ）,,(tile)
バーミヤン,【米香監修】オアチェン（牡蠣オムレツ）（小皿）,,(tile)
バーミヤン,台湾大からあげチャーハン,chahan,/static/media/food/chahan.jpg
バーミヤン,本格焼餃子（6コ）,gyoza,
バーミヤン,小籠包（3コ）,gyoza,
バーミヤン,皿ワンタン,,(tile)
バーミヤン,大根餅,,(tile)
バーミヤン,肉シュウマイ（5コ）,shumai,/static/media/food/shumai.jpg
バーミヤン,海老のチリソース（小皿）,sushi_shrimp,
バーミヤン,海老餃子と肉シュウマイ,shumai,/static/media/food/shumai.jpg
バーミヤン,中華風漬けまぐろ～秘醤ソース～,sushi_tuna,/static/media/food/sushi_tuna.jpg
バーミヤン,海老春巻（2本）,gyoza,
バーミヤン,タピオカ黒糖ミルク,milk_drink,/static/media/food/milk_drink.jpg
バーミヤン,ひんやり冷たい台湾カステラ,,(tile)
バーミヤン,はちみつ揚げパンバニラアイス添え,icecream_parfait,/static/media/food/icecream_parfait.jpg
バーミヤン,あったか蒸籠蒸し台湾カステラ,,(tile)
バーミヤン,アンニンドウフ,,(tile)
バーミヤン,ごま付きだんご,,(tile)
バーミヤン,果肉入りレモンのオーギョーチ,,(tile)
バーミヤン,珈琲ゼリー,coffee,/static/media/food/coffee.jpg
バーミヤン,珈琲ゼリー（バニラアイス付き）,coffee,/static/media/food/coffee.jpg
バーミヤン,宴会セット（ドリンクバイキング付き）,teishoku,/static/media/food/teishoku.jpg
バーミヤン,宴会セット（アルコール飲み放題付き）,teishoku,/static/media/food/teishoku.jpg
バーミヤン,宴会セット（アルコール飲み放題＿ビール付き）,teishoku,/static/media/food/teishoku.jpg
バーミヤン,濃厚とんてきチャーハンとラーメン餃子セット,teishoku,/static/media/food/teishoku.jpg
バーミヤン,麻婆チャーハン＆台湾大からあげ,karaage_chicken,/static/media/food/karaage_chicken.jpg
バーミヤン,濃厚とんてきチャーハン,chahan,/static/media/food/chahan.jpg
バーミヤン,海老あんかけチャーハン,chahan,/static/media/food/chahan.jpg
バーミヤン,天津チャーハン,chahan,/static/media/food/chahan.jpg
バーミヤン,豚肉玉子炒め大盛りご飯のお得丼,donburi_rice,/static/media/food/donburi_rice.jpg
バーミヤン,天津飯,tenshinhan,/static/media/food/tenshinhan.jpg
バーミヤン,中華丼,donburi_rice,/static/media/food/donburi_rice.jpg
バーミヤン,レタスチャーハン,chahan,/static/media/food/chahan.jpg
バーミヤン,チャーハン,chahan,/static/media/food/chahan.jpg
バーミヤン,濃厚担々麺,ramen_shoyu,/static/media/food/ramen_shoyu.jpg
バーミヤン,酸辣湯麺,,(tile)
バーミヤン,濃厚担々麺（辛味なし）,ramen_shoyu,/static/media/food/ramen_shoyu.jpg
バーミヤン,バーミヤンラーメン,ramen_shoyu,/static/media/food/ramen_shoyu.jpg
バーミヤン,味玉バーミヤンラーメン,ramen_shoyu,/static/media/food/ramen_shoyu.jpg
バーミヤン,チャーシューメン,chashu,/static/media/food/chashu.jpg
バーミヤン,ワンタンメン,,(tile)
バーミヤン,（醤油）小ラーメン,ramen_shoyu,/static/media/food/ramen_shoyu.jpg
バーミヤン,「小籠包入り！」紅白点心の麻辣湯,gyoza,
バーミヤン,五目焼そば,yakisoba,/static/media/food/yakisoba.jpg
バーミヤン,五目麺,,(tile)
バーミヤン,海老と白菜のあんかけ麺,sushi_shrimp,
バーミヤン,もやしあんかけ麺,,(tile)
バーミヤン,どっさり青ネギ,,(tile)
バーミヤン,海苔5枚,,(tile)
バーミヤン,山盛りきくらげ,,(tile)
バーミヤン,自家製焼豚,chashu,/static/media/food/chashu.jpg
バーミヤン,メンマ,,(tile)
バーミヤン,味付け玉子,tamago_egg,/static/media/food/tamago_egg.jpg
バーミヤン,紅白点心,gyoza,
バーミヤン,海老,sushi_shrimp,
バーミヤン,ほうれん草,,(tile)
バーミヤン,餃子・半チャーハンセット,teishoku,/static/media/food/teishoku.jpg
バーミヤン,蒸し鶏の胡麻ソース・半チャーハンセット,teishoku,/static/media/food/teishoku.jpg
バーミヤン,餃子・醤油（小）ラーメンセット,gyoza,
バーミヤン,蒸し鶏の胡麻ソース・ごはんセット,teishoku,/static/media/food/teishoku.jpg
バーミヤン,餃子・ごはんセット,teishoku,/static/media/food/teishoku.jpg
バーミヤン,餃子・アンニンセット,teishoku,/static/media/food/teishoku.jpg
バーミヤン,アジフライ・ごはんセット,teishoku,/static/media/food/teishoku.jpg
バーミヤン,蒸し鶏の胡麻ソース・アンニンセット,teishoku,/static/media/food/teishoku.jpg
バーミヤン,チャーマヨ丼セット,teishoku,/static/media/food/teishoku.jpg
バーミヤン,半チャーハンセット,teishoku,/static/media/food/teishoku.jpg
バーミヤン,ごはんセット,teishoku,/static/media/food/teishoku.jpg
バーミヤン,ごはん,gohan_rice,
バーミヤン,スープバー,soup_miso,/static/media/food/soup_miso.jpg
バーミヤン,油淋鶏,,(tile)
バーミヤン,チンジャオロース,yakiniku_steak,/static/media/food/yakiniku_steak.jpg
バーミヤン,ホイコーロウ,,(tile)
バーミヤン,ホイコーロウアジフライ・ごはんセット,teishoku,/static/media/food/teishoku.jpg
バーミヤン,武蔵野麻婆,mapo_tofu,/static/media/food/mapo_tofu.jpg
バーミヤン,本格四川麻婆豆腐蒸し鶏ゴマソース・ごはんセット,teishoku,/static/media/food/teishoku.jpg
バーミヤン,本格四川麻婆豆腐,mapo_tofu,/static/media/food/mapo_tofu.jpg
バーミヤン,肉野菜炒めごはんセット,teishoku,/static/media/food/teishoku.jpg
バーミヤン,肉野菜炒め,yasai_itame,/static/media/food/yasai_itame.jpg
バーミヤン,黒酢の酢豚,subuta,/static/media/food/subuta.jpg
バーミヤン,豚肉玉子炒め,tamago_egg,/static/media/food/tamago_egg.jpg
バーミヤン,海老のチリソース,sushi_shrimp,
バーミヤン,えび玉ほうれん草炒め（小皿）,sushi_shrimp,
バーミヤン,「沈さんの」まるごと海老蒸し餃子（2コ）,gyoza,
バーミヤン,ぷりぷり海老と豆腐の旨塩煮,sushi_shrimp,
バーミヤン,海老マヨネーズ,sushi_shrimp,
バーミヤン,蒸し鶏の胡麻ソース,,(tile)
バーミヤン,おつまみ焼ビーフン（小皿）,,(tile)
バーミヤン,秘伝！ジューシーとんてき（小皿）,,(tile)
バーミヤン,黒酢の酢豚（小皿）,subuta,/static/media/food/subuta.jpg
バーミヤン,ネギザーサイ,,(tile)
バーミヤン,からあげ（４コ）,karaage_chicken,/static/media/food/karaage_chicken.jpg
バーミヤン,本格焼餃子（3コ）,gyoza,
バーミヤン,北京ダック（3枚）,,(tile)
バーミヤン,海老の2種春巻,gyoza,
バーミヤン,山盛りフライドポテト,french_fries,/static/media/food/french_fries.jpg
バーミヤン,トッピング（味変!!胡麻ソース）,,(tile)
バーミヤン,トッピング（自家製甜面醤）,,(tile)
バーミヤン,トッピング（ケチャップ）,,(tile)
バーミヤン,トッピング（マヨネーズ）,,(tile)
バーミヤン,チキンのチリソースランチ,teishoku,/static/media/food/teishoku.jpg
バーミヤン,鶏肉と揚げ茄子のホイコーソース,,(tile)
バーミヤン,からあげの甘酢あんかけランチ,teishoku,/static/media/food/teishoku.jpg
バーミヤン,酸辣麻婆茄子ランチ,teishoku,/static/media/food/teishoku.jpg
バーミヤン,ハンバーグ麻婆ランチ,teishoku,/static/media/food/teishoku.jpg
バーミヤン,チキンのチリソースランチ醤油小ラーメン付き,ramen_shoyu,/static/media/food/ramen_shoyu.jpg
バーミヤン,鶏肉と揚げ茄子のホイコーソース醤油小ラーメン付き,ramen_shoyu,/static/media/food/ramen_shoyu.jpg
バーミヤン,からあげの甘酢あんかけランチ醤油小ラーメン付き,ramen_shoyu,/static/media/food/ramen_shoyu.jpg
バーミヤン,酸辣麻婆茄子ランチ醤油小ラーメン付き,ramen_shoyu,/static/media/food/ramen_shoyu.jpg
バーミヤン,ハンバーグ麻婆ランチ醤油小ラーメン付き,ramen_shoyu,/static/media/food/ramen_shoyu.jpg
バーミヤン,RGC定食（バーミヤンラーメン・焼餃子3個・半チャーハン）,teishoku,/static/media/food/teishoku.jpg
バーミヤン,ホイコーロウ定食,teishoku,/static/media/food/teishoku.jpg
バーミヤン,油淋鶏定食,teishoku,/static/media/food/teishoku.jpg
バーミヤン,肉野菜炒め定食,teishoku,/static/media/food/teishoku.jpg
バーミヤン,武蔵野麻婆定食,teishoku,/static/media/food/teishoku.jpg
バーミヤン,本格四川麻婆豆腐定食,teishoku,/static/media/food/teishoku.jpg
バーミヤン,黒酢の酢豚定食,teishoku,/static/media/food/teishoku.jpg
バーミヤン,ドリンクバイキング,,(tile)
バーミヤン,シャルドネスパークリングテイスト,champagne,/static/media/food/champagne.jpg
バーミヤン,カシスオレンジテイスト,cocktail,/static/media/food/cocktail.jpg
バーミヤン,ドライゼロ,,(tile)
バーミヤン,生ビール＆本格焼餃子（3コ）晩酌セット,gyoza,
バーミヤン,ハイボール＆からあげ（3コ）晩酌セット,karaage_chicken,/static/media/food/karaage_chicken.jpg
バーミヤン,キリン一番搾り生ビール,beer_alcohol,/static/media/food/beer_alcohol.jpg
バーミヤン,生ビール（グラス）,beer_alcohol,/static/media/food/beer_alcohol.jpg
バーミヤン,瓶ビール（中）,beer_alcohol,/static/media/food/beer_alcohol.jpg
バーミヤン,ハッピーアワー生ビール中ジョッキ,beer_alcohol,/static/media/food/beer_alcohol.jpg
バーミヤン,100日発酵紹興酒5年熟成（ロック・カン・ストレート）,beer_alcohol,/static/media/food/beer_alcohol.jpg
バーミヤン,バーミヤンハイボール（紹興酒使用）,whisky,/static/media/food/whisky.jpg
バーミヤン,100日発酵紹興酒5年熟成（デキャンタ）,beer_alcohol,/static/media/food/beer_alcohol.jpg
バーミヤン,陳年紹興酒8年熟成（ボトル）（ロック・カン・ストレート）,beer_alcohol,/static/media/food/beer_alcohol.jpg
バーミヤン,凍結レモンサワー,chuhai,/static/media/food/chuhai.jpg
バーミヤン,凍結レモンサワーご注文のお客様（おかわりチューハイ）,chuhai,/static/media/food/chuhai.jpg
バーミヤン,ごろごろ果実のピーチサワー,chuhai,/static/media/food/chuhai.jpg
バーミヤン,レモンサワー,chuhai,/static/media/food/chuhai.jpg
バーミヤン,ハイボール,whisky,/static/media/food/whisky.jpg
バーミヤン,黒ッキリボール,,(tile)
バーミヤン,ハッピーアワーハイボール,whisky,/static/media/food/whisky.jpg
バーミヤン,イタリア産赤ワイン（グラス）,wine_drink,/static/media/food/wine_drink.jpg
バーミヤン,イタリア産赤ワイン（デキャンタ）,wine_drink,/static/media/food/wine_drink.jpg
バーミヤン,イタリア産白ワイン（グラス）,wine_drink,/static/media/food/wine_drink.jpg
バーミヤン,イタリア産白ワイン（デキャンタ）,wine_drink,/static/media/food/wine_drink.jpg
バーミヤン,梅酒サワー,chuhai,/static/media/food/chuhai.jpg
バーミヤン,紀州南高梅の黒糖梅酒（グラス）,beer_alcohol,/static/media/food/beer_alcohol.jpg
バーミヤン,紀州南高梅の黒糖梅酒（デキャンタ）,beer_alcohol,/static/media/food/beer_alcohol.jpg
バーミヤン,ウーロンハイ,chuhai,/static/media/food/chuhai.jpg
バーミヤン,いいちこ（グラス）（ロック・お湯割り・水割り）,,(tile)
バーミヤン,いいちこ（ボトル）,,(tile)
バーミヤン,黒霧島（グラス）（ロック・お湯割り・水割り）,,(tile)
バーミヤン,黒霧島（ボトル）,,(tile)
バーミヤン,白桃アンニンバニラ,,(tile)
バーミヤン,キッズラーメンセット,teishoku,/static/media/food/teishoku.jpg
バーミヤン,低アレルゲンキッズカレー（ポイント＆ミニグッズつき）,curry_rice,/static/media/food/curry_rice.jpg
バーミヤン,キッズハンバーグごはん,gohan_rice,
バーミヤン,キッズメンメン,,(tile)
バーミヤン,キッズアイス（バニラ）,icecream_parfait,/static/media/food/icecream_parfait.jpg
バーミヤン,キッズアイス（いちご）,icecream_parfait,/static/media/food/icecream_parfait.jpg
バーミヤン,キッズドリンクバイキング（４歳から小学生のお客様）,,(tile)
バーミヤン,ラッキー中華セット,teishoku,/static/media/food/teishoku.jpg
バーミヤン,ラッキーラーメン＆ハンバーグごはんセット,teishoku,/static/media/food/teishoku.jpg
バーミヤン,ラッキードリンクセット（おもちゃ付き）,teishoku,/static/media/food/teishoku.jpg
ビッグボーイ,殻付き海老グリル＆大俵ハンバーグ,yakiniku_steak,/static/media/food/yakiniku_steak.jpg
ビッグボーイ,殻付き海老グリル＆手ごねハンバーグ150g,yakiniku_steak,/static/media/food/yakiniku_steak.jpg
ビッグボーイ,殻付き海老グリル＆グリルチキン200g,karaage_chicken,/static/media/food/karaage_chicken.jpg
ビッグボーイ,殻付き海老グリルのトリプルグリル,sushi_shrimp,
ビッグボーイ,単品 殻付き海老グリル2尾,sushi_shrimp,
ビッグボーイ,単品 殻付き海老グリル1尾,sushi_shrimp,
ビッグボーイ,直火焼き大俵ハンバーグ,yakiniku_steak,/static/media/food/yakiniku_steak.jpg
ビッグボーイ,目玉焼き大俵ハンバーグ,yakiniku_steak,/static/media/food/yakiniku_steak.jpg
ビッグボーイ,鬼おろし大俵ハンバーグ,yakiniku_steak,/static/media/food/yakiniku_steak.jpg
ビッグボーイ,ニンニク大俵ハンバーグ,yakiniku_steak,/static/media/food/yakiniku_steak.jpg
ビッグボーイ,燻製ベーコン大俵ハンバーグ,yakiniku_steak,/static/media/food/yakiniku_steak.jpg
ビッグボーイ,炙りチーズ大俵ハンバーグ,yakiniku_steak,/static/media/food/yakiniku_steak.jpg
ビッグボーイ,燻製ベーコン 炙りチーズ大俵ハンバーグ,bacon_dish,
ビッグボーイ,大俵ハンバーグ＆ホタテグリル,sushi_platter,/static/media/food/sushi_platter.jpg
ビッグボーイ,大俵ハンバーグ＆手ごねハンバーグ100g,yakiniku_steak,/static/media/food/yakiniku_steak.jpg
ビッグボーイ,大俵ハンバーグ＆グリルチキン100g,karaage_chicken,/static/media/food/karaage_chicken.jpg
ビッグボーイ,大俵ハンバーグ＆エビフライ,fry_seafood,/static/media/food/fry_seafood.jpg
ビッグボーイ,大俵ハンバーグ＆カットステーキ80g,steak_plate,/static/media/food/steak_plate.jpg
ビッグボーイ,炙りチーズ大俵ハンバーグ＆手ごねハンバーグ100g,yakiniku_steak,/static/media/food/yakiniku_steak.jpg
ビッグボーイ,炙りチーズ大俵ハンバーグ＆グリルチキン100g,karaage_chicken,/static/media/food/karaage_chicken.jpg
ビッグボーイ,炙りチーズ大俵ハンバーグ＆エビフライ,fry_seafood,/static/media/food/fry_seafood.jpg
ビッグボーイ,炙りチーズ大俵ハンバーグ＆カットステーキ80g,steak_plate,/static/media/food/steak_plate.jpg
ビッグボーイ,手ごねハンバーグ150g,yakiniku_steak,/static/media/food/yakiniku_steak.jpg
ビッグボーイ,手ごねハンバーグ300g,yakiniku_steak,/static/media/food/yakiniku_steak.jpg
ビッグボーイ,目玉焼き手ごねハンバーグ150g,yakiniku_steak,/static/media/food/yakiniku_steak.jpg
ビッグボーイ,鬼おろし手ごねハンバーグ150g,yakiniku_steak,/static/media/food/yakiniku_steak.jpg
ビッグボーイ,ニンニク手ごねハンバーグ150g,yakiniku_steak,/static/media/food/yakiniku_steak.jpg
ビッグボーイ,4種チーズソースの手ごねハンバーグ150g,yakiniku_steak,/static/media/food/yakiniku_steak.jpg
ビッグボーイ,手ごねハンバーグ＆ホタテグリル,sushi_platter,/static/media/food/sushi_platter.jpg
ビッグボーイ,手ごねハンバーグ＆エビフライ,fry_seafood,/static/media/food/fry_seafood.jpg
ビッグボーイ,手ごねハンバーグ＆カットステーキ,steak_plate,/static/media/food/steak_plate.jpg
ビッグボーイ,手ごねハンバーグ＆アンガスサーロインカットステーキ,steak_plate,/static/media/food/steak_plate.jpg
ビッグボーイ,トリプルグリル,,(tile)
ビッグボーイ,直火焼き厚切りみすじステーキ,steak_plate,/static/media/food/steak_plate.jpg
ビッグボーイ,直火焼きみすじカットステーキ,steak_plate,/static/media/food/steak_plate.jpg
ビッグボーイ,直火焼きリブロースステーキ,steak_plate,/static/media/food/steak_plate.jpg
ビッグボーイ,直火焼きオーストラリア産 アンガスサーロインステーキ,steak_plate,/static/media/food/steak_plate.jpg
ビッグボーイ,直火焼きアンガスサーロインカットステーキ,steak_plate,/static/media/food/steak_plate.jpg
ビッグボーイ,みすじステーキ＆手ごねハンバーグ,yakiniku_steak,/static/media/food/yakiniku_steak.jpg
ビッグボーイ,リブロースステーキ＆手ごねハンバーグ,yakiniku_steak,/static/media/food/yakiniku_steak.jpg
ビッグボーイ,リブロースステーキ＆みすじステーキ,steak_plate,/static/media/food/steak_plate.jpg
ビッグボーイ,アンガスサーロインステーキ＆手ごねハンバーグ,yakiniku_steak,/static/media/food/yakiniku_steak.jpg
ビッグボーイ,直火焼きグリルチキン200g,karaage_chicken,/static/media/food/karaage_chicken.jpg
ビッグボーイ,直火焼きグリルチキン400g,karaage_chicken,/static/media/food/karaage_chicken.jpg
ビッグボーイ,チリビーンズグリルチキン200g,karaage_chicken,/static/media/food/karaage_chicken.jpg
ビッグボーイ,ニンニクグリルチキン200g,karaage_chicken,/static/media/food/karaage_chicken.jpg
ビッグボーイ,鬼おろしグリルチキン200g,karaage_chicken,/static/media/food/karaage_chicken.jpg
ビッグボーイ,グリルチキン＆ホタテグリル,sushi_platter,/static/media/food/sushi_platter.jpg
ビッグボーイ,グリルチキン＆手ごねハンバーグ,yakiniku_steak,/static/media/food/yakiniku_steak.jpg
ビッグボーイ,グリルチキン＆カットステーキ,steak_plate,/static/media/food/steak_plate.jpg
ビッグボーイ,グリルチキン＆アンガスサーロインカットステーキ,steak_plate,/static/media/food/steak_plate.jpg
ビッグボーイ,手ごねハンバーグプレート,yakiniku_steak,/static/media/food/yakiniku_steak.jpg
ビッグボーイ,目玉焼き手ごねハンバーグプレート,yakiniku_steak,/static/media/food/yakiniku_steak.jpg
ビッグボーイ,鬼おろし手ごねハンバーグプレート,yakiniku_steak,/static/media/food/yakiniku_steak.jpg
ビッグボーイ,直火焼きグリルチキンプレート,karaage_chicken,/static/media/food/karaage_chicken.jpg
ビッグボーイ,鬼おろしグリルチキンプレート,karaage_chicken,/static/media/food/karaage_chicken.jpg
ビッグボーイ,手ごねハンバーグ＆グリルチキンプレート,karaage_chicken,/static/media/food/karaage_chicken.jpg
ビッグボーイ,手ごねハンバーグドリア,doria,/static/media/food/doria.jpg
ビッグボーイ,特製ビーフシチューオムライス,omurice,/static/media/food/omurice.jpg
ビッグボーイ,特製ビーフシチューマッシュポテト＆直火焼き野菜付き,french_fries,/static/media/food/french_fries.jpg
ビッグボーイ,フライドポテト,french_fries,/static/media/food/french_fries.jpg
ビッグボーイ,アンチョビポテト,french_fries,/static/media/food/french_fries.jpg
ビッグボーイ,チリチーズポテト,french_fries,/static/media/food/french_fries.jpg
ビッグボーイ,鶏のから揚げ＆ポテト,french_fries,/static/media/food/french_fries.jpg
ビッグボーイ,マッケンチーズ,cheese_plate,
ビッグボーイ,マッケンチリチーズ,cheese_plate,
ビッグボーイ,ほうれん草とコーンのバターソテー,,(tile)
ビッグボーイ,チリビーンズ,,(tile)
ビッグボーイ,目玉焼き,tamago_egg,/static/media/food/tamago_egg.jpg
ビッグボーイ,タルタルソース,,(tile)
ビッグボーイ,ケチャップ,,(tile)
ビッグボーイ,マヨネーズ,,(tile)
ビッグボーイ,国産わさび＆ガーリックチップ,,(tile)
ビッグボーイ,鬼おろし,,(tile)
ビッグボーイ,鬼おろしポン酢,,(tile)
ビッグボーイ,ニンニクバター,,(tile)
ビッグボーイ,エダムパウダー,,(tile)
ビッグボーイ,チェダーチーズ1枚,cheese_plate,
ビッグボーイ,燻製ベーコン,bacon_dish,
ビッグボーイ,エビフライ1本,fry_seafood,/static/media/food/fry_seafood.jpg
ビッグボーイ,エビフライ2本,fry_seafood,/static/media/food/fry_seafood.jpg
ビッグボーイ,追加カレー,curry_rice,/static/media/food/curry_rice.jpg
ビッグボーイ,手ごねハンバーグ,yakiniku_steak,/static/media/food/yakiniku_steak.jpg
ビッグボーイ,直火焼きグリルチキン100g,karaage_chicken,/static/media/food/karaage_chicken.jpg
ビッグボーイ,直火焼きみすじカットステーキ80g,steak_plate,/static/media/food/steak_plate.jpg
ビッグボーイ,直火焼きアンガスサーロインカットステーキ60g,steak_plate,/static/media/food/steak_plate.jpg
ビッグボーイ,ブラウニーチョコファッジサンデー,icecream_parfait,/static/media/food/icecream_parfait.jpg
ビッグボーイ,THEチョコレートonlyパフェ,icecream_parfait,/static/media/food/icecream_parfait.jpg
ビッグボーイ,ベリーのヨーグルトサンデー,icecream_parfait,/static/media/food/icecream_parfait.jpg
ビッグボーイ,NYチーズケーキ,cake_dessert,/static/media/food/cake_dessert.png
ビッグボーイ,とろけるホイップのいちごミルク,milk_drink,/static/media/food/milk_drink.jpg
ビッグボーイ,濃厚ホイップショコラドリンク,,(tile)
ビッグボーイ,バニラアイス,icecream_parfait,/static/media/food/icecream_parfait.jpg
ビッグボーイ,ベルギーチョコレートアイス,icecream_parfait,/static/media/food/icecream_parfait.jpg
ビッグボーイ,カシス＆バニラ,cocktail,/static/media/food/cocktail.jpg
ビッグボーイ,カシス＆ベルギーチョコレート,chocolate,/static/media/food/chocolate.jpg
ビッグボーイ,ベルギーチョコ＆バニラ,chocolate,/static/media/food/chocolate.jpg
ビッグボーイ,ミルクシェイク,smoothie,/static/media/food/smoothie.jpg
ビッグボーイ,チョコレートシェイク,smoothie,/static/media/food/smoothie.jpg
ビッグボーイ,ストロベリーシェイク,smoothie,/static/media/food/smoothie.jpg
ビッグボーイ,ホイップミルクシェイク,smoothie,/static/media/food/smoothie.jpg
ビッグボーイ,ホイップチョコレートシェイク,smoothie,/static/media/food/smoothie.jpg
ビッグボーイ,ホイップストロベリーシェイク,smoothie,/static/media/food/smoothie.jpg
ビッグボーイ,キリン一番搾り 生ビール中,beer_alcohol,/static/media/food/beer_alcohol.jpg
ビッグボーイ,キリン一番搾り 生ビール小,beer_alcohol,/static/media/food/beer_alcohol.jpg
ビッグボーイ,グレープフルーツサワー,chuhai,/static/media/food/chuhai.jpg
ビッグボーイ,レモンサワー,chuhai,/static/media/food/chuhai.jpg
ビッグボーイ,サントリー角ハイボール,whisky,/static/media/food/whisky.jpg
ビッグボーイ,サントリーオールフリー,,(tile)
ビッグボーイ,グラスワイン赤,wine_drink,/static/media/food/wine_drink.jpg
ビッグボーイ,グラスワイン白,wine_drink,/static/media/food/wine_drink.jpg
ビッグボーイ,デキャンタ赤,,(tile)
ビッグボーイ,デキャンタ白,,(tile)
ビッグボーイ,マンナラネーロ・ダーヴォラ,,(tile)
ビッグボーイ,マンドルラプリミティーヴォ,tea_matcha,/static/media/food/tea_matcha.jpg
ビッグボーイ,フロンテラシャルドネ,,(tile)
ビッグボーイ,ボーリューヴィンヤードカベルネソーヴィニヨン,,(tile)
ビッグボーイ,レギュラーセット,teishoku,/static/media/food/teishoku.jpg
ビッグボーイ,サラダバーセット,teishoku,/static/media/food/teishoku.jpg
ビッグボーイ,プレミアムセット,teishoku,/static/media/food/teishoku.jpg
ビッグボーイ,ライスバーセット,teishoku,/static/media/food/teishoku.jpg
ビッグボーイ,ドリンクバーセット,teishoku,/static/media/food/teishoku.jpg
ビッグボーイ,キッズドリンクバー,,(tile)
ビッグボーイ,グリルプレート限定サラダバー＆スープバー,soup_miso,/static/media/food/soup_miso.jpg
ビッグボーイ,単品ライス,gohan_rice,
ビッグボーイ,単品ライス大盛り,gohan_rice,
ビッグボーイ,単品サラダバー,salad_green,
ビッグボーイ,単品プレミアムセット,teishoku,/static/media/food/teishoku.jpg
ビッグボーイ,単品ドリンクバー,,(tile)
ビッグボーイ,ランチレギュラーセット,teishoku,/static/media/food/teishoku.jpg
ビッグボーイ,ランチサラダバーセット,teishoku,/static/media/food/teishoku.jpg
ビッグボーイ,ランチプレミアムセット,teishoku,/static/media/food/teishoku.jpg
ビッグボーイ,ランチドリンクバー,teishoku,/static/media/food/teishoku.jpg
ビッグボーイ,手ごねハンバーグDon150g,yakiniku_steak,/static/media/food/yakiniku_steak.jpg
ビッグボーイ,手ごねハンバーグDon200g,yakiniku_steak,/static/media/food/yakiniku_steak.jpg
ビッグボーイ,直火焼きグリルチキンDon200g,karaage_chicken,/static/media/food/karaage_chicken.jpg
ビッグボーイ,直火焼きグリルチキンDon300g,karaage_chicken,/static/media/food/karaage_chicken.jpg
ビッグボーイ,グリルチキン＆手ごねハンバーグDon,yakiniku_steak,/static/media/food/yakiniku_steak.jpg
ビッグボーイ,手ごねハンバーグ弁当150g,bento,/static/media/food/bento.jpg
ビッグボーイ,手ごねハンバーグ弁当300g,bento,/static/media/food/bento.jpg
ビッグボーイ,ニンニク手ごねハンバーグ弁当150g,bento,/static/media/food/bento.jpg
ビッグボーイ,ニンニク手ごねハンバーグ弁当300g,bento,/static/media/food/bento.jpg
ビッグボーイ,チーズ手ごねハンバーグ弁当150g,bento,/static/media/food/bento.jpg
ビッグボーイ,チーズ手ごねハンバーグ弁当300g,bento,/static/media/food/bento.jpg
ビッグボーイ,鬼おろし手ごねハンバーグ弁当150g,bento,/static/media/food/bento.jpg
ビッグボーイ,鬼おろし手ごねハンバーグ弁当300g,bento,/static/media/food/bento.jpg
ビッグボーイ,チリチーズ手ごねハンバーグ弁当150g,bento,/static/media/food/bento.jpg
ビッグボーイ,チリチーズ手ごねハンバーグ弁当300g,bento,/static/media/food/bento.jpg
ビッグボーイ,直火焼きグリルチキン弁当200g,bento,/static/media/food/bento.jpg
ビッグボーイ,直火焼きグリルチキン弁当400g,bento,/static/media/food/bento.jpg
ビッグボーイ,ニンニクグリルチキン弁当200g,bento,/static/media/food/bento.jpg
ビッグボーイ,ニンニクグリルチキン弁当400g,bento,/static/media/food/bento.jpg
ビッグボーイ,鬼おろしグリルチキン弁当200g,bento,/static/media/food/bento.jpg
ビッグボーイ,鬼おろしグリルチキン弁当400g,bento,/static/media/food/bento.jpg
ビッグボーイ,チリチーズグリルチキン弁当200g,bento,/static/media/food/bento.jpg
ビッグボーイ,チリチーズグリルチキン弁当400g,bento,/static/media/food/bento.jpg
ビッグボーイ,手ごねハンバーグ＆鶏のから揚げ弁当,bento,/static/media/food/bento.jpg
ビッグボーイ,手ごねハンバーグ＆エビフライ弁当,bento,/static/media/food/bento.jpg
ビッグボーイ,手ごねハンバーグ＆グリルチキン弁当,bento,/static/media/food/bento.jpg
ビッグボーイ,キッズ手ごねハンバーグ弁当,bento,/static/media/food/bento.jpg
ビッグボーイ,キッズ手ごねハンバーグ＆エビフライ弁当,bento,/static/media/food/bento.jpg
ビッグボーイ,キッズスパゲティ弁当,bento,/static/media/food/bento.jpg
ビッグボーイ,手ごねハンバーグ＆グリルチキンのパーティープレート,tea_matcha,/static/media/food/tea_matcha.jpg
ビッグボーイ,フライドポテトS,french_fries,/static/media/food/french_fries.jpg
ビッグボーイ,フライドポテトM,french_fries,/static/media/food/french_fries.jpg
ビッグボーイ,アンチョビポテトS,french_fries,/static/media/food/french_fries.jpg
ビッグボーイ,アンチョビポテトM,french_fries,/static/media/food/french_fries.jpg
ビッグボーイ,カレーソース,curry_rice,/static/media/food/curry_rice.jpg
ビッグボーイ,コーンスープ,soup_corn,
ビッグボーイ,日替わりスープ,soup_miso,/static/media/food/soup_miso.jpg
ビッグボーイ,ミックスグリル,,(tile)
ビッグボーイ,手ごねハンバーグ＆グリルチキン,karaage_chicken,/static/media/food/karaage_chicken.jpg
ビッグボーイ,手ごねハンバーグプレートランチ,teishoku,/static/media/food/teishoku.jpg
ビッグボーイ,直火焼きグリルチキンプレートランチ,teishoku,/static/media/food/teishoku.jpg
ビッグボーイ,手ごねハンバーグ＆グリルチキンプレートランチ,teishoku,/static/media/food/teishoku.jpg
ビッグボーイ,直火焼きカットステーキ,steak_plate,/static/media/food/steak_plate.jpg
ビッグボーイ,フライエッグプレート,fry_seafood,/static/media/food/fry_seafood.jpg
ビッグボーイ,スクランブルエッグプレート,,(tile)
ビッグボーイ,厚切りトースト,toast_breakfast,/static/media/food/toast_breakfast.jpg
ビッグボーイ,厚切りチーズトースト,toast_breakfast,/static/media/food/toast_breakfast.jpg
ビッグボーイ,ミックスホットサンド,burger_classic,/static/media/food/burger_classic.jpg
ビッグボーイ,大俵ハンバーグ朝定食,teishoku,/static/media/food/teishoku.jpg
ビッグボーイ,手ごねハンバーグ朝定食,teishoku,/static/media/food/teishoku.jpg
ビッグボーイ,おろし手ごねハンバーグ朝定食,teishoku,/static/media/food/teishoku.jpg
ビッグボーイ,焼き鮭朝定食,teishoku,/static/media/food/teishoku.jpg
ビッグボーイ,みすじカットステーキ朝定食,teishoku,/static/media/food/teishoku.jpg
ビッグボーイ,生たまご,tamago_egg,/static/media/food/tamago_egg.jpg
ビッグボーイ,コールスローサラダ,salad_green,
ビッグボーイ,バター,,(tile)
ビッグボーイ,チェダーチーズ,cheese_plate,
ビッグボーイ,モーニングサラダ,salad_green,
ビッグボーイ,おかわりライス,gohan_rice,
ビッグボーイ,おかわりトースト,toast_breakfast,/static/media/food/toast_breakfast.jpg
ビッグボーイ,キッズ手ごねハンバーグ,yakiniku_steak,/static/media/food/yakiniku_steak.jpg
ビッグボーイ,キッズうどん,udon,/static/media/food/udon.jpg
ビッグボーイ,ジュニア大俵ハンバーグ150g,yakiniku_steak,/static/media/food/yakiniku_steak.jpg
ビッグボーイ,ジュニア手ごねハンバーグ100g,yakiniku_steak,/static/media/food/yakiniku_steak.jpg
ビッグボーイ,ジュニアチーズ手ごねハンバーグ100g,yakiniku_steak,/static/media/food/yakiniku_steak.jpg
ビッグボーイ,キッズ手ごねハンバーグ100g,yakiniku_steak,/static/media/food/yakiniku_steak.jpg
ビッグボーイ,キッズチーズ手ごねハンバーグ100g,yakiniku_steak,/static/media/food/yakiniku_steak.jpg
ビッグボーイ,キッズパンケーキ,pancakes,
ビッグボーイ,キッズスパゲティ,,(tile)
ビッグボーイ,低アレルゲンおこさまハンバーグ,yakiniku_steak,/static/media/food/yakiniku_steak.jpg
ビッグボーイ,低アレルゲンおこさまゼリー,,(tile)
ビッグボーイ,ベビーフード,,(tile)
ビミセナ-錦糸町-居酒屋,生ビール (中ジョッキ),beer_alcohol,/static/media/food/beer_alcohol.jpg
ビミセナ-錦糸町-居酒屋,生ビール (大ジョッキ),beer_alcohol,/static/media/food/beer_alcohol.jpg
ビミセナ-錦糸町-居酒屋,瓶ビール (大瓶),beer_alcohol,/static/media/food/beer_alcohol.jpg
ビミセナ-錦糸町-居酒屋,千成ハイボール,whisky,/static/media/food/whisky.jpg
ビミセナ-錦糸町-居酒屋,セッションハイボール,whisky,/static/media/food/whisky.jpg
ビミセナ-錦糸町-居酒屋,リタハイボール,whisky,/static/media/food/whisky.jpg
ビミセナ-錦糸町-居酒屋,角ハイボール,whisky,/static/media/food/whisky.jpg
ビミセナ-錦糸町-居酒屋,モンスターハイボール,whisky,/static/media/food/whisky.jpg
ビミセナ-錦糸町-居酒屋,ジャックダニエルハイボール,whisky,/static/media/food/whisky.jpg
ビミセナ-錦糸町-居酒屋,スモーキーハイボール,whisky,/static/media/food/whisky.jpg
ビミセナ-錦糸町-居酒屋,シーバスミズナラハイボール,whisky,/static/media/food/whisky.jpg
ビミセナ-錦糸町-居酒屋,ラキャブラブランデーハイボール,whisky,/static/media/food/whisky.jpg
ビミセナ-錦糸町-居酒屋,バカルディハイボール,whisky,/static/media/food/whisky.jpg
ビミセナ-錦糸町-居酒屋,酎ハイ,chuhai,/static/media/food/chuhai.jpg
ビミセナ-錦糸町-居酒屋,レモンサワー,chuhai,/static/media/food/chuhai.jpg
ビミセナ-錦糸町-居酒屋,ウーロンハイ,chuhai,/static/media/food/chuhai.jpg
ビミセナ-錦糸町-居酒屋,緑茶ハイ,chuhai,/static/media/food/chuhai.jpg
ビミセナ-錦糸町-居酒屋,和紅茶ハイ,chuhai,/static/media/food/chuhai.jpg
ビミセナ-錦糸町-居酒屋,ジャスミンハイ,chuhai,/static/media/food/chuhai.jpg
ビミセナ-錦糸町-居酒屋,ガリサワー,chuhai,/static/media/food/chuhai.jpg
ビミセナ-錦糸町-居酒屋,トマトハイ,chuhai,/static/media/food/chuhai.jpg
ビミセナ-錦糸町-居酒屋,バイスサワー,chuhai,/static/media/food/chuhai.jpg
ビミセナ-錦糸町-居酒屋,青りんごサワー,chuhai,/static/media/food/chuhai.jpg
ビミセナ-錦糸町-居酒屋,すだちサワー,chuhai,/static/media/food/chuhai.jpg
ビミセナ-錦糸町-居酒屋,パイナップルサワー,chuhai,/static/media/food/chuhai.jpg
ビミセナ-錦糸町-居酒屋,カルピスサワー,chuhai,/static/media/food/chuhai.jpg
ビミセナ-錦糸町-居酒屋,梅干しサワー,chuhai,/static/media/food/chuhai.jpg
ビミセナ-錦糸町-居酒屋,沖縄みかんサワー,chuhai,/static/media/food/chuhai.jpg
ビミセナ-錦糸町-居酒屋,クエン酸サワー,chuhai,/static/media/food/chuhai.jpg
ビミセナ-錦糸町-居酒屋,男梅サワー,chuhai,/static/media/food/chuhai.jpg
ビミセナ-錦糸町-居酒屋,バナナサワー,chuhai,/static/media/food/chuhai.jpg
ビミセナ-錦糸町-居酒屋,塩みかんサワー,chuhai,/static/media/food/chuhai.jpg
ビミセナ-錦糸町-居酒屋,モンスターサワー,chuhai,/static/media/food/chuhai.jpg
ビミセナ-錦糸町-居酒屋,つぶつぶみかんサワー,chuhai,/static/media/food/chuhai.jpg
ビミセナ-錦糸町-居酒屋,濃醇梅酒,beer_alcohol,/static/media/food/beer_alcohol.jpg
ビミセナ-錦糸町-居酒屋,ハナナ梅酒,beer_alcohol,/static/media/food/beer_alcohol.jpg
ビミセナ-錦糸町-居酒屋,八海山にごり梅酒,beer_alcohol,/static/media/food/beer_alcohol.jpg
ビミセナ-錦糸町-居酒屋,山崎仕込梅酒,beer_alcohol,/static/media/food/beer_alcohol.jpg
ビミセナ-錦糸町-居酒屋,ヨーグルトのお酒,beer_alcohol,/static/media/food/beer_alcohol.jpg
ビミセナ-錦糸町-居酒屋,牛乳焼酎,shochu,/static/media/food/shochu.jpg
ビミセナ-錦糸町-居酒屋,カシスオレンジ,cocktail,/static/media/food/cocktail.jpg
ビミセナ-錦糸町-居酒屋,カシスウーロン,cocktail,/static/media/food/cocktail.jpg
ビミセナ-錦糸町-居酒屋,ピーチウーロン,,(tile)
ビミセナ-錦糸町-居酒屋,ファジーネーブル,,(tile)
ビミセナ-錦糸町-居酒屋,ホッピーセット,teishoku,/static/media/food/teishoku.jpg
ビミセナ-錦糸町-居酒屋,なか,,(tile)
ビミセナ-錦糸町-居酒屋,そと,,(tile)
ビミセナ-錦糸町-居酒屋,シャリキンホッピー,,(tile)
ビミセナ-錦糸町-居酒屋,金黒 (芋),,(tile)
ビミセナ-錦糸町-居酒屋,富乃宝山 (芋),,(tile)
ビミセナ-錦糸町-居酒屋,明るい農村 (芋),,(tile)
ビミセナ-錦糸町-居酒屋,三岳 (芋),,(tile)
ビミセナ-錦糸町-居酒屋,白波 (芋),,(tile)
ビミセナ-錦糸町-居酒屋,明月 (麦),,(tile)
ビミセナ-錦糸町-居酒屋,いいちこ (麦),,(tile)
ビミセナ-錦糸町-居酒屋,二階堂 (麦),,(tile)
ビミセナ-錦糸町-居酒屋,中々 (麦),,(tile)
ビミセナ-錦糸町-居酒屋,一粒の麦 (麦),,(tile)
ビミセナ-錦糸町-居酒屋,キンミヤ (甲類),,(tile)
ビミセナ-錦糸町-居酒屋,白・赤,,(tile)
ビミセナ-錦糸町-居酒屋,白鶴 (二合),,(tile)
ビミセナ-錦糸町-居酒屋,お一人様,,(tile)
ビミセナ-錦糸町-居酒屋,カットレモン,,(tile)
ビミセナ-錦糸町-居酒屋,梅干し,,(tile)
ビミセナ-錦糸町-居酒屋,バイス,,(tile)
ビミセナ-錦糸町-居酒屋,ソーダ,juice_beverage,/static/media/food/juice_beverage.jpg
ビミセナ-錦糸町-居酒屋,ウーロン茶・緑茶・ジャスミン茶,tea_matcha,/static/media/food/tea_matcha.jpg
ビミセナ-錦糸町-居酒屋,デキャンタ (500ml),,(tile)
ビミセナ-錦糸町-居酒屋,ボトルキープ,,(tile)
ビミセナ-錦糸町-居酒屋,コカコーラ・オレンジジュース,juice_beverage,/static/media/food/juice_beverage.jpg
ビミセナ-錦糸町-居酒屋,ウィルキンソンジンジャーエール,cola_drink,/static/media/food/cola_drink.jpg
ビミセナ-錦糸町-居酒屋,カルピスウォーター,,(tile)
ビミセナ-錦糸町-居酒屋,沖縄みかんソーダ,juice_beverage,/static/media/food/juice_beverage.jpg
ビミセナ-錦糸町-居酒屋,ヒドライゼロ,,(tile)
ビミセナ-錦糸町-居酒屋,枝豆,edamame,/static/media/food/edamame.jpg
ビミセナ-錦糸町-居酒屋,冷奴,hiyayakko,/static/media/food/hiyayakko.jpg
ビミセナ-錦糸町-居酒屋,パイシーポテト,french_fries,/static/media/food/french_fries.jpg
ビミセナ-錦糸町-居酒屋,刺身三点盛合せ,sashimi,/static/media/food/sashimi.jpg
ビミセナ-錦糸町-居酒屋,温玉のせシーザーサラダ,salad_green,
ビミセナ-錦糸町-居酒屋,もつ煮込み,motsunabe,/static/media/food/motsunabe.jpg
ビミセナ-錦糸町-居酒屋,ホッピーセット (白・黒),teishoku,/static/media/food/teishoku.jpg
ビミセナ-錦糸町-居酒屋,シャリキンホッピー (白・黒),,(tile)
ピザーラ,夏のナチュラルチーズトリオ,cheese_plate,
ピザーラ,人気の定番トリオ,,(tile)
ピザーラ,春のナチュラルチーズトリオ,cheese_plate,
ピザーラ,夏のプレミアムトリオ,,(tile)
ピザーラ,プレミアムトリオ,,(tile)
ピザーラ,夏のプレミアムクォーター（Ｍサイズ）,,(tile)
ピザーラ,バスターズクォーター（Ｍサイズ）,,(tile)
ピザーラ,北海道のよくばりクォーター（Ｍサイズ）,,(tile)
ピザーラ,テリチキエッグのよくばりクォーター（Ｍサイズ）,,(tile)
ピザーラ,エビマヨのよくばりクォーター（Ｍサイズ）,sushi_shrimp,
ピザーラ,春のプレミアムクォーター（Ｍサイズ）,,(tile)
ピザーラ,ピザーラクォーター（Ｍサイズ）,pizza,/static/media/food/pizza.jpg
ピザーラ,究極のマルゲリータクォーター（Ｍサイズ）,pizza,/static/media/food/pizza.jpg
ピザーラ,至高のシーフードクォーター（Ｍサイズ）,,(tile)
ピザーラ,極上のステーキ＆シュリンプクォーター（Ｍサイズ）,steak_plate,/static/media/food/steak_plate.jpg
ピザーラ,肉盛りクォーター（Ｍサイズ）,,(tile)
ピザーラ,夏のバラエティクォーター（Ｍサイズ）,,(tile)
ピザーラ,夏の濃厚クリーミークォーター（Ｍサイズ）,,(tile)
ピザーラ,ガーリックシュリンプのファミリークォーター（Ｍサイズ）,,(tile)
ピザーラ,とろけるチーズのクォーター（Ｍサイズ）,cheese_plate,
ピザーラ,ガーリックビーフ＆フレッシュレタス（Ｍサイズ）,,(tile)
ピザーラ,北海道産スイートコーン＆テリマヨ（Ｍサイズ）,,(tile)
ピザーラ,ピザーラ エビマヨ（Ｍサイズ）,pizza,/static/media/food/pizza.jpg
ピザーラ,大海老のガーリックシュリンプ（Ｍサイズ）,sushi_shrimp,
ピザーラ,生ハムの贅沢マルゲリータ～トマトクリーム仕立て～（Ｍサイズ）,pizza,/static/media/food/pizza.jpg
ピザーラ,ハートのマルゲリータ,pizza,/static/media/food/pizza.jpg
ピザーラ,ハートのチーズ＆ハニー,cheese_plate,
ピザーラ,【アクリルチャームセット】鳴潮コラボピザ,pizza,/static/media/food/pizza.jpg
ピザーラ,【ザンニー アクリルスタンドセット】鳴潮コラボピザ,pizza,/static/media/food/pizza.jpg
ピザーラ,【カルロッタ アクリルスタンドセット】鳴潮コラボピザ,pizza,/static/media/food/pizza.jpg
ピザーラ,【ダーニャ アクリルスタンドセット】鳴潮コラボピザ,pizza,/static/media/food/pizza.jpg
ピザーラ,【ルシラー アクリルスタンドセット】鳴潮コラボピザ,pizza,/static/media/food/pizza.jpg
ピザーラ,芳醇チェダーチーズ＆ベーコンポテト（Ｍサイズ）,french_fries,/static/media/food/french_fries.jpg
ピザーラ,ガーリックマスター（Ｍサイズ）,,(tile)
ピザーラ,たっぷりクリーミーコーンピザ（Ｍサイズ）,pizza,/static/media/food/pizza.jpg
ピザーラ,濃厚ミートソース＆厚切りベーコン（Ｍサイズ）,bacon_dish,
ピザーラ,ポテマヨソーセージ（Ｍサイズ）,sausage,/static/media/food/sausage.jpg
ピザーラ,マルゲリータ（Ｍサイズ）,pizza,/static/media/food/pizza.jpg
ピザーラ,もち明太子ピザ（Ｍサイズ）,pizza,/static/media/food/pizza.jpg
ピザーラ,スパイシーソーセージ（Ｍサイズ）,sausage,/static/media/food/sausage.jpg
ピザーラ,【肉２倍盛り】スパイシーソーセージ（Ｍサイズ）,sausage,/static/media/food/sausage.jpg
ピザーラ,ハワイアンデライト（Ｍサイズ）,,(tile)
ピザーラ,ペパロニラバー（Ｍサイズ）,,(tile)
ピザーラ,とろけるチーズのペパロニラバー（Ｍサイズ）,cheese_plate,
ピザーラ,チーズ＆ハニー（Ｍサイズ）,cheese_plate,
ピザーラ,テリヤキチキン（Ｍサイズ）,burger_chicken,
ピザーラ,とろけるチーズのテリヤキチキン（Ｍサイズ）,burger_chicken,
ピザーラ,【肉２倍盛り】テリヤキチキン（Ｍサイズ）,burger_chicken,
ピザーラ,イタリアーナ（Ｍサイズ）,,(tile)
ピザーラ,とろけるチーズのイタリアーナ（Ｍサイズ）,cheese_plate,
ピザーラ,カレーモントレー（Ｍサイズ）,curry_rice,/static/media/food/curry_rice.jpg
ピザーラ,とろけるチーズのカレーモントレー（Ｍサイズ）,curry_rice,/static/media/food/curry_rice.jpg
ピザーラ,モントレー（トマトソース）（Ｍサイズ）,,(tile)
ピザーラ,モントレー（ミートソース）（Ｍサイズ）,pasta,/static/media/food/pasta.jpg
ピザーラ,テリチキエッグ（Ｍサイズ）,,(tile)
ピザーラ,ピザーラ プルコギ（Ｍサイズ）,pizza,/static/media/food/pizza.jpg
ピザーラ,とろけるチーズのピザーラプルコギ（Ｍサイズ）,pizza,/static/media/food/pizza.jpg
ピザーラ,スパイシープルコギ（Ｍサイズ）,donut,/static/media/food/donut.jpg
ピザーラ,【肉２倍盛り】ピザーラ プルコギ（Ｍサイズ）,pizza,/static/media/food/pizza.jpg
ピザーラ,イタリアンバジル（Ｍサイズ）,,(tile)
ピザーラ,クアトロフォルマッジ（Ｍサイズ）,,(tile)
ピザーラ,水牛モッツァのプレミアムマルゲリータ（Ｍサイズ）,pizza,/static/media/food/pizza.jpg
ピザーラ,シーフードイタリアーナ（Ｍサイズ）,,(tile)
ピザーラ,プライムガーリックビーフ（Ｍサイズ）,,(tile)
ピザーラ,大海老のシーフードタルタル（Ｍサイズ）,sushi_shrimp,
ピザーラ,ＢＢＱステーキ（Ｍサイズ）,steak_plate,/static/media/food/steak_plate.jpg
ピザーラ,とろけるチーズのＢＢＱステーキ（Ｍサイズ）,steak_plate,/static/media/food/steak_plate.jpg
ピザーラ,セラーノペッパー＆ソーセージ（Ｍサイズ）,sausage,/static/media/food/sausage.jpg
ピザーラ,【大辛２倍】セラーノペッパー＆ソーセージ（Ｍサイズ）,sausage,/static/media/food/sausage.jpg
ピザーラ,【激辛３倍】セラーノペッパー＆ソーセージ（Ｍサイズ）,sausage,/static/media/food/sausage.jpg
ピザーラ,【鬼辛４倍】セラーノペッパー＆ソーセージ（Ｍサイズ）,sausage,/static/media/food/sausage.jpg
ピザーラ,【覚醒５倍】セラーノペッパー＆ソーセージ（Ｍサイズ）,sausage,/static/media/food/sausage.jpg
ピザーラ,ピザーラ セラーノペッパー（Ｍサイズ）,pizza,/static/media/food/pizza.jpg
ピザーラ,【大辛２倍】ピザーラ セラーノペッパー（Ｍサイズ）,pizza,/static/media/food/pizza.jpg
ピザーラ,【激辛３倍】ピザーラ セラーノペッパー（Ｍサイズ）,pizza,/static/media/food/pizza.jpg
ピザーラ,【鬼辛４倍】ピザーラ セラーノペッパー（Ｍサイズ）,pizza,/static/media/food/pizza.jpg
ピザーラ,【覚醒５倍】ピザーラ セラーノペッパー（Ｍサイズ）,pizza,/static/media/food/pizza.jpg
ピザーラ,【トマトソース】プレーンチーズピザ（Ｍサイズ）,pizza,/static/media/food/pizza.jpg
ピザーラ,【マヨネーズソース】プレーンチーズピザ（Ｍサイズ）,pizza,/static/media/food/pizza.jpg
ピザーラ,【カレーソース】プレーンチーズピザ（Ｍサイズ）,pizza,/static/media/food/pizza.jpg
ピザーラ,【旨辛ホットソース】プレーンチーズピザ（Ｍサイズ）,pizza,/static/media/food/pizza.jpg
ピザーラ,【ミートソース】プレーンチーズピザ（Ｍサイズ）,pizza,/static/media/food/pizza.jpg
ピザーラ,たっぷり魚介のパエリア（Ｍサイズ）,paella,/static/media/food/paella.jpg
ピザーラ,北海道産スイートコーンのパエリア（Ｍサイズ）,paella,/static/media/food/paella.jpg
ピザーラ,ステーキとチョリソーの旨辛パエリア（Ｍサイズ）,paella,/static/media/food/paella.jpg
ピザーラ,地中海風パエリア（Ｍサイズ）,paella,/static/media/food/paella.jpg
ピザーラ,極旨ステーキのパエリア（Ｍサイズ）,paella,/static/media/food/paella.jpg
ピザーラ,【ステーキ１．５倍盛】極旨ステーキのパエリア（Ｍサイズ）,paella,/static/media/food/paella.jpg
ピザーラ,【ステーキ２倍盛】極旨ステーキのパエリア（Ｍサイズ）,paella,/static/media/food/paella.jpg
ピザーラ,ＶＩＶＡ特製ミックスパエリア（Ｍサイズ）,paella,/static/media/food/paella.jpg
ピザーラ,夏のＨＯＴナポリタン,napolitan,/static/media/food/napolitan.jpg
ピザーラ,明太子とイカの冷製和風パスタ,pasta,/static/media/food/pasta.jpg
ピザーラ,カルボナーラ ～熟成パルメザン仕上げ～,pasta,/static/media/food/pasta.jpg
ピザーラ,たらこの和風スパゲッティ,pasta,/static/media/food/pasta.jpg
ピザーラ,厳選ベーコンのペペロンチーノ,pasta,/static/media/food/pasta.jpg
ピザーラ,ボロネーゼ ～北海道産マスカルポーネ仕上げ～,pasta,/static/media/food/pasta.jpg
ピザーラ,洋食屋のナポリタン,napolitan,/static/media/food/napolitan.jpg
ピザーラ,フォーシーズンサラダ,salad_green,
ピザーラ,シーザーサラダ,salad_green,
ピザーラ,かぼちゃの冷製クリームスープ,soup_miso,/static/media/food/soup_miso.jpg
ピザーラ,淡路産玉ねぎの冷製クリームスープ,soup_miso,/static/media/food/soup_miso.jpg
ピザーラ,コーンクリームスープ,soup_miso,/static/media/food/soup_miso.jpg
ピザーラ,海老と若鶏のペンネグラタン,gratin,/static/media/food/gratin.jpg
ピザーラ,水牛モッツァと生ハムのグラタン,gratin,/static/media/food/gratin.jpg
ピザーラ,ピザーラ フライドチキン（２本入）,pizza,/static/media/food/pizza.jpg
ピザーラ,ピザーラ フライドチキン（３本入）,pizza,/static/media/food/pizza.jpg
ピザーラ,骨なしフライドチキン（２個入）,karaage_chicken,/static/media/food/karaage_chicken.jpg
ピザーラ,フレンチフライ,french_fries,/static/media/food/french_fries.jpg
ピザーラ,２倍盛りポテト,french_fries,/static/media/food/french_fries.jpg
ピザーラ,ローステッドポテト（５本入）,french_fries,/static/media/food/french_fries.jpg
ピザーラ,ローステッドポテト（９本入）,french_fries,/static/media/food/french_fries.jpg
ピザーラ,ローステッドポテト（１８本入）,french_fries,/static/media/food/french_fries.jpg
ピザーラ,フライドチキンミックス,karaage_chicken,/static/media/food/karaage_chicken.jpg
ピザーラ,ナゲットミックス,karaage_chicken,/static/media/food/karaage_chicken.jpg
ピザーラ,ピザーラナゲット（４個入）,karaage_chicken,/static/media/food/karaage_chicken.jpg
ピザーラ,ピザーラナゲット（７個入）,karaage_chicken,/static/media/food/karaage_chicken.jpg
ピザーラ,ピザーラナゲット（１２個入）,karaage_chicken,/static/media/food/karaage_chicken.jpg
ピザーラ,シュリンプミックス,,(tile)
ピザーラ,ポップコーンシュリンプ（７個入）,popcorn,
ピザーラ,ポップコーンシュリンプ（１２個入）,popcorn,
ピザーラ,チョリソーのホイル焼き（３本入）,,(tile)
ピザーラ,ＶＩＶＡミックスアヒージョ,ajillo,/static/media/food/ajillo.jpg
ピザーラ,焼きたてアップルパイ,donut,/static/media/food/donut.jpg
ピザーラ,特製バニラアイスクリーム,icecream_parfait,/static/media/food/icecream_parfait.jpg
ピザーラ,わんこピザ テリヤキチキン,pizza,/static/media/food/pizza.jpg
ピザーラ,すみっコぐらしお茶碗（陶磁器製）シール付き,tea_matcha,/static/media/food/tea_matcha.jpg
ピザーラ,すみっコぐらし陶磁器製ボウル（シール付き）,,(tile)
ピザーラ,タバスコ,,(tile)
ピザーラ,ハチミツ ～ＰＵＲＥ ＨＯＮＥＹ～,,(tile)
ピザーラ,スパイシーセット,teishoku,/static/media/food/teishoku.jpg
ピザーラ,マスタードソース,,(tile)
ピザーラ,トマトファンシーソース,,(tile)
ピザーラ,タルタルソース,,(tile)
ピザーラ,スパイシーオイル,donut,/static/media/food/donut.jpg
ピザーラ,オリーブオイル,olive,/static/media/food/olive.jpg
ピザーラ,のり,,(tile)
ピザーラ,ウエットティッシュ＆取り皿（５人前）,,(tile)
ピザーラ,ピザーラお持ち帰りバック,pizza,/static/media/food/pizza.jpg
ピザーラ,コカ・コーラ,cola_drink,/static/media/food/cola_drink.jpg
ピザーラ,ＺＥＲＯコカ・コーラ,cola_drink,/static/media/food/cola_drink.jpg
ピザーラ,グァバドリンク,,(tile)
ピザーラ,ウーロンティー,tea_matcha,/static/media/food/tea_matcha.jpg
ピザーラ,カルピスウォーター,,(tile)
ピザーラ,キリン氷結レモン,,(tile)
ピザーラ,アサヒスーパードライ,,(tile)
ピザーラ,アサヒスーパードライ（６缶パック）,,(tile)
ピザーラ,アサヒスタイルフリー＜生＞,,(tile)
ピザーラ,アサヒスタイルフリー＜生＞（６缶パック）,,(tile)
ピザーラ,キリン一番搾り,,(tile)
ピザーラ,キリン一番搾り（６缶パック）,,(tile)
ピザーラ,ザ・プレミアム・モルツ香るエール,,(tile)
ピザーラ,ザ・プレミアム・モルツ香るエール（６缶パック）,,(tile)
ピザーラ,テッレ・デル・ノーチェ ７５０ｍｌ,,(tile)
ピザーラ,キャンティ ７５０ｍｌ,,(tile)
ファラフェルブラザーズ,ブラザーズサラダボウル,salad_green,
ファラフェルブラザーズ,ブラザーズフルサンドイッチ,sandwich,/static/media/food/sandwich.jpg
ファラフェルブラザーズ,ブラザーズハーフサンドイッチ,sandwich,/static/media/food/sandwich.jpg
ファラフェルブラザーズ,ブラザーズラッパー ファラフェル or からあげ,karaage_chicken,/static/media/food/karaage_chicken.jpg
ファラフェルブラザーズ,ブラザーズホットドッグ ケバブロ,hotdog,/static/media/food/hotdog.jpg
ファラフェルブラザーズ,ベガニクセット,teishoku,/static/media/food/teishoku.jpg
ファラフェルブラザーズ,ブラザーズライスプレート,gohan_rice,
ファラフェルブラザーズ,ブラザーズカレープレート,curry_rice,/static/media/food/curry_rice.jpg
ファラフェルブラザーズ,ブラザーズフムスプレート,,(tile)
ファラフェルブラザーズ,フレンチフライ,french_fries,/static/media/food/french_fries.jpg
ファラフェルブラザーズ,メッシュフライ,fry_seafood,/static/media/food/fry_seafood.jpg
ファラフェルブラザーズ,ロータスフライ,fry_seafood,/static/media/food/fry_seafood.jpg
ファラフェルブラザーズ,追加ピタ 2ハーフ,,(tile)
ファラフェルブラザーズ,レモネード,lemonade,/static/media/food/lemonade.jpg
ファラフェルブラザーズ,コカ・コーラ＆コカ・コーラゼロ,cola_drink,/static/media/food/cola_drink.jpg
ファラフェルブラザーズ,スパークリングウォーター,champagne,/static/media/food/champagne.jpg
ファラフェルブラザーズ,コーヒー,coffee,/static/media/food/coffee.jpg
ファラフェルブラザーズ,ホットティー,tea_matcha,/static/media/food/tea_matcha.jpg
ファラフェルブラザーズ,アイスティー,tea_matcha,/static/media/food/tea_matcha.jpg
ファラフェルブラザーズ,ルイボスティー,tea_matcha,/static/media/food/tea_matcha.jpg
ファラフェルブラザーズ,ウーロン茶,oolong_tea,
ファラフェルブラザーズ,サモサ,,(tile)
ファラフェルブラザーズ,ファラフェルスナック,,(tile)
ファラフェルブラザーズ,チーズピザ,pizza,/static/media/food/pizza.jpg
ファラフェルブラザーズ,野菜ピザ,pizza,/static/media/food/pizza.jpg
ファラフェルブラザーズ,餃子,gyoza,
ファラフェルブラザーズ,からあげ,karaage_chicken,/static/media/food/karaage_chicken.jpg
ファラフェルブラザーズ,カフェラテ,coffee,/static/media/food/coffee.jpg
ファラフェルブラザーズ,チャイ,,(tile)
ファラフェルブラザーズ,クラフトビール,beer_alcohol,/static/media/food/beer_alcohol.jpg
ファラフェルブラザーズ,イスラエルビール,beer_alcohol,/static/media/food/beer_alcohol.jpg
ファラフェルブラザーズ,世界のビール,beer_alcohol,/static/media/food/beer_alcohol.jpg
ファラフェルブラザーズ,赤ワイン・白ワイン,wine_drink,/static/media/food/wine_drink.jpg
ファラフェルブラザーズ,カクテル・その他,cocktail,/static/media/food/cocktail.jpg
ファラフェルブラザーズ,チョコココナッツ,nuts_snack,/static/media/food/nuts_snack.png
ファラフェルブラザーズ,アップルパイ,donut,/static/media/food/donut.jpg
ファラフェルブラザーズ,ピーカンパイ,donut,/static/media/food/donut.jpg
ファラフェルブラザーズ,ブラウニー ホイップ添え,,(tile)
ファラフェルブラザーズ,クッキー,cookie,/static/media/food/cookie.jpg
ファラフェルブラザーズ,アイスクリーム,icecream_parfait,/static/media/food/icecream_parfait.jpg
ファラフェルブラザーズ,チーズケーキ ベリーソース添え,cake_dessert,/static/media/food/cake_dessert.png
ファラフェルブラザーズ,アイスクルーキーズ,icecream_parfait,/static/media/food/icecream_parfait.jpg
ファラフェルブラザーズ,タヒニ,,(tile)
ファラフェルブラザーズ,ピーナッツバター,nuts_snack,/static/media/food/nuts_snack.png
ファラフェルブラザーズ,マンゴー,,(tile)
ファラフェルブラザーズ,スペシャルパーティーセット！,teishoku,/static/media/food/teishoku.jpg
フォルクス,厚切り熟成サーロインステーキ（サラダバー付）,steak_plate,/static/media/food/steak_plate.jpg
フォルクス,熟成フィレステーキ（サラダバー付）,steak_plate,/static/media/food/steak_plate.jpg
フォルクス,黒毛和牛サーロインステーキ（サラダバー付）,steak_plate,/static/media/food/steak_plate.jpg
フォルクス,黒毛和牛サーロインステーキ（大葉おろし・サラダバー付）,steak_plate,/static/media/food/steak_plate.jpg
フォルクス,黒毛和牛サーロインステーキ（バターガーリック・サラダバー付）,steak_plate,/static/media/food/steak_plate.jpg
フォルクス,芳醇ラウンドステーキ（サラダバー付）,steak_plate,/static/media/food/steak_plate.jpg
フォルクス,極厚ミスジステーキ150g（サラダバー付）,steak_plate,/static/media/food/steak_plate.jpg
フォルクス,ミスジカットステーキ200g（サラダバー付）,steak_plate,/static/media/food/steak_plate.jpg
フォルクス,ミスジカットステーキ90g&牛100%ハンバーグ170g（サラダバー付）,yakiniku_steak,/static/media/food/yakiniku_steak.jpg
フォルクス,Ｗロインステーキ（サーロイン150g＋フィレ100g・サラダバー付）,steak_plate,/static/media/food/steak_plate.jpg
フォルクス,トリプルステーキコンボ（サーロイン150g＋フィレ100g＋ミスジ150g・サラダバー付）,steak_plate,/static/media/food/steak_plate.jpg
フォルクス,黒毛和牛サーロインステーキ100g＆熟成サーロインステーキ150g（サラダバー付）,steak_plate,/static/media/food/steak_plate.jpg
フォルクス,黒毛和牛サーロインステーキ100g＆熟成フィレステーキ100g（サラダバー付）,steak_plate,/static/media/food/steak_plate.jpg
フォルクス,フォルクスカットサーロインステーキ100g（サラダバー付）,steak_plate,/static/media/food/steak_plate.jpg
フォルクス,ガーリックカットサーロインステーキ100g（サラダバー付）,steak_plate,/static/media/food/steak_plate.jpg
フォルクス,ねぎ塩カットサーロインステーキ100g（サラダバー付）,steak_plate,/static/media/food/steak_plate.jpg
フォルクス,追加ミスジステーキ150g,steak_plate,/static/media/food/steak_plate.jpg
フォルクス,追加ハンバーグ,yakiniku_steak,/static/media/food/yakiniku_steak.jpg
フォルクス,追加フィレステーキ100g,steak_plate,/static/media/food/steak_plate.jpg
フォルクス,フォルクスハンバーグ ＜牛100％＞（サラダバー付）,yakiniku_steak,/static/media/food/yakiniku_steak.jpg
フォルクス,和風おろしハンバーグ ＜牛100％＞ 170g（サラダバー付）,yakiniku_steak,/static/media/food/yakiniku_steak.jpg
フォルクス,ダブルチーズハンバーグ（サラダバー付）,yakiniku_steak,/static/media/food/yakiniku_steak.jpg
フォルクス,ミートコンボ,,(tile)
フォルクス,サーロインステーキ＜150g＞＆ハンバーグ（サラダバー付）,yakiniku_steak,/static/media/food/yakiniku_steak.jpg
フォルクス,＜牛100％＞フォルクスハンバーグ＆カットステーキ90g（サラダバー付）,steak_plate,/static/media/food/steak_plate.jpg
フォルクス,チーズインハンバーグ＆ビーフシチューのホイル包み焼き（サラダバー付）,yakiniku_steak,/static/media/food/yakiniku_steak.jpg
フォルクス,＜牛100％＞ジンジャーテリヤキハンバーグ 170g（サラダバー付）,yakiniku_steak,/static/media/food/yakiniku_steak.jpg
フォルクス,＜牛100％＞ミートソースハンバーグ 170g（サラダバー付）,yakiniku_steak,/static/media/food/yakiniku_steak.jpg
フォルクス,＜牛100％＞ねぎ塩ハンバーグ 170g（サラダバー付）,yakiniku_steak,/static/media/food/yakiniku_steak.jpg
フォルクス,フォルクス特製ガーリックライス＆サーロインステーキ100g,steak_plate,/static/media/food/steak_plate.jpg
フォルクス,真鯛のグリル～レモンバターソース～,,(tile)
フォルクス,真鯛のグリル～和風バターポン酢～,,(tile)
フォルクス,フォルクス自家製オムシチュー,,(tile)
フォルクス,じっくり煮込んだ自慢のビーフシチュー,,(tile)
フォルクス,4種の茸とチキンのドリア,doria,/static/media/food/doria.jpg
フォルクス,切り落とし牛すじ肉の黒カレー,curry_rice,/static/media/food/curry_rice.jpg
フォルクス,濃厚オマール海老ソースの生パスタ,pasta,/static/media/food/pasta.jpg
フォルクス,フォルクス特製ミートソース,pasta,/static/media/food/pasta.jpg
フォルクス,カスタムカレー（選べるトッピング3種類）,curry_rice,/static/media/food/curry_rice.jpg
フォルクス,全部のせカレー（3名様までシェア可。サラダバー1名様分付）,curry_rice,/static/media/food/curry_rice.jpg
フォルクス,ラムチョップグリル 赤ワインソース,wine_drink,/static/media/food/wine_drink.jpg
フォルクス,カットステーキ＆ラムチョップグリル,steak_plate,/static/media/food/steak_plate.jpg
フォルクス,チキンステーキ,steak_plate,/static/media/food/steak_plate.jpg
フォルクス,チキンガーリックステーキ,steak_plate,/static/media/food/steak_plate.jpg
フォルクス,和風チキンステーキ（ジンジャーテリヤキソース）,steak_plate,/static/media/food/steak_plate.jpg
フォルクス,イタリアンチキンステーキ（オリーブバジルソース）,steak_plate,/static/media/food/steak_plate.jpg
フォルクス,【単品】熟成サーロインステーキ,steak_plate,/static/media/food/steak_plate.jpg
フォルクス,【単品】牛100％フォルクスハンバーグ,yakiniku_steak,/static/media/food/yakiniku_steak.jpg
フォルクス,【単品】極厚ミスジステーキ150g,steak_plate,/static/media/food/steak_plate.jpg
フォルクス,【単品】ミートコンボ,,(tile)
フォルクス,【単品】熟成フィレステーキ,steak_plate,/static/media/food/steak_plate.jpg
フォルクス,【単品】＜牛100％＞フォルクスハンバーグ＆カットステーキ90g,steak_plate,/static/media/food/steak_plate.jpg
フォルクス,若鶏の竜田揚げ,karaage_chicken,/static/media/food/karaage_chicken.jpg
フォルクス,ソーセージ＆フライドポテト,french_fries,/static/media/food/french_fries.jpg
フォルクス,フライドポテト,french_fries,/static/media/food/french_fries.jpg
フォルクス,スモークサーモン カルパッチョ風,sushi_salmon,/static/media/food/sushi_salmon.jpg
フォルクス,チーズリゾットのライスコロッケ,korokke,/static/media/food/korokke.jpg
フォルクス,ブラックタイガー鉄板焼き～ガーリック風味～,,(tile)
フォルクス,しょうぼうしゃハンバーグ,yakiniku_steak,/static/media/food/yakiniku_steak.jpg
フォルクス,おこさまカレープレート,curry_rice,/static/media/food/curry_rice.jpg
フォルクス,おこさまオムライス,omurice,/static/media/food/omurice.jpg
フォルクス,おこさまパンケーキ,pancakes,
フォルクス,【ジュニア】ハンバーグ デミグラスソース<170g>,yakiniku_steak,/static/media/food/yakiniku_steak.jpg
フォルクス,【ジュニア】サーロインステーキ100g（ライス付）,gohan_rice,
フォルクス,【ジュニア】フィレサイコロステーキ80g（ライス付）,gohan_rice,
フォルクス,ベビーフード3点セット,teishoku,/static/media/food/teishoku.jpg
フォルクス,おこさまサラダバー,salad_green,
フォルクス,おこさまスープバー,soup_miso,/static/media/food/soup_miso.jpg
フォルクス,おこさまやきたてパン,,(tile)
フォルクス,キッズドリンク,,(tile)
フォルクス,サラダバー（お料理ご注文）,salad_green,
フォルクス,スープバー＜お料理ご注文＞,soup_miso,/static/media/food/soup_miso.jpg
フォルクス,焼きたてパン（お料理ご注文）,,(tile)
フォルクス,単品サラダバー,salad_green,
フォルクス,単品スープバー,soup_miso,/static/media/food/soup_miso.jpg
フォルクス,単品焼きたてパン,,(tile)
フォルクス,ドリンクセット（お料理ご注文）,teishoku,/static/media/food/teishoku.jpg
フォルクス,スープバーセット（お料理ご注文）,teishoku,/static/media/food/teishoku.jpg
フォルクス,フルセット（お料理ご注文）,teishoku,/static/media/food/teishoku.jpg
フォルクス,ライス＜お料理ご注文＞,gohan_rice,
フォルクス,ベルギーチョコレートケーキ,cake_dessert,/static/media/food/cake_dessert.png
フォルクス,ニューヨークチーズケーキ,cake_dessert,/static/media/food/cake_dessert.png
フォルクス,フランボワーズとベリーのパフェ,icecream_parfait,/static/media/food/icecream_parfait.jpg
フォルクス,チョコバナナパフェ,icecream_parfait,/static/media/food/icecream_parfait.jpg
フォルクス,デザートセット（お好きなデザート1品+ドリンク1杯）,teishoku,/static/media/food/teishoku.jpg
フォルクス,選べるペアアイス,icecream_parfait,/static/media/food/icecream_parfait.jpg
フォルクス,プチワッフルアイス,icecream_parfait,/static/media/food/icecream_parfait.jpg
フォルクス,熟成サーロインステーキランチ,teishoku,/static/media/food/teishoku.jpg
フォルクス,サーロインステーキ150g＆ハンバーグランチ,teishoku,/static/media/food/teishoku.jpg
フォルクス,ミスジカットステーキランチ,teishoku,/static/media/food/teishoku.jpg
フォルクス,カットフィレサイコロステーキランチ（120g）,teishoku,/static/media/food/teishoku.jpg
フォルクス,【数量限定】ハンバーグ&カットラウンドステーキランチ,teishoku,/static/media/food/teishoku.jpg
フォルクス,フォルクスハンバーグランチ,teishoku,/static/media/food/teishoku.jpg
フォルクス,ダブルチーズハンバーグランチ,teishoku,/static/media/food/teishoku.jpg
フォルクス,和風おろしハンバーグランチ,teishoku,/static/media/food/teishoku.jpg
フォルクス,ハンバーグ＆切り落としビーフソテーランチ,teishoku,/static/media/food/teishoku.jpg
フォルクス,チキンステーキ＆切り落としビーフソテーランチ,teishoku,/static/media/food/teishoku.jpg
フォルクス,フォルクスチキンステーキランチ,teishoku,/static/media/food/teishoku.jpg
フォルクス,チキンステーキランチ,teishoku,/static/media/food/teishoku.jpg
フォルクス,厚切りベーコンと目玉焼きハンバーグランチ,teishoku,/static/media/food/teishoku.jpg
フォルクス,ハンバーグ＆カキフライランチ,teishoku,/static/media/food/teishoku.jpg
フォルクス,ハンバーグ＆若鶏の竜田揚げランチ,teishoku,/static/media/food/teishoku.jpg
フォルクス,ハンバーグ＆カットステーキランチ,teishoku,/static/media/food/teishoku.jpg
フォルクス,フォルクスカットサーロインステーキランチ（100g）,teishoku,/static/media/food/teishoku.jpg
フォルクス,ガーリックカットサーロインステーキランチ,teishoku,/static/media/food/teishoku.jpg
フォルクス,ジンジャーテリヤキハンバーグランチ,teishoku,/static/media/food/teishoku.jpg
フォルクス,ミートソースハンバーグランチ,teishoku,/static/media/food/teishoku.jpg
フォルクス,ねぎ塩ハンバーグランチ,teishoku,/static/media/food/teishoku.jpg
フォルクス,ねぎ塩チキンステーキランチ,teishoku,/static/media/food/teishoku.jpg
フォルクス,イタリアンチキンステーキランチ,teishoku,/static/media/food/teishoku.jpg
フォルクス,カスタムカレーランチ（選べるトッピング2種類）,teishoku,/static/media/food/teishoku.jpg
フォルクス,ランチドリンク【メインメニューご注文の場合】,teishoku,/static/media/food/teishoku.jpg
フォルクス,切り落とし牛すじ肉の黒カレーランチ,teishoku,/static/media/food/teishoku.jpg
フォルクス,4種の茸とチキンのドリアランチ,teishoku,/static/media/food/teishoku.jpg
フォルクス,フォルクス特製ミートソースランチ,teishoku,/static/media/food/teishoku.jpg
フォルクス,濃厚オマール海老ソースの生パスタランチ,teishoku,/static/media/food/teishoku.jpg
フォルクス,3種のバーランチ,teishoku,/static/media/food/teishoku.jpg
フォルクス,【単品】熟成サーロインステーキランチ,teishoku,/static/media/food/teishoku.jpg
フォルクス,【単品】サーロインステーキ150g＆ハンバーグランチ,teishoku,/static/media/food/teishoku.jpg
フォルクス,【単品】ハンバーグ&ハーフチキンランチ,teishoku,/static/media/food/teishoku.jpg
フォルクス,【単品】カットフィレサイコロステーキランチ,teishoku,/static/media/food/teishoku.jpg
フォルクス,【単品】ミスジカットステーキランチ,teishoku,/static/media/food/teishoku.jpg
フォルクス,【単品】ミスジステーキ150gランチ,teishoku,/static/media/food/teishoku.jpg
フォルクス,【単品】フォルクスカットサーロインステーキランチ,teishoku,/static/media/food/teishoku.jpg
フォルクス,【単品】フォルクスハンバーグランチ,teishoku,/static/media/food/teishoku.jpg
フォルクス,【単品】ハンバーグ＆切り落としビーフソテーランチ,teishoku,/static/media/food/teishoku.jpg
フォルクス,【単品】チキンステーキランチ,teishoku,/static/media/food/teishoku.jpg
フォルクス,【単品】ダブルチーズハンバーグランチ,teishoku,/static/media/food/teishoku.jpg
フォルクス,【単品】和風おろしハンバーグランチ,teishoku,/static/media/food/teishoku.jpg
フォルクス,【単品】ジンジャーテリヤキハンバーグランチ,teishoku,/static/media/food/teishoku.jpg
フレッシュネスバーガー,クラシックバーガー,burger_classic,/static/media/food/burger_classic.jpg
フレッシュネスバーガー,クラシックチーズバーガー,burger_cheese,/static/media/food/burger_cheese.jpg
フレッシュネスバーガー,クラシックアボカドバーガー,burger_classic,/static/media/food/burger_classic.jpg
フレッシュネスバーガー,クラシックアボカドチーズバーガー,burger_cheese,/static/media/food/burger_cheese.jpg
フレッシュネスバーガー,クラシックWWバーガー,burger_classic,/static/media/food/burger_classic.jpg
フレッシュネスバーガー,ガーデンサラダバーガー,burger_classic,/static/media/food/burger_classic.jpg
フレッシュネスバーガー,フレッシュネスバーガー,burger_classic,/static/media/food/burger_classic.jpg
フレッシュネスバーガー,チーズバーガー,burger_cheese,/static/media/food/burger_cheese.jpg
フレッシュネスバーガー,サルサバーガー,burger_classic,/static/media/food/burger_classic.jpg
フレッシュネスバーガー,テリヤキバーガー,burger_classic,/static/media/food/burger_classic.jpg
フレッシュネスバーガー,黒毛和牛バーガー,burger_classic,/static/media/food/burger_classic.jpg
フレッシュネスバーガー,黒毛和牛チーズバーガー,burger_cheese,/static/media/food/burger_cheese.jpg
フレッシュネスバーガー,サーモンバーガー,burger_classic,/static/media/food/burger_classic.jpg
フレッシュネスバーガー,ガーリックシュリンプバーガー,burger_classic,/static/media/food/burger_classic.jpg
フレッシュネスバーガー,塩レモンチキンバーガー,burger_chicken,
フレッシュネスバーガー,ホットチリチキンバーガー,burger_chicken,
フレッシュネスバーガー,宇都宮野菜餃子バーガー,burger_classic,/static/media/food/burger_classic.jpg
フレッシュネスバーガー,チーズフォンデュバーガー,burger_cheese,/static/media/food/burger_cheese.jpg
フレッシュネスバーガー,ピーナッツバターバーガー,burger_classic,/static/media/food/burger_classic.jpg
フレッシュネスバーガー,クラシック明太子バーガー,burger_classic,/static/media/food/burger_classic.jpg
フレッシュネスバーガー,ズーラシアバーガー,burger_classic,/static/media/food/burger_classic.jpg
フレッシュネスバーガー,クラシックテリヤキエッグバーガー,burger_classic,/static/media/food/burger_classic.jpg
フレッシュネスバーガー,ビッグギータバーガー,burger_classic,/static/media/food/burger_classic.jpg
フレッシュネスバーガー,炭火牛カルビバーガー,burger_classic,/static/media/food/burger_classic.jpg
フレッシュネスバーガー,クラシックシュリンプバーガー,burger_classic,/static/media/food/burger_classic.jpg
フレッシュネスバーガー,ダブルてりやきアボカドバーガー,burger_classic,/static/media/food/burger_classic.jpg
フレッシュネスバーガー,GYOZAドッグ,hotdog,/static/media/food/hotdog.jpg
フレッシュネスバーガー,ズーラシアドッグ,hotdog,/static/media/food/hotdog.jpg
フレッシュネスバーガー,ホットドッグ（プレーンドッグ）,hotdog,/static/media/food/hotdog.jpg
フレッシュネスバーガー,チーズドッグ,hotdog,/static/media/food/hotdog.jpg
フレッシュネスバーガー,牛カルビドッグ,hotdog,/static/media/food/hotdog.jpg
フレッシュネスバーガー,北海道産フライドポテト,french_fries,/static/media/food/french_fries.jpg
フレッシュネスバーガー,フレンチフライポテト,french_fries,/static/media/food/french_fries.jpg
フレッシュネスバーガー,国産チキンナゲット（5個）,karaage_chicken,/static/media/food/karaage_chicken.jpg
フレッシュネスバーガー,フライドチキン（骨なし）,karaage_chicken,/static/media/food/karaage_chicken.jpg
フレッシュネスバーガー,れんこんフライ,fry_seafood,/static/media/food/fry_seafood.jpg
フレッシュネスバーガー,ロングポテト,french_fries,/static/media/food/french_fries.jpg
フレッシュネスバーガー,ベジタブルスープ,soup_miso,/static/media/food/soup_miso.jpg
フレッシュネスバーガー,北海道コーンポタージュ,soup_corn,
フレッシュネスバーガー,コールスローサラダ,salad_green,
フレッシュネスバーガー,作りたてスコーンサンド＆揚げたてチュロス,donut,/static/media/food/donut.jpg
フレッシュネスバーガー,ジェラート,,(tile)
フレッシュネスバーガー,クレープ,crepe_sweet,/static/media/food/crepe_sweet.jpg
フレッシュネスバーガー,ドリップコーヒー,coffee,/static/media/food/coffee.jpg
フレッシュネスバーガー,カフェラテ,coffee,/static/media/food/coffee.jpg
フレッシュネスバーガー,オーガニックティー,tea_matcha,/static/media/food/tea_matcha.jpg
フレッシュネスバーガー,カプチーノ,coffee,/static/media/food/coffee.jpg
フレッシュネスバーガー,クリーミー宇治抹茶ミルク,milk_drink,/static/media/food/milk_drink.jpg
フレッシュネスバーガー,カフェ アメリカーノ,,(tile)
フレッシュネスバーガー,ローズヒップティー（オーガニック）,tea_matcha,/static/media/food/tea_matcha.jpg
フレッシュネスバーガー,カモミールティー（オーガニック）,tea_matcha,/static/media/food/tea_matcha.jpg
フレッシュネスバーガー,ロイヤルミルクティー,tea_matcha,/static/media/food/tea_matcha.jpg
フレッシュネスバーガー,フレッシュレモネード,lemonade,/static/media/food/lemonade.jpg
フレッシュネスバーガー,自家製ジンジャーエール,cola_drink,/static/media/food/cola_drink.jpg
フレッシュネスバーガー,レモン&クランベリーソーダ,juice_beverage,/static/media/food/juice_beverage.jpg
フレッシュネスバーガー,ライムソーダ,juice_beverage,/static/media/food/juice_beverage.jpg
フレッシュネスバーガー,コカ・コーラ,cola_drink,/static/media/food/cola_drink.jpg
フレッシュネスバーガー,メロンソーダ,juice_beverage,/static/media/food/juice_beverage.jpg
フレッシュネスバーガー,スプライト,,(tile)
フレッシュネスバーガー,アップルジュース,juice_beverage,/static/media/food/juice_beverage.jpg
フレッシュネスバーガー,爽健美茶カフェインゼロ,tea_matcha,/static/media/food/tea_matcha.jpg
フレッシュネスバーガー,ビール,beer_alcohol,/static/media/food/beer_alcohol.jpg
フレッシュネスバーガー,瓶ビール,beer_alcohol,/static/media/food/beer_alcohol.jpg
ブルーボトルコーヒー,エスプレッソ,coffee,/static/media/food/coffee.jpg
ブルーボトルコーヒー,アメリカーノ(ホット・アイス),icecream_parfait,/static/media/food/icecream_parfait.jpg
ブルーボトルコーヒー,マキアート,,(tile)
ブルーボトルコーヒー,ジブラルタル,,(tile)
ブルーボトルコーヒー,カプチーノ,coffee,/static/media/food/coffee.jpg
ブルーボトルコーヒー,カフェラテ(ホット・アイス),coffee,/static/media/food/coffee.jpg
ブルーボトルコーヒー,モカ(ホット・アイス),icecream_parfait,/static/media/food/icecream_parfait.jpg
ブルーボトルコーヒー,ブレンド,,(tile)
ブルーボトルコーヒー,シングルオリジン,,(tile)
ブルーボトルコーヒー,ディカフェ,,(tile)
ブルーボトルコーヒー,コールドブリュー,,(tile)
ブルーボトルコーヒー,ニューオリンズ(アイス),icecream_parfait,/static/media/food/icecream_parfait.jpg
ブルーボトルコーヒー,ホット ノラ,,(tile)
ブルーボトルコーヒー,コーヒーチェリー フィズ,coffee,/static/media/food/coffee.jpg
ブルーボトルコーヒー,レモネード(ホット・アイス),lemonade,/static/media/food/lemonade.jpg
ブルーボトルコーヒー,無添加りんごジュース,juice_beverage,/static/media/food/juice_beverage.jpg
ブルーボトルコーヒー,無添加みかんジュース,juice_beverage,/static/media/food/juice_beverage.jpg
ブルーボトルコーヒー,ホットチョコレート,chocolate,/static/media/food/chocolate.jpg
ブルーボトルコーヒー,スパークリングウォーター,champagne,/static/media/food/champagne.jpg
ブルーボトルコーヒー,スチームミルク,milk_drink,/static/media/food/milk_drink.jpg
ブルーボトルコーヒー,ブラックティー,tea_matcha,/static/media/food/tea_matcha.jpg
ブルーボトルコーヒー,ミントグリーンティー(ホット・アイス),tea_matcha,/static/media/food/tea_matcha.jpg
ブルーボトルコーヒー,ブルーボトルコーヒー ペールエール(ボトル330ml),coffee,/static/media/food/coffee.jpg
ブルーボトルコーヒー,ベビチーノ,,(tile)
ブルーボトルコーヒー,キッズ ホットチョコレート,chocolate,/static/media/food/chocolate.jpg
ブルーボトルコーヒー,リエージュ ワッフル,waffle,
ブルーボトルコーヒー,チョコレートチップ クッキー,chocolate,/static/media/food/chocolate.jpg
ブルーボトルコーヒー,レモンカルダモンケーキ,cake_dessert,/static/media/food/cake_dessert.png
ブルーボトルコーヒー,シーズナル パウンドケーキ,cake_dessert,/static/media/food/cake_dessert.png
ブルーボトルコーヒー,オリジナルグラノーラ プラスミルク,milk_drink,/static/media/food/milk_drink.jpg
ブレッドワークス,Deli Plate 3種（デリプレート 3種）,,(tile)
ブレッドワークス,Deli Plate 4種（デリプレート 4種）,,(tile)
ブレッドワークス,Salmon Trout & Avocado Tartine（サーモントラウトとアボカドのタルティーヌプレート）,tea_matcha,/static/media/food/tea_matcha.jpg
ブレッドワークス,Buttermilk Pancake（バターミルクパンケーキ）,pancakes,
ブレッドワークス,Buttermilk Pancake Plate（バターミルクパンケーキプレート）,pancakes,
ブレッドワークス,Toast w/Homemade Jam & Whipped Butter（トースト＋自家製ジャムとホイップバター）,toast_breakfast,/static/media/food/toast_breakfast.jpg
ブレッドワークス,Cheese Scrambled Eggs & Bacon（チーズスクランブルエッグとベーコン）,bacon_dish,
ブレッドワークス,Fruits Granola with Yogurt（フルーツグラノーラ）,,(tile)
ブレッドワークス,Deli Plate 2種（デリプレート 2種）,,(tile)
ブレッドワークス,Sandwich Lunch（サンドウィッチランチ）,sandwich,/static/media/food/sandwich.jpg
ブレッドワークス,Today's Hot Sandwich（本日のホットサンド）,burger_classic,/static/media/food/burger_classic.jpg
ブレッドワークス,Today's Soup S（本日のスープ S）,soup_miso,/static/media/food/soup_miso.jpg
ブレッドワークス,Today's Soup R（本日のスープ R）,soup_miso,/static/media/food/soup_miso.jpg
ブレッドワークス,Smoked Salmon（スモークサーモン トッピング）,sushi_salmon,/static/media/food/sushi_salmon.jpg
ブレッドワークス,Bacon（ベーコン トッピング）,bacon_dish,
ブレッドワークス,Today's Soup Small（本日のスープ スモール）,soup_miso,/static/media/food/soup_miso.jpg
ブレッドワークス,Today's Soup Regular（本日のスープ レギュラー）,soup_miso,/static/media/food/soup_miso.jpg
ブレッドワークス,Hot Coffee（ホットコーヒー）,coffee,/static/media/food/coffee.jpg
ブレッドワークス,Iced Coffee（アイスコーヒー）,coffee,/static/media/food/coffee.jpg
ブレッドワークス,Decaf Coffee（ディカフェコーヒー / Hot 8oz）,coffee,/static/media/food/coffee.jpg
ブレッドワークス,Cafe Latte（カフェラテ / Hot・Iced）,coffee,/static/media/food/coffee.jpg
ブレッドワークス,Cafe Mocha（カフェモカ / Hot・Iced）,coffee,/static/media/food/coffee.jpg
ブレッドワークス,Soy Latte（ソイラテ / Hot・Iced）,coffee,/static/media/food/coffee.jpg
ブレッドワークス,Oat Milk Latte（オーツミルクラテ / Hot・Iced）,coffee,/static/media/food/coffee.jpg
ブレッドワークス,Royal Milk Tea（ロイヤルミルクティー）,tea_matcha,/static/media/food/tea_matcha.jpg
ブレッドワークス,Earl Grey（アールグレイ）,tea_matcha,/static/media/food/tea_matcha.jpg
ブレッドワークス,Darjeeling（ダージリン）,,(tile)
ブレッドワークス,Peach Rooibos Tea（ピーチルイボスティー）,tea_matcha,/static/media/food/tea_matcha.jpg
ブレッドワークス,Turmeric Ginger（ターマリックジンジャー）,,(tile)
ブレッドワークス,Organic Mint Tea（オーガニックミントティー）,tea_matcha,/static/media/food/tea_matcha.jpg
ブレッドワークス,Chamomile Citrus（カモミールシトラス）,,(tile)
ブレッドワークス,Apple Juice（りんごジュース）,juice_beverage,/static/media/food/juice_beverage.jpg
ブレッドワークス,Tangerine Juice（温州みかんジュース）,juice_beverage,/static/media/food/juice_beverage.jpg
ブレッドワークス,Yuzu Sparkling（ゆずスパークリング）,champagne,/static/media/food/champagne.jpg
ブレッドワークス,Lemongrass Lemonade（自家製レモングラスレモネード）,lemonade,/static/media/food/lemonade.jpg
ブレッドワークス,Craft Coke（自家製クラフトコーラ）,cola_drink,/static/media/food/cola_drink.jpg
ブレッドワークス,Cocoa（ココア / Hot・Iced）,cocoa_drink,/static/media/food/cocoa_drink.jpg
ブレッドワークス,Milk（ミルク / Hot・Iced）,milk_drink,/static/media/food/milk_drink.jpg
ブロンコビリー,炭焼きミスジカットステーキ,steak_plate,/static/media/food/steak_plate.jpg
ブロンコビリー,炭焼きブラックダイヤモンドサーロインステーキ,steak_plate,/static/media/food/steak_plate.jpg
ブロンコビリー,黒瀬のスパイス炭焼きとんとんグリル,donut,/static/media/food/donut.jpg
ブロンコビリー,黒瀬のスパイス炭焼きとんとんグリルおろポンチー,donut,/static/media/food/donut.jpg
ブロンコビリー,炭焼きぱりぱりチキンステーキ,steak_plate,/static/media/food/steak_plate.jpg
ブロンコビリー,ブロンコおじさんのこだわり炭焼きがんこハンバーグ,yakiniku_steak,/static/media/food/yakiniku_steak.jpg
ブロンコビリー,ビリーハンバーグ,yakiniku_steak,/static/media/food/yakiniku_steak.jpg
ブロンコビリー,がんこハンバーグ&炭焼きミスジカットステーキ 250g,steak_plate,/static/media/food/steak_plate.jpg
ブロンコビリー,がんこハンバーグ&炭焼きブラックダイヤモンドサーロインステーキ 300g,steak_plate,/static/media/food/steak_plate.jpg
ブロンコビリー,がんこハンバーグ&黒瀬のスパイス炭焼きとんとんグリル,donut,/static/media/food/donut.jpg
ブロンコビリー,がんこハンバーグ&カットステーキ 240g（九州地区では提供なし）,steak_plate,/static/media/food/steak_plate.jpg
ブロンコビリー,がんこハンバーグ&チキンステーキ 250g,steak_plate,/static/media/food/steak_plate.jpg
ブロンコビリー,がんこハンバーグ&ミックスグリル 340g（九州地区では提供なし）,yakiniku_steak,/static/media/food/yakiniku_steak.jpg
ブロンコビリー,魚沼産コシヒカリセット（大かまどごはん・ふわふわたまごスープ・食べ放題ブロンコビュッフェ）,teishoku,/static/media/food/teishoku.jpg
ブロンコビリー,こだわりのパンセット（こだわりのパン・ふわふわたまごスープ・食べ放題ブロンコビュッフェ）,teishoku,/static/media/food/teishoku.jpg
ブロンコビリー,サラダビュッフェセット（ふわふわたまごスープ・食べ放題ブロンコビュッフェ）,teishoku,/static/media/food/teishoku.jpg
ブロンコビリー,単品 大かまどごはん,gohan_rice,
ブロンコビリー,単品 パン,,(tile)
ブロンコビリー,おかわり ごはん,gohan_rice,
ブロンコビリー,おかわり たまごスープ,soup_miso,/static/media/food/soup_miso.jpg
ブロンコビリー,こぼれるチェダーチーズソース,cheese_plate,
ブロンコビリー,やみつきソテーガーリック,,(tile)
ブロンコビリー,和風おろしポン酢,,(tile)
ブロンコビリー,こぼれるガーリックライス（別途ごはんのご注文が必要）,gohan_rice,
ブロンコビリー,ブロンコおじさんのこだわり炭焼きがんこハンバーグランチ,teishoku,/static/media/food/teishoku.jpg
ブロンコビリー,ビリーハンバーグランチ,teishoku,/static/media/food/teishoku.jpg
ブロンコビリー,炭焼きチキンステーキランチ,teishoku,/static/media/food/teishoku.jpg
ブロンコビリー,炭焼きやわらかランチステーキ 160g（九州地区では提供なし）,steak_plate,/static/media/food/steak_plate.jpg
ブロンコビリー,がんこハンバーグ&炭焼きやわらかランチステーキ 310g（九州地区では提供なし）,steak_plate,/static/media/food/steak_plate.jpg
ブロンコビリー,ステーキ屋さんの炭焼きカルビランチ 150g（関東地区限定）,teishoku,/static/media/food/teishoku.jpg
ブロンコビリー,がんこハンバーグ&ステーキ屋さんの炭焼きカルビランチ 300g（関東地区限定）,teishoku,/static/media/food/teishoku.jpg
ブロンコビリー,炭焼きハラミランチ（東海・関西地区限定）,teishoku,/static/media/food/teishoku.jpg
ブロンコビリー,がんこハンバーグ&炭焼きハラミランチ（東海・関西地区限定）,teishoku,/static/media/food/teishoku.jpg
ブロンコビリー,単品ランチブロンコビュッフェ,teishoku,/static/media/food/teishoku.jpg
ブロンコビリー,おこさまからあげセット,teishoku,/static/media/food/teishoku.jpg
ブロンコビリー,おこさまハンバーグセット,teishoku,/static/media/food/teishoku.jpg
ブロンコビリー,おこさまスパゲティーセット,teishoku,/static/media/food/teishoku.jpg
ブロンコビリー,おこさまカレーセット,teishoku,/static/media/food/teishoku.jpg
ブロンコビリー,おこさまチーズバーグ＆からあげセット,teishoku,/static/media/food/teishoku.jpg
ブロンコビリー,おこさまステーキセット（九州地区では提供なし）,teishoku,/static/media/food/teishoku.jpg
ブロンコビリー,エビフライ（トッピング）,fry_seafood,/static/media/food/fry_seafood.jpg
ブロンコビリー,果汁100％りんごジュース,juice_beverage,/static/media/food/juice_beverage.jpg
ブロンコビリー,プレミアムドリンクバー＆ジェラートバー,,(tile)
ブロンコビリー,プレミアムドリンクバー,,(tile)
ブロンコビリー,大人のからあげ（からあげ3個）,karaage_chicken,/static/media/food/karaage_chicken.jpg
ブロンコビリー,ザ・プレミアム・モルツ（生中）,,(tile)
ブロンコビリー,ザ・プレミアム・モルツ（瓶）,,(tile)
ブロンコビリー,オールフリー（ノンアルコールビールテイスト飲料）,beer_alcohol,/static/media/food/beer_alcohol.jpg
ブロンコビリー,メガ ジムビームハイボール,whisky,/static/media/food/whisky.jpg
ブロンコビリー,ジムビームハイボール,whisky,/static/media/food/whisky.jpg
ブロンコビリー,メーカーズクラフトハイボール,whisky,/static/media/food/whisky.jpg
ブロンコビリー,角ハイボール,whisky,/static/media/food/whisky.jpg
ブロンコビリー,メガ レモンサワー,chuhai,/static/media/food/chuhai.jpg
ブロンコビリー,レモンサワー,chuhai,/static/media/food/chuhai.jpg
ブロンコビリー,グレープフルーツサワー,chuhai,/static/media/food/chuhai.jpg
ブロンコビリー,グラスワイン（赤・白）,wine_drink,/static/media/food/wine_drink.jpg
ブロンコビリー,デカンタワイン（赤・白）,wine_drink,/static/media/food/wine_drink.jpg
ブロンコビリー,ブロンコビリーオリジナルワイン グラッポロ・ドーロ（イタリア産・フルボトル）,wine_drink,/static/media/food/wine_drink.jpg
ブロンコビリー,肉専用「黒ワイン」カーニヴォ（アメリカ産・ボトル）,wine_drink,/static/media/food/wine_drink.jpg
ブロンコビリー,ジョルジュ デュブッフ ホブノブ メルロ（フランス産・ボトル）,,(tile)
ブロンコビリー,フォルタン リトラル シャルドネ（フランス産・ボトル）,,(tile)
ブロンコビリー,アンジュエール ノワール（フランス産・375ml）,,(tile)
プロント,トーストセット,teishoku,/static/media/food/teishoku.jpg
プロント,ハムチーズトーストセット,teishoku,/static/media/food/teishoku.jpg
プロント,モーニング選べるあさごぱんセット,teishoku,/static/media/food/teishoku.jpg
プロント,冷製 小海老のバジルトマトソース,sushi_shrimp,
プロント,冷製 タコと長芋のさっぱりおろし和風,sushi_platter,/static/media/food/sushi_platter.jpg
プロント,とろ～りモッツアレラのトマトソース 生パスタ,pasta,/static/media/food/pasta.jpg
プロント,和風カルボナーラ 生パスタ,pasta,/static/media/food/pasta.jpg
プロント,海老とアボカドのバジルソース 生パスタ,salad_green,
プロント,ナスとベーコンのトマトソース,bacon_dish,
プロント,サーモンときのこのたらこバター,pasta,/static/media/food/pasta.jpg
プロント,たっぷり野菜のボロネーゼ,pasta,/static/media/food/pasta.jpg
プロント,【RIZAP 監修】たんぱく質が摂れる グリルチキンとビーンズのサラダ,salad_green,
プロント,【RIZAP 監修】たんぱく質が摂れる バジルチキンとアボカドのサラダ,salad_green,
プロント,ライチと柚子のゼリーソーダ,juice_beverage,/static/media/food/juice_beverage.jpg
プロント,丸ごとレモンスカッシュ,lemonade,/static/media/food/lemonade.jpg
プロント,すいかジュース,juice_beverage,/static/media/food/juice_beverage.jpg
プロント,アイスコーヒー,coffee,/static/media/food/coffee.jpg
プロント,アイスカフェオレ,icecream_parfait,/static/media/food/icecream_parfait.jpg
プロント,ビターキャラメルラテ,coffee,/static/media/food/coffee.jpg
プロント,抹茶ホワイトモカ,tea_matcha,/static/media/food/tea_matcha.jpg
プロント,ホットコーヒー,coffee,/static/media/food/coffee.jpg
プロント,ミルクコーヒー,coffee,/static/media/food/coffee.jpg
プロント,カフェラテ,coffee,/static/media/food/coffee.jpg
プロント,ソイラテ,coffee,/static/media/food/coffee.jpg
プロント,アーモンドミルクラテ,coffee,/static/media/food/coffee.jpg
プロント,カプチーノ,coffee,/static/media/food/coffee.jpg
プロント,カフェモカ,,(tile)
プロント,ウインナーコーヒー,coffee,/static/media/food/coffee.jpg
プロント,アイスミルクコーヒー,coffee,/static/media/food/coffee.jpg
プロント,アイスカフェラテ,coffee,/static/media/food/coffee.jpg
プロント,アイスソイラテ,coffee,/static/media/food/coffee.jpg
プロント,アイスアーモンドミルクラテ,coffee,/static/media/food/coffee.jpg
プロント,アイスカフェモカ,icecream_parfait,/static/media/food/icecream_parfait.jpg
プロント,アイスウインナーコーヒー,coffee,/static/media/food/coffee.jpg
プロント,ダージリンティー,tea_matcha,/static/media/food/tea_matcha.jpg
プロント,ロイヤルミルクティー,tea_matcha,/static/media/food/tea_matcha.jpg
プロント,マサラチャイ,,(tile)
プロント,グリーンルイボスフルーツティー 【ノンカフェイン】,tea_matcha,/static/media/food/tea_matcha.jpg
プロント,抹茶ラテ,coffee,/static/media/food/coffee.jpg
プロント,アイスアールグレイティー,tea_matcha,/static/media/food/tea_matcha.jpg
プロント,アイスロイヤルミルクティー,tea_matcha,/static/media/food/tea_matcha.jpg
プロント,アイスマサラチャイ,icecream_parfait,/static/media/food/icecream_parfait.jpg
プロント,アイス抹茶ラテ,coffee,/static/media/food/coffee.jpg
プロント,ココア,cocoa_drink,/static/media/food/cocoa_drink.jpg
プロント,ブラッドオレンジジュース,juice_beverage,/static/media/food/juice_beverage.jpg
プロント,丸ごとレモネード,lemonade,/static/media/food/lemonade.jpg
プロント,つぶつぶいちごミルク,milk_drink,/static/media/food/milk_drink.jpg
プロント,アイスココア,cocoa_drink,/static/media/food/cocoa_drink.jpg
プロント,メープルスフレパンケーキ,pancakes,
プロント,かなり固めのクラシックプリン,pudding,
プロント,宇治抹茶のバスクチーズケーキ,cake_dessert,/static/media/food/cake_dessert.png
プロント,ブリュレ in バウム,,(tile)
プロント,いちごミルクのシフォンケーキ,cake_dessert,/static/media/food/cake_dessert.png
プロント,生チョコとナッツのショートケーキ,shortcake,/static/media/food/shortcake.jpg
プロント,塩キャラメルモンブラン,,(tile)
プロント,ふわとろ！鉄板うな玉,,(tile)
プロント,うなぎの山椒アヒージョ,ajillo,/static/media/food/ajillo.jpg
プロント,うなぎと山椒のトロたま焼きスパ,unagi,/static/media/food/unagi.jpg
プロント,サカバの鉄板サムギョプサル,samgyeopsal,/static/media/food/samgyeopsal.jpg
プロント,タコさんウインナー,sausage,/static/media/food/sausage.jpg
プロント,肉汁溢れるBIGカラアゲ（２個）,karaage_chicken,/static/media/food/karaage_chicken.jpg
プロント,つまみに最高なタイプのフライドポテト（醤油バター）,french_fries,/static/media/food/french_fries.jpg
プロント,豆苗とパリパリわかめのチョレギサラダ,salad_green,
プロント,シビカラ麻辣よだれ茄子,,(tile)
プロント,冷やしトマト～生姜オニオン～,,(tile)
プロント,トマトのキムチ和え,kimchi,/static/media/food/kimchi.jpg
プロント,つまみに最高なタイプのフライドポテト（カレーケチャップ＆マヨネーズ）,french_fries,/static/media/food/french_fries.jpg
プロント,スモーク漬物２種盛り（いぶりがっこ＆スモーク野沢菜）,tsukemono,/static/media/food/tsukemono.jpg
プロント,オクラのだし漬け,,(tile)
プロント,いつもの枝豆,edamame,/static/media/food/edamame.jpg
プロント,キャラメルナッツチョコ,chocolate,/static/media/food/chocolate.jpg
プロント,“旨赤身”牛ナカニクのカルパッチョ～ざくざくガーリックソース～,carpaccio,/static/media/food/carpaccio.jpg
プロント,生ハム3種盛り合わせ,prosciutto,
プロント,酒の肴になる海鮮おつまみユッケ,beer_alcohol,/static/media/food/beer_alcohol.jpg
プロント,お酒がススム！豆苗炒め,beer_alcohol,/static/media/food/beer_alcohol.jpg
プロント,ふわとろ！鉄板ニラ玉,,(tile)
プロント,焼き小籠包～トリュフソース～,gyoza,
プロント,とまらない無限ゴボウチップス,,(tile)
プロント,甘海老のカラアゲ～魅惑のオーロラソース～,karaage_chicken,/static/media/food/karaage_chicken.jpg
プロント,まぐろとアボカドの出汁醤油,salad_green,
プロント,極・とろける鶏トロレバー,horumon,
プロント,いぶりがっこと黒とびっ子のトロたまポテサラ,,(tile)
プロント,生ハムと林檎のマスカルポーネ,prosciutto,
プロント,うずらの味玉,tamago_egg,/static/media/food/tamago_egg.jpg
プロント,チーズの沼に溺れる5匹のタコさん～ざくざくスパイスまみれ～,donut,/static/media/food/donut.jpg
プロント,海老のアヒージョ,ajillo,/static/media/food/ajillo.jpg
プロント,北海道産つぶ貝のガーリックバター焼き,sushi_platter,/static/media/food/sushi_platter.jpg
プロント,バゲット 3枚,,(tile)
プロント,キッサカバの鉄板ナポリタン～赤～,napolitan,/static/media/food/napolitan.jpg
プロント,キッサカバの鉄板ナポリタン～白～,napolitan,/static/media/food/napolitan.jpg
プロント,クリスピーマルゲリータピザ,pizza,/static/media/food/pizza.jpg
プロント,昔ながらのチーズたっぷりミックスピザ,pizza,/static/media/food/pizza.jpg
プロント,ナスとベーコンのトマトソーススパゲティ,bacon_dish,
プロント,サーモンときのこのたらこバタースパゲティ,pasta,/static/media/food/pasta.jpg
プロント,知多 風香るハイボール,whisky,/static/media/food/whisky.jpg
プロント,知多 風香るハイボール ～大葉～,whisky,/static/media/food/whisky.jpg
プロント,ザ・プレミアム・モルツ 香るエール,,(tile)
プロント,幸せの角ハイボール（お好きでしょ？）＆ メガ角ハイボール,whisky,/static/media/food/whisky.jpg
プロント,トロ角ハイボール,whisky,/static/media/food/whisky.jpg
プロント,カルダモン角ハイボール（だって角だもん）,whisky,/static/media/food/whisky.jpg
プロント,角ジンジャーハイボール（今日はしょうがないよね）,whisky,/static/media/food/whisky.jpg
プロント,ジムビームハイボール ＆ メガジムビームハイボール,whisky,/static/media/food/whisky.jpg
プロント,濃いめのトロ角ハイボール,whisky,/static/media/food/whisky.jpg
プロント,カナディアンクラブハイボール,whisky,/static/media/food/whisky.jpg
プロント,バランタインハイボール,whisky,/static/media/food/whisky.jpg
プロント,フローズンフルーツサワー,chuhai,/static/media/food/chuhai.jpg
プロント,翠っきり、さわや香。翠ジンソーダ,juice_beverage,/static/media/food/juice_beverage.jpg
プロント,のんべえ茶師の玄米茶ハイ,chuhai,/static/media/food/chuhai.jpg
プロント,コーン茶ハイ,chuhai,/static/media/food/chuhai.jpg
プロント,ほろよい濃厚とろ～り梅サワー,chuhai,/static/media/food/chuhai.jpg
プロント,定番のレモンサワー,chuhai,/static/media/food/chuhai.jpg
プロント,メガ定番のレモンサワー,chuhai,/static/media/food/chuhai.jpg
プロント,無糖生搾りレモンサワー,chuhai,/static/media/food/chuhai.jpg
プロント,ＪＪ（ジャスミン茶ハイ）,tea_matcha,/static/media/food/tea_matcha.jpg
プロント,メガＪＪ（ジャスミン茶ハイ）,tea_matcha,/static/media/food/tea_matcha.jpg
プロント,岩塩トマトハイ,chuhai,/static/media/food/chuhai.jpg
プロント,カシスオレンジ,cocktail,/static/media/food/cocktail.jpg
プロント,カシスウーロン,cocktail,/static/media/food/cocktail.jpg
プロント,ほろよいサングリア 赤ワイン＆いちご,wine_drink,/static/media/food/wine_drink.jpg
プロント,ほろよいサングリア 白ワイン＆ピーチティー,tea_matcha,/static/media/food/tea_matcha.jpg
プロント,グラスワイン≪赤/白≫,wine_drink,/static/media/food/wine_drink.jpg
プロント,ミニカラフェ≪赤/白≫,,(tile)
プロント,デキャンタ≪赤/白≫,,(tile)
プロント,マグナムワイン≪赤≫,wine_drink,/static/media/food/wine_drink.jpg
プロント,マグナムワイン≪白≫,wine_drink,/static/media/food/wine_drink.jpg
プロント,大隅（麦）,,(tile)
プロント,大隅（芋）,,(tile)
プロント,クリームソーダ（メロン）,juice_beverage,/static/media/food/juice_beverage.jpg
プロント,クリームソーダ（ブルーハワイ）,juice_beverage,/static/media/food/juice_beverage.jpg
プロント,クリームソーダ（いちご）,juice_beverage,/static/media/food/juice_beverage.jpg
プロント,コーヒーフロート,juice_beverage,/static/media/food/juice_beverage.jpg
プロント,オールフリー,,(tile)
プロント,ウーロン茶,oolong_tea,
プロント,ペプシコーラ,cola_drink,/static/media/food/cola_drink.jpg
プロント,珈琲（ホット/アイス）,coffee,/static/media/food/coffee.jpg
プロント,紅茶（ホット/アイス）,tea_matcha,/static/media/food/tea_matcha.jpg
プロント,呑んべえコース,,(tile)
プロント,王道コース,,(tile)
ペッパーランチ,【期間限定】ワイルド にんにくジューシーステーキ,steak_plate,/static/media/food/steak_plate.jpg
ペッパーランチ,【期間限定】 ねぎ塩牛タンペッパーライス,gohan_rice,
ペッパーランチ,【期間限定】牛タン1.5倍 ねぎ塩牛タンペッパーライス,gohan_rice,
ペッパーランチ,ビーフペッパーライス お肉普通,gohan_rice,
ペッパーランチ,ビーフペッパーライス お肉特盛,gohan_rice,
ペッパーランチ,ビーフペッパーライス お肉大盛,gohan_rice,
ペッパーランチ,MEGAビーフペッパーライス,gohan_rice,
ペッパーランチ,NEW！牛カルビキムチーズペッパーライス,gohan_rice,
ペッパーランチ,NEW！ブロッコリーチキンペッパーライス,gohan_rice,
ペッパーランチ,ワイルドジューシーステーキ,steak_plate,/static/media/food/steak_plate.jpg
ペッパーランチ,カットステーキ,steak_plate,/static/media/food/steak_plate.jpg
ペッパーランチ,NEW！カルビ＆カットステーキ,steak_plate,/static/media/food/steak_plate.jpg
ペッパーランチ,NEW！カルビ＆ハンバーグ,yakiniku_steak,/static/media/food/yakiniku_steak.jpg
ペッパーランチ,NEW！カルビ＆肉塊ハンバーグ,yakiniku_steak,/static/media/food/yakiniku_steak.jpg
ペッパーランチ,NEW！カルビ＆ステーキ,steak_plate,/static/media/food/steak_plate.jpg
ペッパーランチ,ハンバーグステーキ 目玉焼き付き,steak_plate,/static/media/food/steak_plate.jpg
ペッパーランチ,肉塊ハンバーグ 目玉焼き付き,yakiniku_steak,/static/media/food/yakiniku_steak.jpg
ペッパーランチ,ダブル 肉塊ハンバーグ,yakiniku_steak,/static/media/food/yakiniku_steak.jpg
ペッパーランチ,NEW！【お子さまメニュー】じゅうじゅうぺっぱーばーぐ,,(tile)
ペッパーランチ,NEW！沸騰ぐつぐつ焼カレー(彩り野菜),curry_rice,/static/media/food/curry_rice.jpg
ペッパーランチ,NEW！沸騰ぐつぐつ焼カレー(カルビ),curry_rice,/static/media/food/curry_rice.jpg
ペッパーランチ,NEW！沸騰ぐつぐつ焼カレー(ハンバーグ),curry_rice,/static/media/food/curry_rice.jpg
ペッパーランチ,NEW！沸騰ぐつぐつ焼カレー(肉塊ハンバーグ),curry_rice,/static/media/food/curry_rice.jpg
ペッパーランチ,NEW！沸騰ぐつぐつ焼カレー(ステーキ),curry_rice,/static/media/food/curry_rice.jpg
ペッパーランチ,【平日限定】ビーフペッパーライスセット(お肉普通),teishoku,/static/media/food/teishoku.jpg
ペッパーランチ,【平日限定】ビーフペッパーライスセット(お肉大盛),teishoku,/static/media/food/teishoku.jpg
ペッパーランチ,NEW！【平日限定】牛カルビキムチーズペッパーライスセット,teishoku,/static/media/food/teishoku.jpg
ペッパーランチ,NEW！【平日限定】ブロッコリーチキンペッパーライスセット,teishoku,/static/media/food/teishoku.jpg
ペッパーランチ,NEW！【平日限定】カルビキムチ焼飯セット,teishoku,/static/media/food/teishoku.jpg
ペッパーランチ,【平日限定】ワイルドジューシーステーキセット,teishoku,/static/media/food/teishoku.jpg
ペッパーランチ,【平日限定】カットステーキ150gランチセット,teishoku,/static/media/food/teishoku.jpg
ペッパーランチ,ドリンク,,(tile)
ペッパーランチ,キリン一番搾り,,(tile)
ペッパーランチ,NEW！ペッパー式TKG,,(tile)
ペッパーランチ,ライス,gohan_rice,
ペッパーランチ,お味噌汁,soup_miso,/static/media/food/soup_miso.jpg
ペッパーランチ,NEW！オニポテサラダ,salad_green,
ペッパーランチ,Aセット： オニポテサラダ＆ソフトドリンク（M）,teishoku,/static/media/food/teishoku.jpg
ペッパーランチ,Bセット： ライス＆お味噌汁,teishoku,/static/media/food/teishoku.jpg
ペッパーランチ,Cセット： ライス＆オニポテサラダ,teishoku,/static/media/food/teishoku.jpg
ペッパーランチ,Dセット： ライス＆ソフトドリンク（M）,teishoku,/static/media/food/teishoku.jpg
ペッパーランチ,ALLセット,teishoku,/static/media/food/teishoku.jpg
ペッパーランチ,ガーリックチップ,,(tile)
ペッパーランチ,オニオンソース,,(tile)
ペッパーランチ,目玉焼き,tamago_egg,/static/media/food/tamago_egg.jpg
ペッパーランチ,ブロッコリー,,(tile)
ペッパーランチ,NEW！さつまいも,,(tile)
ペッパーランチ,もやし,,(tile)
ペッパーランチ,NEW！ほうれん草,,(tile)
ペッパーランチ,コーン,,(tile)
ペッパーランチ,NEW！キムチ,kimchi,/static/media/food/kimchi.jpg
ペッパーランチ,NEW！クワトロチーズ,cheese_plate,
ペッパーランチ,カットステーキ60g,steak_plate,/static/media/food/steak_plate.jpg
ペッパーランチ,NEW！肉汁ハンバーグ,yakiniku_steak,/static/media/food/yakiniku_steak.jpg
マクドナルド,ザク切りポテト&肉厚ビーフ コク旨ガーリックペッパー セット,french_fries,/static/media/food/french_fries.jpg
マクドナルド,メキシカンタコスチーズチキン セット,karaage_chicken,/static/media/food/karaage_chicken.jpg
マクドナルド,アボカドマヨチーズシュリンプ セット,cheese_plate,
マクドナルド,メキシカンタコスチーズチキンマフィン,burger_classic,/static/media/food/burger_classic.jpg
マクドナルド,チキンマックマフィン,burger_classic,/static/media/food/burger_classic.jpg
マクドナルド,ザク切りポテト&肉厚ビーフ コク旨ガーリックペッパー,french_fries,/static/media/food/french_fries.jpg
マクドナルド,メキシカンタコスチーズチキン,karaage_chicken,/static/media/food/karaage_chicken.jpg
マクドナルド,アボカドマヨチーズシュリンプ,cheese_plate,
マクドナルド,炙り醤油風 ダブル肉厚ビーフ,,(tile)
マクドナルド,炙り醤油風 たまごベーコン肉厚ビーフ,bacon_dish,
マクドナルド,チキンフィレオ®,burger_chicken,
マクドナルド,ベーコンレタスバーガー,burger_classic,/static/media/food/burger_classic.jpg
マクドナルド,えびフィレオ®,sushi_shrimp,
マクドナルド,マックポーク®,tonkatsu_pork,/static/media/food/tonkatsu_pork.jpg
マクドナルド,ザク切りポテト&倍肉厚ビーフ コク旨ガーリックペッパー,french_fries,/static/media/food/french_fries.jpg
マクドナルド,倍チキンフィレオ,burger_chicken,
マクドナルド,倍ベーコンレタスバーガー,burger_classic,/static/media/food/burger_classic.jpg
マクドナルド,倍えびフィレオ,sushi_shrimp,
マクドナルド,倍マックポーク,tonkatsu_pork,/static/media/food/tonkatsu_pork.jpg
マクドナルド,スパイシーチキンマックナゲット 5ピース,karaage_chicken,/static/media/food/karaage_chicken.jpg
マクドナルド,サイドサラダ,salad_green,
マクドナルド,ハッシュポテト,french_fries,/static/media/food/french_fries.jpg
マクドナルド,えだまめコーン,edamame,/static/media/food/edamame.jpg
マクドナルド,ペッパーチーズソース,cheese_plate,
マクドナルド,ホットチリガーリックソース,,(tile)
マクドナルド,バーベキューソース,,(tile)
マクドナルド,マスタードソース,,(tile)
マクドナルド,シャカシャカポテト® ガーリックステーキ味シーズニング,french_fries,/static/media/food/french_fries.jpg
マクドナルド,マックフライポテト®,french_fries,/static/media/food/french_fries.jpg
マクドナルド,シャカチキ,,(tile)
マクドナルド,食べくらべポテナゲ大,,(tile)
マクドナルド,食べくらべポテナゲ特大,,(tile)
マクドナルド,ポテナゲ大,,(tile)
マクドナルド,ポテナゲ特大,,(tile)
マクドナルド,エッグマックマフィン® ハッピーセット®,burger_classic,/static/media/food/burger_classic.jpg
マクドナルド,チキンマックナゲット® ハッピーセット®,karaage_chicken,/static/media/food/karaage_chicken.jpg
マクドナルド,ホットケーキ ハッピーセット®,cake_dessert,/static/media/food/cake_dessert.png
マクドナルド,プチパンケーキ ハッピーセット®,pancakes,
マクドナルド,チーズバーガー ハッピーセット®,burger_cheese,/static/media/food/burger_cheese.jpg
マクドナルド,ハンバーガー ハッピーセット®,burger_classic,/static/media/food/burger_classic.jpg
マクドナルド,ホットアップルパイ,donut,/static/media/food/donut.jpg
マクドナルド,メキシカンタコスチーズチキンマフィン セット,burger_classic,/static/media/food/burger_classic.jpg
マクドナルド,エッグマックマフィン® セット,burger_classic,/static/media/food/burger_classic.jpg
マクドナルド,ベーコンエッグマックサンド セット,burger_classic,/static/media/food/burger_classic.jpg
マクドナルド,ソーセージエッグマフィン セット,burger_classic,/static/media/food/burger_classic.jpg
マクドナルド,ソーセージマフィン セット,burger_classic,/static/media/food/burger_classic.jpg
マクドナルド,チキンマックマフィン セット,burger_classic,/static/media/food/burger_classic.jpg
マクドナルド,フィレオフィッシュ® セット,teishoku,/static/media/food/teishoku.jpg
マクドナルド,ホットケーキ セット,cake_dessert,/static/media/food/cake_dessert.png
マクドナルド,マックグリドル® ソーセージエッグ セット,teishoku,/static/media/food/teishoku.jpg
マクドナルド,マックグリドル® ベーコンエッグ セット,teishoku,/static/media/food/teishoku.jpg
マクドナルド,マックグリドル® ソーセージ セット,teishoku,/static/media/food/teishoku.jpg
マクドナルド,メガマフィン セット,burger_classic,/static/media/food/burger_classic.jpg
マクドナルド,メキシカンタコスチーズチキンマフィンコンビ,burger_classic,/static/media/food/burger_classic.jpg
マクドナルド,エッグマックマフィン® コンビ,burger_classic,/static/media/food/burger_classic.jpg
マクドナルド,ベーコンエッグマックサンドコンビ,burger_classic,/static/media/food/burger_classic.jpg
マクドナルド,ソーセージエッグマフィンコンビ,burger_classic,/static/media/food/burger_classic.jpg
マクドナルド,ソーセージマフィンコンビ,burger_classic,/static/media/food/burger_classic.jpg
マクドナルド,チキンマックマフィンコンビ,burger_classic,/static/media/food/burger_classic.jpg
マクドナルド,マスカットスムージー,smoothie,/static/media/food/smoothie.jpg
マクドナルド,もものスムージー,smoothie,/static/media/food/smoothie.jpg
マクドナルド,マカロン チョコレート,chocolate,/static/media/food/chocolate.jpg
マクドナルド,マカロン ラズベリー,,(tile)
マクドナルド,マカロン5個入りボックスセット,teishoku,/static/media/food/teishoku.jpg
マクドナルド,トリプルチョコ&キャラメルスコーン,chocolate,/static/media/food/chocolate.jpg
マクドナルド,プリンケーキ,cake_dessert,/static/media/food/cake_dessert.png
マクドナルド,宇治抹茶フラッペ,smoothie,/static/media/food/smoothie.jpg
マクドナルド,マックフロート® ブルーエナジー,juice_beverage,/static/media/food/juice_beverage.jpg
マクドナルド,マックシェイク® バニラ,smoothie,/static/media/food/smoothie.jpg
マクドナルド,マックシェイク® ストロベリー,smoothie,/static/media/food/smoothie.jpg
マクドナルド,マックシェイク® チョコレート,smoothie,/static/media/food/smoothie.jpg
マクドナルド,マックフルーリー® オレオ® クッキー,cookie,/static/media/food/cookie.jpg
マクドナルド,マックフルーリー® 超 オレオ® クッキー,cookie,/static/media/food/cookie.jpg
マクドナルド,マックフロート® グレープ,juice_beverage,/static/media/food/juice_beverage.jpg
マクドナルド,マックフロート® メロン,juice_beverage,/static/media/food/juice_beverage.jpg
マクドナルド,マックフロート® コーク®,juice_beverage,/static/media/food/juice_beverage.jpg
マクドナルド,マックフロート® コーヒー,juice_beverage,/static/media/food/juice_beverage.jpg
マクドナルド,マックフィズ® ブルーエナジー,,(tile)
マクドナルド,スプライト,,(tile)
マクドナルド,ファンタ グレープ,,(tile)
マクドナルド,ファンタ メロン,,(tile)
マクドナルド,Qoo 白ぶどう,,(tile)
マクドナルド,爽健美茶,tea_matcha,/static/media/food/tea_matcha.jpg
マクドナルド,アールグレイ アイスティー(レモン),tea_matcha,/static/media/food/tea_matcha.jpg
マクドナルド,アールグレイ アイスティー(ミルク),milk_drink,/static/media/food/milk_drink.jpg
マクドナルド,ホットティー(レモン),tea_matcha,/static/media/food/tea_matcha.jpg
マクドナルド,ホットティー(ミルク),tea_matcha,/static/media/food/tea_matcha.jpg
マクドナルド,野菜生活100,,(tile)
マクドナルド,ミニッツメイド® オレンジ(S),,(tile)
マクドナルド,ミニッツメイド アップル100,,(tile)
マクドナルド,プレミアムローストコーヒー,coffee,/static/media/food/coffee.jpg
マクドナルド,カフェラテ,coffee,/static/media/food/coffee.jpg
マクドナルド,キャラメルラテ,coffee,/static/media/food/coffee.jpg
マクドナルド,プレミアムローストアイスコーヒー,coffee,/static/media/food/coffee.jpg
マクドナルド,アイスカフェラテ,coffee,/static/media/food/coffee.jpg
マクドナルド,アイスキャラメルラテ,coffee,/static/media/food/coffee.jpg
マザー牧場-CAFE-SOFTCREAM,Special Dish 1,,(tile)
マザー牧場-CAFE-SOFTCREAM,Special Dish 2,,(tile)
マザー牧場-CAFE-SOFTCREAM,Special Dish 3,,(tile)
マザー牧場-CAFE-SOFTCREAM,Special Dish 4,,(tile)
マザー牧場-CAFE-SOFTCREAM,Special Dish 5,,(tile)
マザー牧場-CAFE-SOFTCREAM,Green Tea,tea_matcha,/static/media/food/tea_matcha.jpg
マザー牧場-CAFE-SOFTCREAM,Oolong Tea,tea_matcha,/static/media/food/tea_matcha.jpg
マザー牧場-CAFE-SOFTCREAM,Beer,beer_alcohol,/static/media/food/beer_alcohol.jpg
マザー牧場-CAFE-SOFTCREAM,Matcha Ice Cream,icecream_parfait,/static/media/food/icecream_parfait.jpg
マザー牧場-CAFE-SOFTCREAM,Yuzu Sherbet,,(tile)
マザー牧場-CAFE-SOFTCREAM,Item 11,,(tile)
マザー牧場-CAFE-SOFTCREAM,Item 12,,(tile)
マザー牧場-CAFE-SOFTCREAM,Item 13,,(tile)
マザー牧場-CAFE-SOFTCREAM,Item 14,,(tile)
マザー牧場-CAFE-SOFTCREAM,Item 15,,(tile)
マックスキャロット,ベーコンしめじ,bacon_dish,
マックスキャロット,シーフード,,(tile)
マックスキャロット,ペンネリガトーニ,,(tile)
マックスキャロット,ベジタブル,,(tile)
マックスキャロット,ニョッキ,,(tile)
マックスキャロット,ポルチーニ茸,,(tile)
マックスキャロット,スモークサーモン,sushi_salmon,/static/media/food/sushi_salmon.jpg
マックスキャロット,ミートソース,pasta,/static/media/food/pasta.jpg
マックスキャロット,ペペロンチーノ,pasta,/static/media/food/pasta.jpg
マックスキャロット,たらこ,pasta,/static/media/food/pasta.jpg
マックスキャロット,ジェノベーゼ,,(tile)
マックスキャロット,ほうれん草の実にくるみアンチョビ,,(tile)
マックスキャロット,キノコとほうれん草のオイスターソース,,(tile)
マックスキャロット,イカスミ,,(tile)
マックスキャロット,イカのガーリック炒め,,(tile)
マックスキャロット,温玉焼きカレー(ドリアのみ),curry_rice,/static/media/food/curry_rice.jpg
マックスキャロット,ほたて貝,sushi_platter,/static/media/food/sushi_platter.jpg
マックスキャロット,ポテト,french_fries,/static/media/food/french_fries.jpg
マックスキャロット,ほうれん草ベーコン,bacon_dish,
マックスキャロット,チキンしめじ,karaage_chicken,/static/media/food/karaage_chicken.jpg
マックスキャロット,なすチーズ,cheese_plate,
マックスキャロット,焦がしチーズチキンカレー,curry_rice,/static/media/food/curry_rice.jpg
マックスキャロット,焼きトマトチキンカレー,curry_rice,/static/media/food/curry_rice.jpg
マックスキャロット,野菜付チキンカレー,curry_rice,/static/media/food/curry_rice.jpg
マックスキャロット,スペシャルチキンカレー,curry_rice,/static/media/food/curry_rice.jpg
マックスキャロット,チキンカレー,curry_rice,/static/media/food/curry_rice.jpg
マックスキャロット,エビカレー,curry_rice,/static/media/food/curry_rice.jpg
マックスキャロット,コーンポタージュ,soup_corn,
マックスキャロット,ミネストローネ,minestrone,/static/media/food/minestrone.jpg
マックスキャロット,十五穀物パン (3枚),,(tile)
マックスキャロット,ガーリックトースト (2P~),toast_breakfast,/static/media/food/toast_breakfast.jpg
マックスキャロット,バケット (2P~),,(tile)
マックスキャロット,ライス,gohan_rice,
マックスキャロット,ナン (1枚~),,(tile)
マックスキャロット,温卵、コーン、生卵,tamago_egg,/static/media/food/tamago_egg.jpg
マックスキャロット,しめじ、なす、ブロッコリー、チキン、,karaage_chicken,/static/media/food/karaage_chicken.jpg
マックスキャロット,ほうれん草、トマト、アンチョビ、チーズ、パイン,donut,/static/media/food/donut.jpg
マックスキャロット,ゴルゴンゾーラ ベーコン、オリーブ、ハラペーニョ,olive,/static/media/food/olive.jpg
マックスキャロット,ほたて(2個)、ポルチーニ、焼き丸トマト、焦がしチーズ,sushi_platter,/static/media/food/sushi_platter.jpg
マックスキャロット,生ハム(1枚),prosciutto,
マックスキャロット,イカ、エビ(1尾)、オイルサーディン、ハラペーニョW,sushi_shrimp,
マックスキャロット,ハラペーニョ,,(tile)
マルカ,生ハム フランス産 ジャンボンドヴァイヨン,prosciutto,
マルカ,千葉県 サンバファームさんのグリーンサラダ,salad_green,
マルカ,やま幸さんより 塩釜産本マグロ、ブッラータチーズ、ブルスケッタ,bruschetta,/static/media/food/bruschetta.jpg
マルカ,淡路島産 新玉ねぎ、冷製スープ,soup_miso,/static/media/food/soup_miso.jpg
マルカ,函館産、サクラマス、カルパッチョ,carpaccio,/static/media/food/carpaccio.jpg
マルカ,ふわふわオムレツ、愛丸水産よりしらす、トマトソース、ハラペーニョ,,(tile)
マルカ,函館産 ヤリイカ、フリット、セロリのマリネ,,(tile)
マルカ,兵庫県 西脇市 山崎さんの神戸ビーフ、葉玉ねぎ、実山椒,,(tile)
マルカ,兵庫県 淡路島 但馬牛のトリッパの煮込み、ペコリーノチーズ,cheese_plate,
マルカ,愛知県産のきのこいっぱいしいたけ、サルシッチャオーブン焼き,,(tile)
マルカ,本日の炭火焼,,(tile)
マルカ,兵庫県 淡路島 沼田さんの但馬経産牛 月齢 192ヶ月 ランプ,,(tile)
マルカ,兵庫県 淡路島 門口さんの但馬経産牛 月齢 79ヶ月 リブロース,steak_plate,/static/media/food/steak_plate.jpg
マルカ,兵庫県 淡路島 門口さんの但馬経産牛 月齢 85ヶ月 イチボ,,(tile)
マルカ,愛知県 めぐみ鴨 ロース,yakiniku_steak,/static/media/food/yakiniku_steak.jpg
マルカ,静岡県 HAL キャビアの冷製カッペリーニ,,(tile)
マルカ,ギリシャ産 生カラスミの冷製カッペリーニ,,(tile)
マルカ,カラスミバターと実山椒、スパゲッティーニ,tea_matcha,/static/media/food/tea_matcha.jpg
マルカ,愛知県産のきのこいっぱいしいたけ、からすみのアーリオ・オーリオ,,(tile)
マルカ,白ミル貝とブロッコリーのアーリオ・オーリオ、からすみ、手打ちシャクティエッリ,sushi_platter,/static/media/food/sushi_platter.jpg
マルカ,鳴門産水産より ハマグリ、ボンゴレビアンコ,,(tile)
マルカ,静岡県産桜海老とフレッシュトマト、手打ちイカスミのタリオリーニ,sushi_shrimp,
マルカ,淡路島の玉ねぎを使ったアマトリチャーナ、ブカティーニ,tea_matcha,/static/media/food/tea_matcha.jpg
マルカ,鳴門産水産より 真蛸、ジェノベーゼ、リングイネ,,(tile)
マルカ,兵庫県産 甲イカのラグーソース、手打ちタリアテッレ,,(tile)
マルカ,愛知県産 めぐみ鴨のラグーソース、フランボワーズ、手打ちタリアテッレ,,(tile)
マルカ,兵庫県 西脇市 山崎さんの神戸ビーフ、ボロネーゼ、手打ちパッパルデッレ,pasta,/static/media/food/pasta.jpg
マルカ,カルボナーラ、スパゲッティ,pasta,/static/media/food/pasta.jpg
マルカ,アラビアータ、スパゲッティーニ,tea_matcha,/static/media/food/tea_matcha.jpg
マルカ,イカスミのスパゲッティ,pasta,/static/media/food/pasta.jpg
マルカ,静岡県産 桜海老のリゾット,risotto,/static/media/food/risotto.jpg
マルカ,malca のモンブラン (さくらんぼ),,(tile)
マルカ,malca のプリン,pudding,
マルカ,抹茶と甘夏のドルチェ,tea_matcha,/static/media/food/tea_matcha.jpg
マルカ,パンナコッタ,pudding,
マルカ,カタラーナ,,(tile)
マルカ,フランボワーズのソルベ,,(tile)
ミスタードーナツ,もっちゅりんきなこ,,(tile)
ミスタードーナツ,もっちゅりんみたらし,,(tile)
ミスタードーナツ,もっちゅりんいちご,,(tile)
ミスタードーナツ,ミートソースとマッシュポテトパイ,donut,/static/media/food/donut.jpg
ミスタードーナツ,ホワイトソースのクロックムッシュ風パイ,donut,/static/media/food/donut.jpg
ミスタードーナツ,バターチキンカレーパイ,donut,/static/media/food/donut.jpg
ミスタードーナツ,たっぷりチョコファッション,chocolate,/static/media/food/chocolate.jpg
ミスタードーナツ,ストロベリー＆チョコファッション,chocolate,/static/media/food/chocolate.jpg
ミスタードーナツ,カスタード＆エンゼルクリーム,,(tile)
ミスタードーナツ,ダブルクリームフレンチ,,(tile)
ミスタードーナツ,ポン・デ・リング,,(tile)
ミスタードーナツ,ポン・デ・黒糖,,(tile)
ミスタードーナツ,ポン・デ・ストロベリー,,(tile)
ミスタードーナツ,オールドファッション,,(tile)
ミスタードーナツ,チョコファッション,chocolate,/static/media/food/chocolate.jpg
ミスタードーナツ,オールドファッション ハニー,,(tile)
ミスタードーナツ,フレンチクルーラー,,(tile)
ミスタードーナツ,エンゼルフレンチ,,(tile)
ミスタードーナツ,ストロベリーカスタードフレンチ,,(tile)
ミスタードーナツ,ハニーディップ,,(tile)
ミスタードーナツ,シュガーレイズド,,(tile)
ミスタードーナツ,チョコリング,chocolate,/static/media/food/chocolate.jpg
ミスタードーナツ,ストロベリーリング,,(tile)
ミスタードーナツ,エンゼルクリーム,,(tile)
ミスタードーナツ,カスタードクリーム,,(tile)
ミスタードーナツ,チョコレート,chocolate,/static/media/food/chocolate.jpg
ミスタードーナツ,ダブルチョコレート,chocolate,/static/media/food/chocolate.jpg
ミスタードーナツ,ゴールデンチョコレート,chocolate,/static/media/food/chocolate.jpg
ミスタードーナツ,ココナツチョコレート,chocolate,/static/media/food/chocolate.jpg
ミスタードーナツ,ハニーチュロ,,(tile)
ミスタードーナツ,ドーナツポップ エンゼルクリームボール,donut,/static/media/food/donut.jpg
ミスタードーナツ,ドーナツポップ ポン・デ・ストロベリーボール,donut,/static/media/food/donut.jpg
ミスタードーナツ,ドーナツポップ ゴールデンチョコレートボール,donut,/static/media/food/donut.jpg
ミスタードーナツ,ドーナツポップ ココナツチョコレートボール,donut,/static/media/food/donut.jpg
ミスタードーナツ,ドーナツポップ オールドファッションボール,donut,/static/media/food/donut.jpg
ミスタードーナツ,ドーナツポップ チョコファッションボール,donut,/static/media/food/donut.jpg
ミスタードーナツ,ドーナツポップ 8個入り,donut,/static/media/food/donut.jpg
ミスタードーナツ,ドーナツポップ 16個入り,donut,/static/media/food/donut.jpg
ミスタードーナツ,ドーナツポップ 24個入り,donut,/static/media/food/donut.jpg
ミスタードーナツ,もっちりフルーツスティック ハニー,,(tile)
ミスタードーナツ,もっちりフルーツスティック シナモン,,(tile)
ミスタードーナツ,エビグラタンパイ,donut,/static/media/food/donut.jpg
ミスタードーナツ,ホット・セイボリーパイ BBQ フランクフルト,donut,/static/media/food/donut.jpg
ミスタードーナツ,ホット・スイーツパイ りんご,donut,/static/media/food/donut.jpg
ミスタードーナツ,ホット・セイボリーパイ BBQフランクフルト,donut,/static/media/food/donut.jpg
ミスタードーナツ,しっとりマフィン バター風味,burger_classic,/static/media/food/burger_classic.jpg
ミスタードーナツ,しっとりマフィン チョコ,burger_classic,/static/media/food/burger_classic.jpg
ミスタードーナツ,ふかふか焼きドーナッツ プレーン [ミニサイズ] 2個入り,nuts_snack,/static/media/food/nuts_snack.png
ミスタードーナツ,シャリもぐヨンジーガムロ マンゴー＆グレープフルーツ,,(tile)
ミスタードーナツ,シャリもぐフォンリービン パイン＆ナタデココ,donut,/static/media/food/donut.jpg
ミスタードーナツ,ぷにゅんフングイフルーツティ ピーチ＆ドラゴンフルーツ,,(tile)
ミスタードーナツ,ぷにゅんフングイフルーツティ パイン＆マンゴー＆パッションフルーツ,donut,/static/media/food/donut.jpg
ミスタードーナツ,タピオカ もちもち黒糖ロイヤルミルクティ,milk_drink,/static/media/food/milk_drink.jpg
ミスタードーナツ,タピオカ もちもち黒糖ミルク,milk_drink,/static/media/food/milk_drink.jpg
ミスタードーナツ,ミスド ブレンドコーヒー,coffee,/static/media/food/coffee.jpg
ミスタードーナツ,ミスド カフェオレ,,(tile)
ミスタードーナツ,カフェインレスコーヒー,coffee,/static/media/food/coffee.jpg
ミスタードーナツ,カフェインレスカフェオレ,,(tile)
ミスタードーナツ,ミスド アイスコーヒー,coffee,/static/media/food/coffee.jpg
ミスタードーナツ,ミスド アイスカフェオレ,icecream_parfait,/static/media/food/icecream_parfait.jpg
ミスタードーナツ,カフェインレスアイスコーヒー,coffee,/static/media/food/coffee.jpg
ミスタードーナツ,カフェインレスアイスカフェオレ,icecream_parfait,/static/media/food/icecream_parfait.jpg
ミスタードーナツ,ホットティ ダージリン（ミルク・レモン）,milk_drink,/static/media/food/milk_drink.jpg
ミスタードーナツ,ロイヤルミルクティ,milk_drink,/static/media/food/milk_drink.jpg
ミスタードーナツ,アイスティ アールグレイ（ミルク・レモン）,icecream_parfait,/static/media/food/icecream_parfait.jpg
ミスタードーナツ,アイスロイヤルミルクティ,milk_drink,/static/media/food/milk_drink.jpg
ミスタードーナツ,アイスウーロンティ,icecream_parfait,/static/media/food/icecream_parfait.jpg
ミスタードーナツ,ホットジャスミンティ,,(tile)
ミスタードーナツ,アイスジャスミンティ,icecream_parfait,/static/media/food/icecream_parfait.jpg
ミスタードーナツ,ミニッツメイド オレンジ,,(tile)
ミスタードーナツ,りんご100％ジュース※濃縮還元,juice_beverage,/static/media/food/juice_beverage.jpg
ミスタードーナツ,カルピス,,(tile)
ミスタードーナツ,コカ・コーラ,cola_drink,/static/media/food/cola_drink.jpg
ミスタードーナツ,メロンソーダ,juice_beverage,/static/media/food/juice_beverage.jpg
ミスタードーナツ,ホットミルク,milk_drink,/static/media/food/milk_drink.jpg
ミスタードーナツ,アイスミルク,milk_drink,/static/media/food/milk_drink.jpg
ミスタードーナツ,リッチシェイク マダガスカルバニラ,smoothie,/static/media/food/smoothie.jpg
ミスタードーナツ,リッチシェイク チョコファジ,smoothie,/static/media/food/smoothie.jpg
ミスタードーナツ,ショコラカフェラテ,coffee,/static/media/food/coffee.jpg
ミスタードーナツ,アイスショコラカフェラテ,coffee,/static/media/food/coffee.jpg
ミスタードーナツ,ホットミルクチョコ,chocolate,/static/media/food/chocolate.jpg
ミスタードーナツ,アイスミルクチョコ,chocolate,/static/media/food/chocolate.jpg
ミスタードーナツ,ダブルエスプレッソラテ,coffee,/static/media/food/coffee.jpg
ミスタードーナツ,アイスダブルエスプレッソラテ,coffee,/static/media/food/coffee.jpg
ミスタードーナツ,北海道産コーンスープ,soup_corn,
ミスタードーナツ,かぼす香る鶏みぞれ涼風麺,,(tile)
ミスタードーナツ,トマト海鮮野菜涼風麺 レモンジュレ添え,,(tile)
ミスタードーナツ,柚子入り豆乳担々涼風麺,,(tile)
ミスタードーナツ,四川担々麺,ramen_shoyu,/static/media/food/ramen_shoyu.jpg
ミスタードーナツ,汁そば,soba,/static/media/food/soba.jpg
ミスタードーナツ,たまごチャーハン【国産米使用】,chahan,/static/media/food/chahan.jpg
ミスタードーナツ,たまごチャーハン ハーフ【国産米使用】,chahan,/static/media/food/chahan.jpg
ムーチョ-モダン-メキシカーノ,MUCHO名物！フレッシュ・ワカモレ,,(tile)
ムーチョ-モダン-メキシカーノ,MUCHOクラシック・ナチョス,nachos,/static/media/food/nachos.jpg
ムーチョ-モダン-メキシカーノ,DOUBLE CHEESE SAUCE（追加トッピング）,,(tile)
ムーチョ-モダン-メキシカーノ,CHIPOTLE BBQ BEEF NACHOS チポトレBBQビーフナチョス,nachos,/static/media/food/nachos.jpg
ムーチョ-モダン-メキシカーノ,CEVICHE DE PULPO タコのセビーチェ,sushi_platter,/static/media/food/sushi_platter.jpg
ムーチョ-モダン-メキシカーノ,SALMÓN MARINADO エリザベスサーモンのマリネ,sushi_salmon,/static/media/food/sushi_salmon.jpg
ムーチョ-モダン-メキシカーノ,CAMARONES A LA PICANTE 海老の激辛ソテー,sushi_shrimp,
ムーチョ-モダン-メキシカーノ,BROCHETA DE IBERICO CERDO Y CAMARONES 海老とイベリコ豚の串焼き“ブロチェッタ”,yakitori,/static/media/food/yakitori.jpg
ムーチョ-モダン-メキシカーノ,BROCHETA DE IBERICO CERDO Y CAMARONES（追加1本）,,(tile)
ムーチョ-モダン-メキシカーノ,PORK BELLY CARNITAS 皮付き豚バラ肉のカルニータス,,(tile)
ムーチョ-モダン-メキシカーノ,QUESADILLA DE QUESO チーズ・ケサディーヤ,tacos,/static/media/food/tacos.jpg
ムーチョ-モダン-メキシカーノ,QUESADILLA DE POLLO チキン・ケサディーヤ,tacos,/static/media/food/tacos.jpg
ムーチョ-モダン-メキシカーノ,CECINA セシーナ,,(tile)
ムーチョ-モダン-メキシカーノ,CARNE DE RES AL AJILLO 牛ハラミのチポトレ・アヒージョ,ajillo,/static/media/food/ajillo.jpg
ムーチョ-モダン-メキシカーノ,CAMARONES AL MOJO DE AJO 海老のアヒージョ,ajillo,/static/media/food/ajillo.jpg
ムーチョ-モダン-メキシカーノ,BUNUELOS DE JALAPENO ハラペーニョ・フリット,,(tile)
ムーチョ-モダン-メキシカーノ,ELOTE 3種とうもろこしのエローテ,,(tile)
ムーチョ-モダン-メキシカーノ,CHORIZO MEXICANO メキシカンチョリソー,,(tile)
ムーチョ-モダン-メキシカーノ,ALITAS DE POLLO メキシカン・ホット・ウィング,,(tile)
ムーチョ-モダン-メキシカーノ,CHILLI CON CARNE チリコンカルネ,,(tile)
ムーチョ-モダン-メキシカーノ,MENUDO CON POZOLE メヌード・コン・ポソレ,,(tile)
ムーチョ-モダン-メキシカーノ,ENCHILADA POLLO チキン・エンチラーダ,karaage_chicken,/static/media/food/karaage_chicken.jpg
ムーチョ-モダン-メキシカーノ,RED HOT FRENCH FRIES レッドホット フレンチフライ,french_fries,/static/media/food/french_fries.jpg
ムーチョ-モダン-メキシカーノ,CHICHARON チチャロン,,(tile)
ムーチョ-モダン-メキシカーノ,CLASSIC CAESAR SALAD クラシック・シーザーサラダ,salad_green,
ムーチョ-モダン-メキシカーノ,SHRIMP AND AVOCADO TOSTADA SALAD エビ・アボカド・温泉卵のトスターダサラダ,salad_green,
ムーチョ-モダン-メキシカーノ,MANGO & NOPAL CACTUS SALAD メキシコ産アップルマンゴーとウチワサボテンのサラダ,salad_green,
ムーチョ-モダン-メキシカーノ,OXTAIL SOUP 有田牛のオックステールスープ,soup_miso,/static/media/food/soup_miso.jpg
ムーチョ-モダン-メキシカーノ,SOPA DE MARISCOS ソパ・デ・マリスコス,,(tile)
ムーチョ-モダン-メキシカーノ,POZOLE VERDE ポソレ・ヴェルデ,,(tile)
ムーチョ-モダン-メキシカーノ,TINGA DE POLLO ティンガ・デ・ポヨ,,(tile)
ムーチョ-モダン-メキシカーノ,BAJA FISH TACO バハ・フィッシュ・タコ,sushi_platter,/static/media/food/sushi_platter.jpg
ムーチョ-モダン-メキシカーノ,COCHINITA PIBIL コチニータ・ピビル,,(tile)
ムーチョ-モダン-メキシカーノ,CAMARÓN CAJUN 赤海老のケイジャン・マリネ,sushi_shrimp,
ムーチョ-モダン-メキシカーノ,BARBACOA DE RES バルバコア・デ・レス,,(tile)
ムーチョ-モダン-メキシカーノ,TEXAS TACOS テキサス・タコス,tacos,/static/media/food/tacos.jpg
ムーチョ-モダン-メキシカーノ,VERDURAS ベジタブル・タコス,tacos,/static/media/food/tacos.jpg
ムーチョ-モダン-メキシカーノ,POLLO 菜彩鶏のチキン・ファヒータ,karaage_chicken,/static/media/food/karaage_chicken.jpg
ムーチョ-モダン-メキシカーノ,CERDO 山形県産 大澤牧場 豚肩ロース・ファヒータ,yakiniku_steak,/static/media/food/yakiniku_steak.jpg
ムーチョ-モダン-メキシカーノ,RES ビーフ・ファヒータ,,(tile)
ムーチョ-モダン-メキシカーノ,CORDERO ラム・ファヒータ,,(tile)
ムーチョ-モダン-メキシカーノ,PESCADO メカジキのファヒータ,,(tile)
ムーチョ-モダン-メキシカーノ,VERDURAS ベジタブル・ファヒータ,,(tile)
ムーチョ-モダン-メキシカーノ,BURRITO or CHIMICHANGA（POLLO チキン）,tacos,/static/media/food/tacos.jpg
ムーチョ-モダン-メキシカーノ,BURRITO or CHIMICHANGA（RES ビーフ）,tacos,/static/media/food/tacos.jpg
ムーチョ-モダン-メキシカーノ,CHIPOTLE JAMBALAYA チポトレ・ジャンバラヤ,,(tile)
ムーチョ-モダン-メキシカーノ,COCINITA PIBIL コチニータ・ピビル,,(tile)
ムーチョ-モダン-メキシカーノ,PULPO A LA PARRILLA タコのスパイスグリル プルポ・ア・ラ・パリージャ,donut,/static/media/food/donut.jpg
ムーチョ-モダン-メキシカーノ,WAGYU CARNE ASADA 国産黒毛和牛リブステーキ,steak_plate,/static/media/food/steak_plate.jpg
ムーチョ-モダン-メキシカーノ,QUESO FUNDIDO 赤海老とチョリソーのケソ・フンディード,sushi_shrimp,
ムーチョ-モダン-メキシカーノ,“BOTANY” LEMON SOUR “ボタニィ”レモンサワー,chuhai,/static/media/food/chuhai.jpg
ムーチョ-モダン-メキシカーノ,CHILCANO PICANTE チルカーノ・ピカンテ,,(tile)
ムーチョ-モダン-メキシカーノ,TEPACHE BALL テパチェ・ボール,,(tile)
ムーチョ-モダン-メキシカーノ,POPIN COKE ポピン・コーク,cola_drink,/static/media/food/cola_drink.jpg
ムーチョ-モダン-メキシカーノ,LYCHEE DON PALOMA ライチ・ドン・パローマ,,(tile)
ムーチョ-モダン-メキシカーノ,MUCHO MICHELADA ムーチョ・ミッチェラーダ,,(tile)
ムーチョ-モダン-メキシカーノ,PASSION FRUITS DAIQUIRI 沖縄県産パッションフルーツのダイキリ,,(tile)
ムーチョ-モダン-メキシカーノ,FROZEN MARGARITA LIME ライム（GLASS）,cocktail,/static/media/food/cocktail.jpg
ムーチョ-モダン-メキシカーノ,FROZEN MARGARITA LIME ライム（YARDA 2杯分）,cocktail,/static/media/food/cocktail.jpg
ムーチョ-モダン-メキシカーノ,FROZEN MARGARITA LIME ライム（POCO 3杯分）,cocktail,/static/media/food/cocktail.jpg
ムーチョ-モダン-メキシカーノ,FROZEN MARGARITA GUAVA & MANGO グァバ・マンゴー（GLASS）,cocktail,/static/media/food/cocktail.jpg
ムーチョ-モダン-メキシカーノ,FROZEN MARGARITA GUAVA & MANGO グァバ・マンゴー（YARDA 2杯分）,cocktail,/static/media/food/cocktail.jpg
ムーチョ-モダン-メキシカーノ,FROZEN MARGARITA GUAVA & MANGO グァバ・マンゴー（POCO 3杯分）,cocktail,/static/media/food/cocktail.jpg
ムーチョ-モダン-メキシカーノ,CLASSIC MARGARITA クラシック・マルガリータ,cocktail,/static/media/food/cocktail.jpg
ムーチョ-モダン-メキシカーノ,JALAPEÑO MARGARITA ハラペーニョ・マルガリータ,cocktail,/static/media/food/cocktail.jpg
ムーチョ-モダン-メキシカーノ,LYCHEE & COCO MARGARITA ライチ・ココ・マルガリータ,cocktail,/static/media/food/cocktail.jpg
ムーチョ-モダン-メキシカーノ,THE SINGLETON DUFFTOWN 12Y HIGHBALL シングルトン12年・ハイボール,whisky,/static/media/food/whisky.jpg
ムーチョ-モダン-メキシカーノ,YAMAZAKI HIGHBALL 山崎ハイボール,whisky,/static/media/food/whisky.jpg
ムーチョ-モダン-メキシカーノ,HAKUSHU HIGHBALL 白州ハイボール,whisky,/static/media/food/whisky.jpg
ムーチョ-モダン-メキシカーノ,GLENMORANGIE ORIGINAL HIGH BALL グレンモーレンジィ・オリジナル・ハイボール,whisky,/static/media/food/whisky.jpg
ムーチョ-モダン-メキシカーノ,TANQUERAY NO.10 GIN & TONIC タンカレーNo.10・ジントニック,cocktail,/static/media/food/cocktail.jpg
ムーチョ-モダン-メキシカーノ,#8 GIN & TONIC ナンバーエイト・ジントニック,cocktail,/static/media/food/cocktail.jpg
ムーチョ-モダン-メキシカーノ,CLASSIC MOJITO クラシック・モヒート,cocktail,/static/media/food/cocktail.jpg
ムーチョ-モダン-メキシカーノ,SEASONAL CITRUS CAIPIRINHA 季節のシトラスカイピリーニャ,,(tile)
ムーチョ-モダン-メキシカーノ,CINNAMON PIÑA COLADA シナモン・ピニャコラーダ,juice_beverage,/static/media/food/juice_beverage.jpg
ムーチョ-モダン-メキシカーノ,MEXICAN COFFEE MARTINI メキシカン・コーヒーマティーニ,tea_matcha,/static/media/food/tea_matcha.jpg
ムーチョ-モダン-メキシカーノ,IWAI LAGER イワイ・ラガー［ALC. 4.5%／IBU 16］,beer_alcohol,/static/media/food/beer_alcohol.jpg
ムーチョ-モダン-メキシカーノ,IWAI WHITE イワイ・ホワイト［ALC. 4.5%／IBU 10］,,(tile)
ムーチョ-モダン-メキシカーノ,CORONA EXTRA コロナ エクストラ,,(tile)
ムーチョ-モダン-メキシカーノ,MODELO ESPECIAL モデロ・エスペシャル,,(tile)
ムーチョ-モダン-メキシカーノ,MINERVA STOUT ミネルバ・スタウト,beer_alcohol,/static/media/food/beer_alcohol.jpg
ムーチョ-モダン-メキシカーノ,CORONA CERO コロナ ゼロ（ノンアルコール）,,(tile)
ムーチョ-モダン-メキシカーノ,EL JIMADOR BLANCO エル・ヒマドール ブランコ,,(tile)
ムーチョ-モダン-メキシカーノ,HERRADURA PLATA エラドゥーラ・プラタ,,(tile)
ムーチョ-モダン-メキシカーノ,CORRALEJO SILVER コラレホ シルバー,,(tile)
ムーチョ-モダン-メキシカーノ,PATRON SILVER パトロン シルバー,,(tile)
ムーチョ-モダン-メキシカーノ,DON JULIO BLANCO ドン・フリオ ブランコ,,(tile)
ムーチョ-モダン-メキシカーノ,CUERVO 1800 REPOSADO クエルボ 1800 レポサド,,(tile)
ムーチョ-モダン-メキシカーノ,TEREMANA REPOSADO テレマナ レポサド,,(tile)
ムーチョ-モダン-メキシカーノ,HERRADURA REPOSADO エラドゥーラ レポサド,,(tile)
ムーチョ-モダン-メキシカーノ,CORRALEJO REPOSADO コラレホ レポサド,,(tile)
ムーチョ-モダン-メキシカーノ,PATRON REPOSADO パトロン レポサド,,(tile)
ムーチョ-モダン-メキシカーノ,DON JULIO REPOSADO ドン・フリオ レポサド,,(tile)
ムーチョ-モダン-メキシカーノ,EL TEQUILEÑO REPOSADO エル・テキレーニョ レポサド,,(tile)
ムーチョ-モダン-メキシカーノ,CORRALEJO ANEJO コラレホ アネホ,,(tile)
ムーチョ-モダン-メキシカーノ,PATRON ANEJO パトロン アネホ,,(tile)
ムーチョ-モダン-メキシカーノ,DON JULIO 1942 ドン・フリオ1942,,(tile)
ムーチョ-モダン-メキシカーノ,1800 MILENIO 1800 ミレニオ,,(tile)
ムーチョ-モダン-メキシカーノ,DON JULIO ULTIMA RESERVA ドン・フリオ ウルティマ リセルヴァ［30ml］,,(tile)
ムーチョ-モダン-メキシカーノ,EL RECUERDO JOVEN エル・レクエルド・ホベン,,(tile)
ムーチョ-モダン-メキシカーノ,EL RECUERDO GUSANO エル・レクエルド・グサノ,,(tile)
ムーチョ-モダン-メキシカーノ,AJAL アハル,,(tile)
ムーチョ-モダン-メキシカーノ,SANGRITA サングリータ,,(tile)
ムーチョ-モダン-メキシカーノ,THE SINGLETON DUFFTOWN 12Y シングルトン12年,,(tile)
ムーチョ-モダン-メキシカーノ,YAMAZAKI 山崎,,(tile)
ムーチョ-モダン-メキシカーノ,HAKUSHU 白州,,(tile)
ムーチョ-モダン-メキシカーノ,JACK DANIEL’S ジャックダニエル,,(tile)
ムーチョ-モダン-メキシカーノ,GLENMORANGIE グレンモーレンジィ,,(tile)
ムーチョ-モダン-メキシカーノ,NUMBER EIGHT GIN ナンバーエイト ジン,,(tile)
ムーチョ-モダン-メキシカーノ,TANQUERAY NO.TEN タンカレー・ナンバーテン,curry_rice,/static/media/food/curry_rice.jpg
ムーチョ-モダン-メキシカーノ,JUANITA フアニータ,,(tile)
ムーチョ-モダン-メキシカーノ,KINOBI 季の美,,(tile)
ムーチョ-モダン-メキシカーノ,MONKEY 47 モンキー47,,(tile)
ムーチョ-モダン-メキシカーノ,GREY GOOSE グレイグース,,(tile)
ムーチョ-モダン-メキシカーノ,BELVEDERE ベルベデール,,(tile)
ムーチョ-モダン-メキシカーノ,CIROC シロック,,(tile)
ムーチョ-モダン-メキシカーノ,HAVANA CLUB 3Y ハバナクラブ3年,,(tile)
ムーチョ-モダン-メキシカーノ,RON ZACAPA ロンサカパ,,(tile)
ムーチョ-モダン-メキシカーノ,APPLETON 12Y.O アプルトン,,(tile)
ムーチョ-モダン-メキシカーノ,NEGRITA ネグリタ,,(tile)
ムーチョ-モダン-メキシカーノ,"DEPAZ PLANTATION デパズ・プランテーション［SAINT-PIERRE, MARTINIQUE］",cocktail,/static/media/food/cocktail.jpg
ムーチョ-モダン-メキシカーノ,Hibiscus Lemonade ハイビスカス・レモネード,lemonade,/static/media/food/lemonade.jpg
ムーチョ-モダン-メキシカーノ,“Botany” Mojito “ボタニィ”モヒート,cocktail,/static/media/food/cocktail.jpg
ムーチョ-モダン-メキシカーノ,Mexicola メヒコーラ,juice_beverage,/static/media/food/juice_beverage.jpg
ムーチョ-モダン-メキシカーノ,Vegan Tropical Lassi ビーガン トロピカル・ラッシー,,(tile)
ムーチョ-モダン-メキシカーノ,Mexican Virgin Mary メキシカン・バージン・メアリー,,(tile)
ムーチョ-モダン-メキシカーノ,Spicy Virgin Shandy スパイシー・バージン・シャンディ,donut,/static/media/food/donut.jpg
ムーチョ-モダン-メキシカーノ,0% Gin & Tonic 0%ジン&トニック,,(tile)
ムーチョ-モダン-メキシカーノ,ASSAM アッサム（HOT/ICED）,,(tile)
ムーチョ-モダン-メキシカーノ,CEYLON DIMBULA セイロンディンブラ（HOT/ICED）,,(tile)
ムーチョ-モダン-メキシカーノ,ROOIBOS ルイボスティー（HOT/ICED）,tea_matcha,/static/media/food/tea_matcha.jpg
ムーチョ-モダン-メキシカーノ,PINEAPPLE JASMINE パイナップルジャスミン（HOT/ICED）,donut,/static/media/food/donut.jpg
ムーチョ-モダン-メキシカーノ,FIVE ELEMENTS ファイブエレメンツ（ICED）,,(tile)
ムーチョ-モダン-メキシカーノ,MATE TEA マテ茶（ICED）,tea_matcha,/static/media/food/tea_matcha.jpg
ムーチョ-モダン-メキシカーノ,JAMAICA TEA ジャマイカティー（ICED）,tea_matcha,/static/media/food/tea_matcha.jpg
ムーチョ-モダン-メキシカーノ,HUGE ORIGINAL BLENDED COFFEE HUGE・オリジナル ブレンドコーヒー,coffee,/static/media/food/coffee.jpg
ムーチョ-モダン-メキシカーノ,CAFÉ DE OLLA カフェ・デ・オジャ,,(tile)
ムーチョ-モダン-メキシカーノ,ESPRESSO エスプレッソ,coffee,/static/media/food/coffee.jpg
ムーチョ-モダン-メキシカーノ,CAFFE LATTE カフェ・ラテ（HOT/ICED）,coffee,/static/media/food/coffee.jpg
ムーチョ-モダン-メキシカーノ,CAPPUCCINO カプチーノ（HOT）,coffee,/static/media/food/coffee.jpg
ムーチョ-モダン-メキシカーノ,ICED COFFEE アイスコーヒー,coffee,/static/media/food/coffee.jpg
ムーチョ-モダン-メキシカーノ,ORANGE JUICE オレンジジュース,juice_beverage,/static/media/food/juice_beverage.jpg
ムーチョ-モダン-メキシカーノ,PINK GRAPEFRUIT JUICE ピンクグレープフルーツジュース,juice_beverage,/static/media/food/juice_beverage.jpg
ムーチョ-モダン-メキシカーノ,GUAVA JUICE グァバジュース,juice_beverage,/static/media/food/juice_beverage.jpg
ムーチョ-モダン-メキシカーノ,TOMATO JUICE トマトジュース,juice_beverage,/static/media/food/juice_beverage.jpg
ムーチョ-モダン-メキシカーノ,COCA COLA コカ・コーラ,cola_drink,/static/media/food/cola_drink.jpg
ムーチョ-モダン-メキシカーノ,COCA COLA ZERO コカ・コーラ ゼロ,cola_drink,/static/media/food/cola_drink.jpg
ムーチョ-モダン-メキシカーノ,GINGER ALE ジンジャーエール,cola_drink,/static/media/food/cola_drink.jpg
ムーチョ-モダン-メキシカーノ,INCA KOLA インカ・コーラ,cola_drink,/static/media/food/cola_drink.jpg
ムーチョ-モダン-メキシカーノ,HILDON STILL ヒルドン スティルウォーター,,(tile)
ムーチョ-モダン-メキシカーノ,HILDON SPARKLING ヒルドン スパークリングウォーター,champagne,/static/media/food/champagne.jpg
ムーチョ-モダン-メキシカーノ,MEDITERRANEAN TONIC WATER メディタレーニアン トニックウォーター,,(tile)
ムーチョ-モダン-メキシカーノ,PREMIUM GINGER BEER プレミアム ジンジャー・ビア,beer_alcohol,/static/media/food/beer_alcohol.jpg
モスバーガー,とびきりチーズ 〜北海道チーズ〜,burger_cheese,/static/media/food/burger_cheese.jpg
モスバーガー,ダブルとびきりチーズ 〜北海道チーズ〜,burger_cheese,/static/media/food/burger_cheese.jpg
モスバーガー,アボカド海老カツバーガー ～国産バジルマヨ～,burger_fish_shrimp,
モスバーガー,モスの匠味 海老エビフライバーガー ～くし切りレモン添え～,burger_fish_shrimp,
モスバーガー,【時間限定】トリプルモスバーガー ＜15時から販売＞,burger_classic,/static/media/food/burger_classic.jpg
モスバーガー,【時間限定】トリプルモスチーズバーガー ＜15時から販売＞,burger_cheese,/static/media/food/burger_cheese.jpg
モスバーガー,モスバーガー,burger_classic,/static/media/food/burger_classic.jpg
モスバーガー,モスチーズバーガー,burger_cheese,/static/media/food/burger_cheese.jpg
モスバーガー,スパイシーモスバーガー,burger_classic,/static/media/food/burger_classic.jpg
モスバーガー,スパイシーモスチーズバーガー,burger_cheese,/static/media/food/burger_cheese.jpg
モスバーガー,米粉入りバンズのアボカドバジルバーガー,burger_classic,/static/media/food/burger_classic.jpg
モスバーガー,テリヤキバーガー,burger_classic,/static/media/food/burger_classic.jpg
モスバーガー,モス野菜バーガー,burger_classic,/static/media/food/burger_classic.jpg
モスバーガー,テリヤキチキンバーガー,burger_chicken,
モスバーガー,フィッシュバーガー,burger_fish_shrimp,
モスバーガー,ロースカツバーガー,burger_classic,/static/media/food/burger_classic.jpg
モスバーガー,海老カツバーガー,burger_fish_shrimp,
モスバーガー,チキンバーガー,burger_chicken,
モスバーガー,ハンバーガー,burger_classic,/static/media/food/burger_classic.jpg
モスバーガー,チーズバーガー,burger_cheese,/static/media/food/burger_cheese.jpg
モスバーガー,ダブルモスバーガー,burger_classic,/static/media/food/burger_classic.jpg
モスバーガー,ダブルモスチーズバーガー,burger_classic,/static/media/food/burger_classic.jpg
モスバーガー,スパイシーダブルモスバーガー,burger_classic,/static/media/food/burger_classic.jpg
モスバーガー,スパイシーダブルモスチーズバーガー,burger_classic,/static/media/food/burger_classic.jpg
モスバーガー,ダブルテリヤキバーガー,burger_classic,/static/media/food/burger_classic.jpg
モスバーガー,ダブルモス野菜バーガー,burger_classic,/static/media/food/burger_classic.jpg
モスバーガー,ダブルハンバーガー,burger_classic,/static/media/food/burger_classic.jpg
モスバーガー,ダブルチーズバーガー,burger_classic,/static/media/food/burger_classic.jpg
モスバーガー,モスライスバーガー海鮮かきあげ（塩だれ）,burger_classic,/static/media/food/burger_classic.jpg
モスバーガー,モスライスバーガー焼肉,yakiniku_steak,/static/media/food/yakiniku_steak.jpg
モスバーガー,ホットドッグ,hotdog,/static/media/food/hotdog.jpg
モスバーガー,チリドッグ,hotdog,/static/media/food/hotdog.jpg
モスバーガー,スパイシーチリドッグ,hotdog,/static/media/food/hotdog.jpg
モスバーガー,モスの菜摘（なつみ）モス野菜,,(tile)
モスバーガー,モスの菜摘（なつみ）テリヤキチキン,burger_chicken,
モスバーガー,モスの菜摘（なつみ）フィッシュ,,(tile)
モスバーガー,モスの菜摘（なつみ）ロースカツ,tonkatsu_pork,/static/media/food/tonkatsu_pork.jpg
モスバーガー,モスの菜摘（なつみ）海老カツ,burger_fish_shrimp,
モスバーガー,モスの菜摘（なつみ）チキン,karaage_chicken,/static/media/food/karaage_chicken.jpg
モスバーガー,モスの菜摘（なつみ）ソイモス野菜,,(tile)
モスバーガー,ソイモスバーガー,burger_classic,/static/media/food/burger_classic.jpg
モスバーガー,ソイテリヤキバーガー,burger_classic,/static/media/food/burger_classic.jpg
モスバーガー,ソイモス野菜バーガー,burger_classic,/static/media/food/burger_classic.jpg
モスバーガー,ソイモスチーズバーガー,burger_cheese,/static/media/food/burger_cheese.jpg
モスバーガー,ソイハンバーガー,burger_classic,/static/media/food/burger_classic.jpg
モスバーガー,ソイチーズバーガー,burger_cheese,/static/media/food/burger_cheese.jpg
モスバーガー,ソイスパイシーモスバーガー,burger_classic,/static/media/food/burger_classic.jpg
モスバーガー,ソイスパイシーモスチーズバーガー,burger_cheese,/static/media/food/burger_cheese.jpg
モスバーガー,【金曜日限定】オニオンフライデーパック,onion_rings,/static/media/food/onion_rings.jpg
モスバーガー,モスチキン,karaage_chicken,/static/media/food/karaage_chicken.jpg
モスバーガー,フレンチフライポテト,french_fries,/static/media/food/french_fries.jpg
モスバーガー,オニポテ（フレンチフライポテト＆オニオンフライ）,onion_rings,/static/media/food/onion_rings.jpg
モスバーガー,チリディップソース,,(tile)
モスバーガー,カップ ハラペーニョ,,(tile)
モスバーガー,オニオンフライ,onion_rings,/static/media/food/onion_rings.jpg
モスバーガー,チキンナゲット（5コ入り）※ソース別売,karaage_chicken,/static/media/food/karaage_chicken.jpg
モスバーガー,バーベキューソース,,(tile)
モスバーガー,マスタードソース,,(tile)
モスバーガー,こだわりサラダ 和風ドレッシング＜減塩タイプ＞,salad_green,
モスバーガー,和風ドレッシング＜減塩タイプ＞,,(tile)
モスバーガー,モスチキンパック 5本入り,karaage_chicken,/static/media/food/karaage_chicken.jpg
モスバーガー,バラエティパックA,,(tile)
モスバーガー,バラエティパックB,,(tile)
モスバーガー,冷凍モスチキン 5本入り,karaage_chicken,/static/media/food/karaage_chicken.jpg
モスバーガー,ティーミルク ～キャンディ茶葉使用～,milk_drink,/static/media/food/milk_drink.jpg
モスバーガー,レモンまるまる 1個分！白桃ソーダ with 国産白桃&レモンソース,juice_beverage,/static/media/food/juice_beverage.jpg
モスバーガー,白桃ソーダ with 国産白桃&レモンソース,juice_beverage,/static/media/food/juice_beverage.jpg
モスバーガー,アイスコーヒー,coffee,/static/media/food/coffee.jpg
モスバーガー,アイスティー キャンディ茶葉（レモン／ミルク）,tea_matcha,/static/media/food/tea_matcha.jpg
モスバーガー,オレンジブレンド100,,(tile)
モスバーガー,ペプシコーラ,cola_drink,/static/media/food/cola_drink.jpg
モスバーガー,ジンジャーエール,cola_drink,/static/media/food/cola_drink.jpg
モスバーガー,メロンソーダ（無果汁）,juice_beverage,/static/media/food/juice_beverage.jpg
モスバーガー,アイスウーロン茶,oolong_tea,
モスバーガー,アイスカフェラテ,coffee,/static/media/food/coffee.jpg
モスバーガー,モスシェイク バニラ,smoothie,/static/media/food/smoothie.jpg
モスバーガー,モスシェイク コーヒー,smoothie,/static/media/food/smoothie.jpg
モスバーガー,まぜるシェイク 出雲(いずも)の抹茶,smoothie,/static/media/food/smoothie.jpg
モスバーガー,りんごジュース（125ml紙パック）,juice_beverage,/static/media/food/juice_beverage.jpg
モスバーガー,ブレンドコーヒー,coffee,/static/media/food/coffee.jpg
モスバーガー,紅茶 キャンディ茶葉（レモン／ミルク）,tea_matcha,/static/media/food/tea_matcha.jpg
モスバーガー,カフェラテ,coffee,/static/media/food/coffee.jpg
モスバーガー,コーンスープ 北海道産コーン使用,soup_corn,
モスバーガー,クラムチャウダー,soup_corn,
モスバーガー,アイスドルチェ 苺クリームのアイスわらび餅 ～あまおうソース入り～,icecream_parfait,/static/media/food/icecream_parfait.jpg
モスバーガー,アイスドルチェ 抹茶クリームのアイスわらび餅 ～黒蜜ソース入り～,icecream_parfait,/static/media/food/icecream_parfait.jpg
モスバーガー,アイスドルチェ カップ ショコラ風ムースケーキ,icecream_parfait,/static/media/food/icecream_parfait.jpg
モスバーガー,【イートイン・時間限定】ふんわりスフレパンケーキ ＜国産白桃ソース＞,pancakes,
モスバーガー,【イートイン・時間限定】シングル ふんわりスフレパンケーキ＜メープルシロップ＞,pancakes,
モスバーガー,【イートイン・時間限定】ダブル ふんわりスフレパンケーキ＜メープルシロップ＞,pancakes,
モスバーガー,【テイクアウト限定】＜冷凍＞ ふんわりスフレパンケーキ,pancakes,
モスバーガー,ワイワイモスチーズバーガーセット,teishoku,/static/media/food/teishoku.jpg
モスバーガー,ワイワイテリヤキバーガーセット,teishoku,/static/media/food/teishoku.jpg
モスバーガー,ワイワイチーズバーガーセット,teishoku,/static/media/food/teishoku.jpg
モスバーガー,ワイワイバーガーセット,teishoku,/static/media/food/teishoku.jpg
モスバーガー,ワイワイナゲットセット,teishoku,/static/media/food/teishoku.jpg
モスバーガー,ポークサンド＜米粉＞,burger_classic,/static/media/food/burger_classic.jpg
モスバーガー,ポークロール＜米粉＞,tonkatsu_pork,/static/media/food/tonkatsu_pork.jpg
モスバーガー,朝の野菜バーガー ～オーロラソース～,burger_classic,/static/media/food/burger_classic.jpg
モスバーガー,朝のとろったまチーズバーガー ～テリヤキソース～,burger_cheese,/static/media/food/burger_cheese.jpg
モスバーガー,ソイ朝の野菜バーガー ～オーロラソース～,burger_classic,/static/media/food/burger_classic.jpg
モスバーガー,ソイ朝のとろったまチーズバーガー ～テリヤキソース～,burger_cheese,/static/media/food/burger_cheese.jpg
モスバーガー,朝のホットドッグ,hotdog,/static/media/food/hotdog.jpg
モスバーガー,朝モスプレート,toast_breakfast,/static/media/food/toast_breakfast.jpg
モスバーガー,トースト,toast_breakfast,/static/media/food/toast_breakfast.jpg
モスバーガー,ストロベリージャム,,(tile)
リンガーハット,長崎ちゃんぽん,,(tile)
リンガーハット,スモールちゃんぽん,,(tile)
リンガーハット,ピリカラちゃんぽん,,(tile)
リンガーハット,鶏白湯ちゃんぽん,,(tile)
リンガーハット,みそちゃんぽん,,(tile)
リンガーハット,しょうゆちゃんぽん,,(tile)
リンガーハット,減塩ちゃんぽん,,(tile)
リンガーハット,長崎皿うどん,udon,/static/media/food/udon.jpg
リンガーハット,スモール皿うどん,udon,/static/media/food/udon.jpg
リンガーハット,ピリカラ皿うどん,udon,/static/media/food/udon.jpg
リンガーハット,焼き太めん皿うどん,udon,/static/media/food/udon.jpg
リンガーハット,やわらか太めん皿うどん,udon,/static/media/food/udon.jpg
リンガーハット,減塩皿うどん,udon,/static/media/food/udon.jpg
リンガーハット,野菜たっぷりちゃんぽん,,(tile)
リンガーハット,野菜たっぷり皿うどん,udon,/static/media/food/udon.jpg
リンガーハット,野菜たっぷり食べるスープ,soup_miso,/static/media/food/soup_miso.jpg
リンガーハット,海鮮ちゃんぽん＜海老スープ＞,soup_miso,/static/media/food/soup_miso.jpg
リンガーハット,ぎょうざ 7個定食（ごはん）,gohan_rice,
リンガーハット,ぎょうざ 7個定食（半チャーハン）,chahan,/static/media/food/chahan.jpg
リンガーハット,ぎょうざ 10個定食（ごはん）,gohan_rice,
リンガーハット,ぎょうざ 10個定食（半チャーハン）,chahan,/static/media/food/chahan.jpg
リンガーハット,ぎょうざ 15個定食（ごはん）,gohan_rice,
リンガーハット,ぎょうざ 15個定食（半チャーハン）,chahan,/static/media/food/chahan.jpg
リンガーハット,ぎょうざ（3個）,,(tile)
リンガーハット,ぎょうざ（5個）,,(tile)
リンガーハット,ぎょうざ（10個）,,(tile)
リンガーハット,ぎょうざ（15個）,,(tile)
リンガーハット,半チャーハン,chahan,/static/media/food/chahan.jpg
リンガーハット,焼き焼売,shumai,/static/media/food/shumai.jpg
リンガーハット,ごはん,gohan_rice,
リンガーハット,食べるミルクセーキ（プレーン）,milk_drink,/static/media/food/milk_drink.jpg
リンガーハット,食べるミルクセーキ（ブルーベリー）,milk_drink,/static/media/food/milk_drink.jpg
リンガーハット,杏仁豆腐（ブルーベリー）,,(tile)
リンガーハット,ちびっこ ちゃんぽんセット,teishoku,/static/media/food/teishoku.jpg
リンガーハット,ちびっこ さらうどんセット,teishoku,/static/media/food/teishoku.jpg
リンガーハット,ちびっこ チャーハンセット,teishoku,/static/media/food/teishoku.jpg
リンガーハット,ちびっこ ナポリタンセット,teishoku,/static/media/food/teishoku.jpg
リンガーハット,コーラ,cola_drink,/static/media/food/cola_drink.jpg
リンガーハット,アップルジュース,juice_beverage,/static/media/food/juice_beverage.jpg
リンガーハット,生ビール（中）,beer_alcohol,/static/media/food/beer_alcohol.jpg
リンガーハット,生ビール（小）,beer_alcohol,/static/media/food/beer_alcohol.jpg
リンガーハット,瓶ビール（中瓶）,beer_alcohol,/static/media/food/beer_alcohol.jpg
リンガーハット,ノンアルコールビール,beer_alcohol,/static/media/food/beer_alcohol.jpg
リンガーハット,レモンサワー,chuhai,/static/media/food/chuhai.jpg
リンガーハット,ハイボール,whisky,/static/media/food/whisky.jpg
リンガーハット,ピリカラ味噌,,(tile)
リンガーハット,半熟卵,tamago_egg,/static/media/food/tamago_egg.jpg
リンガーハット,煮卵,tamago_egg,/static/media/food/tamago_egg.jpg
レインボーカフェ-•-東京アメリカンクラブ,本日のメイン、サイドサラダ、本日のスープ付き,soup_miso,/static/media/food/soup_miso.jpg
レインボーカフェ-•-東京アメリカンクラブ,ツナメルト,,(tile)
レインボーカフェ-•-東京アメリカンクラブ,チキンガパオ,karaage_chicken,/static/media/food/karaage_chicken.jpg
レインボーカフェ-•-東京アメリカンクラブ,レインボー「ステーキ丼」,donburi_rice,/static/media/food/donburi_rice.jpg
レインボーカフェ-•-東京アメリカンクラブ,地中海風チキン,karaage_chicken,/static/media/food/karaage_chicken.jpg
レインボーカフェ-•-東京アメリカンクラブ,レッドベルベットケーキ,cake_dessert,/static/media/food/cake_dessert.png
レインボーカフェ-•-東京アメリカンクラブ,レインボー ヘルスバー,,(tile)
レインボーカフェ-•-東京アメリカンクラブ,パンシアードサーモン,sushi_salmon,/static/media/food/sushi_salmon.jpg
レインボーカフェ-•-東京アメリカンクラブ,鶏むね肉の炭火焼き (プレーンまたはケイジャンスパイス),donut,/static/media/food/donut.jpg
レインボーカフェ-•-東京アメリカンクラブ,新バリューセット,teishoku,/static/media/food/teishoku.jpg
レインボーカフェ-•-東京アメリカンクラブ,スモークブリスケットバーガー,burger_classic,/static/media/food/burger_classic.jpg
レインボーカフェ-•-東京アメリカンクラブ,レッドチェダー、プロボローネ,,(tile)
レインボーカフェ-•-東京アメリカンクラブ,ベーコン,bacon_dish,
レインボーカフェ-•-東京アメリカンクラブ,アボカド,salad_green,
レインボーカフェ-•-東京アメリカンクラブ,ファラフェルラップ,,(tile)
レインボーカフェ-•-東京アメリカンクラブ,ベジタリアンケサディーヤ,,(tile)
レインボーカフェ-•-東京アメリカンクラブ,スモークブリスケットを追加してテキサス風に,,(tile)
レインボーカフェ-•-東京アメリカンクラブ,BLT,sandwich,/static/media/food/sandwich.jpg
レインボーカフェ-•-東京アメリカンクラブ,スモークチキンクラブサンドイッチ,sandwich,/static/media/food/sandwich.jpg
レインボーカフェ-•-東京アメリカンクラブ,中華風チキンサラダ,salad_green,
レインボーカフェ-•-東京アメリカンクラブ,クリスピーバッファローチキンサンドイッチ,sandwich,/static/media/food/sandwich.jpg
レインボーカフェ-•-東京アメリカンクラブ,クリスピーカラマリ,,(tile)
レインボーカフェ-•-東京アメリカンクラブ,チーズバーガー,burger_cheese,/static/media/food/burger_cheese.jpg
レインボーカフェ-•-東京アメリカンクラブ,10オンス (280g) サーロインステーキ炭火焼き,steak_plate,/static/media/food/steak_plate.jpg
レインボーカフェ-•-東京アメリカンクラブ,6オンス (170g) リブステーキグリル,steak_plate,/static/media/food/steak_plate.jpg
レインボーカフェ-•-東京アメリカンクラブ,5オンス (140g) ニュージーランド産牛フィレ肉の炭火焼き,steak_plate,/static/media/food/steak_plate.jpg
レインボーカフェ-•-東京アメリカンクラブ,伝統的なボロネーゼ,pasta,/static/media/food/pasta.jpg
レインボーカフェ-•-東京アメリカンクラブ,マリナーラ,,(tile)
レインボーカフェ-•-東京アメリカンクラブ,スモークポークソーセージのアラビアータ,sausage,/static/media/food/sausage.jpg
レインボーカフェ-•-東京アメリカンクラブ,プリマヴェーラ アルフレッドクリーム,,(tile)
レインボーカフェ-•-東京アメリカンクラブ,焼きそば,yakisoba,/static/media/food/yakisoba.jpg
レインボーカフェ-•-東京アメリカンクラブ,だしうどん,udon,/static/media/food/udon.jpg
レインボーカフェ-•-東京アメリカンクラブ,海老天ぷら2尾,tempura,/static/media/food/tempura.jpg
レインボーカフェ-•-東京アメリカンクラブ,甘いきつね揚げ,,(tile)
レインボーカフェ-•-東京アメリカンクラブ,半熟卵,tamago_egg,/static/media/food/tamago_egg.jpg
レインボーカフェ-•-東京アメリカンクラブ,4種のチーズとイチジク,cheese_plate,
レインボーカフェ-•-東京アメリカンクラブ,クラシックマルゲリータ,pizza,/static/media/food/pizza.jpg
レインボーカフェ-•-東京アメリカンクラブ,スペイン産イベリコ,,(tile)
レインボーカフェ-•-東京アメリカンクラブ,ディアボラ,,(tile)
レインボーカフェ-•-東京アメリカンクラブ,カプリチョーザ,,(tile)
レインボーカフェ-•-東京アメリカンクラブ,フライドポテト,french_fries,/static/media/food/french_fries.jpg
レインボーカフェ-•-東京アメリカンクラブ,ケイジャンポテト,french_fries,/static/media/food/french_fries.jpg
レインボーカフェ-•-東京アメリカンクラブ,オニオンリング,onion_rings,/static/media/food/onion_rings.jpg
レインボーカフェ-•-東京アメリカンクラブ,クリーミーマッシュポテト,french_fries,/static/media/food/french_fries.jpg
レインボーカフェ-•-東京アメリカンクラブ,蒸しブロッコリー,,(tile)
レインボーカフェ-•-東京アメリカンクラブ,バターソテーのブロッコリー,,(tile)
レインボーカフェ-•-東京アメリカンクラブ,白米または玄米,,(tile)
レインボーカフェ-•-東京アメリカンクラブ,クラシックアメリカンアップルパイ,donut,/static/media/food/donut.jpg
レインボーカフェ-•-東京アメリカンクラブ,特製キャロットケーキ,cake_dessert,/static/media/food/cake_dessert.png
レインボーカフェ-•-東京アメリカンクラブ,ベイクドストロベリーチーズケーキ,cake_dessert,/static/media/food/cake_dessert.png
レインボーカフェ-•-東京アメリカンクラブ,ソフトクリーム,soft_serve,/static/media/food/soft_serve.jpg
レインボーカフェ-•-東京アメリカンクラブ,サーティワン アイスクリーム ミニカップ,icecream_parfait,/static/media/food/icecream_parfait.jpg
レインボーカフェ-•-東京アメリカンクラブ,キャラメルリボン,,(tile)
レインボーカフェ-•-東京アメリカンクラブ,バニラ,,(tile)
レインボーカフェ-•-東京アメリカンクラブ,ベリーベリーストロベリー,,(tile)
レインボーカフェ-•-東京アメリカンクラブ,チョコレートチップ,chocolate,/static/media/food/chocolate.jpg
レインボーカフェ-•-東京アメリカンクラブ,ポッピングシャワー,,(tile)
レインボーカフェ-•-東京アメリカンクラブ,オレンジシャーベット,icecream_parfait,/static/media/food/icecream_parfait.jpg
レインボーカフェ-•-東京アメリカンクラブ,手作りバナナココナッツ,nuts_snack,/static/media/food/nuts_snack.png
レインボーカフェ-•-東京アメリカンクラブ,マンゴータンゴ,,(tile)
レインボーカフェ-•-東京アメリカンクラブ,手作りベリーシトラスオート,,(tile)
レインボーカフェ-•-東京アメリカンクラブ,ミックスベリー,,(tile)
レインボーカフェ-•-東京アメリカンクラブ,以下のヘルシーブースターを追加できます,,(tile)
レインボーカフェ-•-東京アメリカンクラブ,7歳以上,,(tile)
レインボーカフェ-•-東京アメリカンクラブ,3〜6歳,,(tile)
レインボーカフェ-•-東京アメリカンクラブ,ストリーマーコーヒーカンパニー TAC オリジナルプレミアムドリップ,coffee,/static/media/food/coffee.jpg
レインボーカフェ-•-東京アメリカンクラブ,おかわり無料,,(tile)
レインボーカフェ-•-東京アメリカンクラブ,マキアート,,(tile)
レインボーカフェ-•-東京アメリカンクラブ,カプチーノ,coffee,/static/media/food/coffee.jpg
レインボーカフェ-•-東京アメリカンクラブ,カフェラテ,coffee,/static/media/food/coffee.jpg
レインボーカフェ-•-東京アメリカンクラブ,ミルク変更：豆乳,milk_drink,/static/media/food/milk_drink.jpg
レインボーカフェ-•-東京アメリカンクラブ,オーツ,,(tile)
レインボーカフェ-•-東京アメリカンクラブ,アーモンド,nuts_snack,/static/media/food/nuts_snack.png
レインボーカフェ-•-東京アメリカンクラブ,ホットティー,tea_matcha,/static/media/food/tea_matcha.jpg
レインボーカフェ-•-東京アメリカンクラブ,アイスティー飲み放題,tea_matcha,/static/media/food/tea_matcha.jpg
レインボーカフェ-•-東京アメリカンクラブ,自家製ジンジャーエール,cola_drink,/static/media/food/cola_drink.jpg
レインボーカフェ-•-東京アメリカンクラブ,クランベリーとレモングラスのレモネード,lemonade,/static/media/food/lemonade.jpg
レインボーカフェ-•-東京アメリカンクラブ,自家製バニラコーラ,cola_drink,/static/media/food/cola_drink.jpg
レインボーカフェ-•-東京アメリカンクラブ,フレッシュオレンジジュース,juice_beverage,/static/media/food/juice_beverage.jpg
レインボーカフェ-•-東京アメリカンクラブ,自家製レモンスカッシュ,lemonade,/static/media/food/lemonade.jpg
レインボーカフェ-•-東京アメリカンクラブ,アーノルドパーマー飲み放題,,(tile)
レインボーカフェ-•-東京アメリカンクラブ,ハイビスカスレモネード飲み放題,lemonade,/static/media/food/lemonade.jpg
レインボーカフェ-•-東京アメリカンクラブ,ソーダ飲み放題,juice_beverage,/static/media/food/juice_beverage.jpg
レインボーカフェ-•-東京アメリカンクラブ,缶ソーダ,juice_beverage,/static/media/food/juice_beverage.jpg
レインボーカフェ-•-東京アメリカンクラブ,ジュース,juice_beverage,/static/media/food/juice_beverage.jpg
レインボーカフェ-•-東京アメリカンクラブ,ミルク＆代替乳,milk_drink,/static/media/food/milk_drink.jpg
レインボーカフェ-•-東京アメリカンクラブ,チョコレートミルク,milk_drink,/static/media/food/milk_drink.jpg
レインボーカフェ-•-東京アメリカンクラブ,シェイク,smoothie,/static/media/food/smoothie.jpg
レインボーカフェ-•-東京アメリカンクラブ,サンペレグリノ,,(tile)
レインボーカフェ-•-東京アメリカンクラブ,アクアパンナ,,(tile)
レインボーカフェ-•-東京アメリカンクラブ,ウォッカトニック,,(tile)
レインボーカフェ-•-東京アメリカンクラブ,ジン＆トニック,,(tile)
レインボーカフェ-•-東京アメリカンクラブ,テキーラトニック,,(tile)
レインボーカフェ-•-東京アメリカンクラブ,トムコリンズ,,(tile)
レインボーカフェ-•-東京アメリカンクラブ,ケープコッド,,(tile)
レインボーカフェ-•-東京アメリカンクラブ,キューバリブレ,,(tile)
レインボーカフェ-•-東京アメリカンクラブ,ハイボール,whisky,/static/media/food/whisky.jpg
レインボーカフェ-•-東京アメリカンクラブ,テキーラサンライズ,,(tile)
レインボーカフェ-•-東京アメリカンクラブ,クラシックミュール,,(tile)
レインボーカフェ-•-東京アメリカンクラブ,ジンとグレープフルーツ,,(tile)
レインボーカフェ-•-東京アメリカンクラブ,レモンラズベリーモヒート,cocktail,/static/media/food/cocktail.jpg
レインボーカフェ-•-東京アメリカンクラブ,クラシックマルガリータ,,(tile)
レインボーカフェ-•-東京アメリカンクラブ,マンゴーマルガリータ,,(tile)
レインボーカフェ-•-東京アメリカンクラブ,サントリー ザ・プレミアム・モルツ (生),,(tile)
レインボーカフェ-•-東京アメリカンクラブ,ハイネケン (生),,(tile)
レインボーカフェ-•-東京アメリカンクラブ,トレーダーズ セッションIPA (ボトル),,(tile)
レインボーカフェ-•-東京アメリカンクラブ,アサヒ スーパードライ (ボトル),,(tile)
レインボーカフェ-•-東京アメリカンクラブ,サントリー オールフリー (ボトル),,(tile)
レインボーカフェ-•-東京アメリカンクラブ,ビア・デ・ザミ 0.0 (ボトル),,(tile)
レインボーカフェ-•-東京アメリカンクラブ,NV シャンドン,,(tile)
レインボーカフェ-•-東京アメリカンクラブ,NV モエ・エ・シャンドン ブリュット アンペリアル,,(tile)
レインボーカフェ-•-東京アメリカンクラブ,2021 レ・サンク・ヴァレ・ブラン,,(tile)
レインボーカフェ-•-東京アメリカンクラブ,2023 アリー・ベイ ソーヴィニヨン・ブラン,,(tile)
レインボーカフェ-•-東京アメリカンクラブ,2022 シャノン・リッジ ソーヴィニヨン・ブラン,,(tile)
レインボーカフェ-•-東京アメリカンクラブ,2022 チャールズ・スミス イヴ シャルドネ,,(tile)
レインボーカフェ-•-東京アメリカンクラブ,2020 レ・サンク・ヴァレ・ルージュ,,(tile)
レインボーカフェ-•-東京アメリカンクラブ,2021 チニョモロ ペペ・ネロ プリミティーヴォ,tea_matcha,/static/media/food/tea_matcha.jpg
レインボーカフェ-•-東京アメリカンクラブ,2011 シャノン・リッジ カベルネ・ソーヴィニヨン,,(tile)
レインボーカフェ-•-東京アメリカンクラブ,2022 ソコル・ブロサー エヴォリューション ピノ・ノワール,,(tile)
ロイヤルホスト,黒毛和牛とゴーダチーズの欧風カレー,curry_rice,/static/media/food/curry_rice.jpg
ロイヤルホスト,国産豚肩ロースを煮込んだ魅惑のポークカレー,curry_rice,/static/media/food/curry_rice.jpg
ロイヤルホスト,気仙沼産メカジキグリルの南国風ココナッツカレー,curry_rice,/static/media/food/curry_rice.jpg
ロイヤルホスト,〈ロイヤルホスト55周年記念メニュー〉 ロイヤルホスト ジャワ風ドライカレー＆カシミール ～野菜のハーフテリーヌ添え～,curry_rice,/static/media/food/curry_rice.jpg
ロイヤルホスト,Good JAPAN御膳 黒×黒ハンバーグハッシュドビーフと洋風蟹玉ごはん膳,gohan_rice,
ロイヤルホスト,薩摩川内鰻と野菜のテリーヌ ～ゆずぽん酢風味～,unagi,/static/media/food/unagi.jpg
ロイヤルホスト,国産じゃがいもの冷製ビシソワーズ ～クリーム仕立て～,,(tile)
ロイヤルホスト,ココアナナス ～ココナッツ香るパイナップルドリンク～,cocoa_drink,/static/media/food/cocoa_drink.jpg
ロイヤルホスト,ビシソワーズセット,teishoku,/static/media/food/teishoku.jpg
ロイヤルホスト,ビシソワーズスペシャルセット,teishoku,/static/media/food/teishoku.jpg
ロイヤルホスト,夏の冷たい前菜・ドリンクセット,teishoku,/static/media/food/teishoku.jpg
ロイヤルホスト,メロン＆ココナッツのブリュレパフェ,icecream_parfait,/static/media/food/icecream_parfait.jpg
ロイヤルホスト,メロンのパフェ,icecream_parfait,/static/media/food/icecream_parfait.jpg
ロイヤルホスト,メロンのマリネ＆ブランマンジェ,,(tile)
ロイヤルホスト,プチメロンパフェ,icecream_parfait,/static/media/food/icecream_parfait.jpg
ロイヤルホスト,【販売時間 14時～18時まで】メロンデザートプレート（ドリンク付）,,(tile)
ロイヤルホスト,ロイヤルのオニオングラタンスープ,soup_miso,/static/media/food/soup_miso.jpg
ロイヤルホスト,オマール海老のクリームスープ ～BISQUE～,soup_miso,/static/media/food/soup_miso.jpg
ロイヤルホスト,コーンのポタージュ,soup_corn,
ロイヤルホスト,食いしんぼうのシェフサラダ,salad_green,
ロイヤルホスト,グリルチキンサラダ,salad_green,
ロイヤルホスト,ケールサラダ ～ピーナッツオイルドレッシング～,salad_green,
ロイヤルホスト,ケールサラダ ～グリーンゴッデスドレッシング～,salad_green,
ロイヤルホスト,アンガスサーロインステーキサラダ,salad_green,
ロイヤルホスト,ちいさなビーフシチュー,,(tile)
ロイヤルホスト,フライドチキン＆オニオンリング,onion_rings,/static/media/food/onion_rings.jpg
ロイヤルホスト,フライドチキン,karaage_chicken,/static/media/food/karaage_chicken.jpg
ロイヤルホスト,フライドポテト,french_fries,/static/media/food/french_fries.jpg
ロイヤルホスト,黒胡椒＆パルミジャーノ・レッジャーノのフライドポテト,french_fries,/static/media/food/french_fries.jpg
ロイヤルホスト,粗挽きソーセージのグリル,sausage,/static/media/food/sausage.jpg
ロイヤルホスト,牡蠣フライ,fry_seafood,/static/media/food/fry_seafood.jpg
ロイヤルホスト,オマール海老のグリル,sushi_shrimp,
ロイヤルホスト,黒×黒ハンバーグ～ブラウンバターソース目玉焼き付～,tamago_egg,/static/media/food/tamago_egg.jpg
ロイヤルホスト,黒×黒ハンバーグ～ガーリッククリームソース～,yakiniku_steak,/static/media/food/yakiniku_steak.jpg
ロイヤルホスト,黒×黒ハンバーグ＆牡蠣フライ～ブラウンバターソース～,fry_seafood,/static/media/food/fry_seafood.jpg
ロイヤルホスト,黒×黒ハンバーグ＆スパイシーチキン～ブラウンバターソース目玉焼き付～,tamago_egg,/static/media/food/tamago_egg.jpg
ロイヤルホスト,ビーフシチューハンバーグ,yakiniku_steak,/static/media/food/yakiniku_steak.jpg
ロイヤルホスト,ハンバーグ＆アンガスサーロインステーキ ～ドミグラスバターソース～,steak_plate,/static/media/food/steak_plate.jpg
ロイヤルホスト,ハンバーグ＆天然海老フライと紅ずわい蟹のクリームコロッケ,korokke,/static/media/food/korokke.jpg
ロイヤルホスト,あつあつ鉄板 和風ハンバーグ ～おろし醤油ソース～,yakiniku_steak,/static/media/food/yakiniku_steak.jpg
ロイヤルホスト,225gアンガスサーロインステーキ,steak_plate,/static/media/food/steak_plate.jpg
ロイヤルホスト,厚切りワンポンドステーキ,steak_plate,/static/media/food/steak_plate.jpg
ロイヤルホスト,100gアンガスサーロインステーキ＆天然海老フライと紅ずわい蟹のクリームコロッケ,korokke,/static/media/food/korokke.jpg
ロイヤルホスト,225gアンガスサーロインステーキ＆天然海老フライと紅ずわい蟹のクリームコロッケ,korokke,/static/media/food/korokke.jpg
ロイヤルホスト,100gアンガスサーロインステーキ＆ガーリックピラフ,chahan,/static/media/food/chahan.jpg
ロイヤルホスト,アンガスサーロインステーキ＆ポルチーニクリームのリゾット仕立て,risotto,/static/media/food/risotto.jpg
ロイヤルホスト,コスモドリア,doria,/static/media/food/doria.jpg
ロイヤルホスト,ロイヤルのシーフードドリア,doria,/static/media/food/doria.jpg
ロイヤルホスト,海老とチキンのマカロニグラタン,gratin,/static/media/food/gratin.jpg
ロイヤルホスト,ロイヤルオムライス with 天然海老フライ＆紅ずわい蟹のクリームコロッケ,omurice,/static/media/food/omurice.jpg
ロイヤルホスト,ロイヤルオムライス ～ハッシュドビーフソース～,omurice,/static/media/food/omurice.jpg
ロイヤルホスト,ビーフシチューオムライス,omurice,/static/media/food/omurice.jpg
ロイヤルホスト,ロイヤルオムライス （ビーフシチュー） with 黒×黒ハンバーグ,omurice,/static/media/food/omurice.jpg
ロイヤルホスト,国産豚ポークロースステーキ ～ジンジャーバターソース～,steak_plate,/static/media/food/steak_plate.jpg
ロイヤルホスト,国産豚と彩り野菜の黒酢ソース＆雑穀ごはん,gohan_rice,
ロイヤルホスト,あつあつ鉄板チキングリル ～ドミグラスバターソース～,karaage_chicken,/static/media/food/karaage_chicken.jpg
ロイヤルホスト,真鯛・海老・牡蠣のあつあつグリル ～温野菜添え～,sushi_shrimp,
ロイヤルホスト,ロースかつ膳 特製かつソース ごはん・味噌汁・漬物付,tonkatsu_pork,/static/media/food/tonkatsu_pork.jpg
ロイヤルホスト,ロースかつ膳 ドミグラスソース ごはん・味噌汁・漬物付,tonkatsu_pork,/static/media/food/tonkatsu_pork.jpg
ロイヤルホスト,ミックスフライ ～牡蠣フライ・天然海老フライ・紅ずわい蟹のクリームコロッケ～,fry_seafood,/static/media/food/fry_seafood.jpg
ロイヤルホスト,ビーフジャワカレー,curry_rice,/static/media/food/curry_rice.jpg
ロイヤルホスト,カシミールビーフカレー,curry_rice,/static/media/food/curry_rice.jpg
ロイヤルホスト,NIKUVEGE ベジタブルカレー＆雑穀ごはん,gohan_rice,
ロイヤルホスト,国産豚ときのこのポルチーニクリームソースのスパゲッティ,pasta,/static/media/food/pasta.jpg
ロイヤルホスト,海の幸のフェットチーネ,,(tile)
ロイヤルホスト,グリルチキンサラダ ブランチセット ～英国風パン、選べるスープ付～,salad_green,
ロイヤルホスト,アンガスサーロインステーキサラダ ブランチセット ～英国風パン、選べるスープ付～,salad_green,
ロイヤルホスト,ハムとベーコンとチキンのクラブハウスサンド,burger_classic,/static/media/food/burger_classic.jpg
ロイヤルホスト,パンケーキ,pancakes,
ロイヤルホスト,フレンチトースト,toast_breakfast,/static/media/food/toast_breakfast.jpg
ロイヤルホスト,チェリージュビリー風ソースのパンケーキ,pancakes,
ロイヤルホスト,チョコファッジソースのパンケーキ,pancakes,
ロイヤルホスト,チェリージュビリー風ソースのフレンチトースト,toast_breakfast,/static/media/food/toast_breakfast.jpg
ロイヤルホスト,チョコファッジソースのフレンチトースト,toast_breakfast,/static/media/food/toast_breakfast.jpg
ロイヤルホスト,ライス,gohan_rice,
ロイヤルホスト,英国風パン,,(tile)
ロイヤルホスト,雑穀ごはん（160g）,gohan_rice,
ロイヤルホスト,スペシャルセット ライス付,teishoku,/static/media/food/teishoku.jpg
ロイヤルホスト,スペシャルセット,teishoku,/static/media/food/teishoku.jpg
ロイヤルホスト,ケールサラダ・デザートセット,teishoku,/static/media/food/teishoku.jpg
ロイヤルホスト,オニオングラタンスープセット ライス付,teishoku,/static/media/food/teishoku.jpg
ロイヤルホスト,オニオングラタンスープセット,teishoku,/static/media/food/teishoku.jpg
ロイヤルホスト,スープ・ライスセット,teishoku,/static/media/food/teishoku.jpg
ロイヤルホスト,スープセット,teishoku,/static/media/food/teishoku.jpg
ロイヤルホスト,ライスセット,teishoku,/static/media/food/teishoku.jpg
ロイヤルホスト,プチ・ハッピー デザートセット,teishoku,/static/media/food/teishoku.jpg
ロイヤルホスト,プレミアム・プチデザートセット,teishoku,/static/media/food/teishoku.jpg
ロイヤルホスト,ホットファッジサンデー,icecream_parfait,/static/media/food/icecream_parfait.jpg
ロイヤルホスト,ヨーグルトジャーマニー,,(tile)
ロイヤルホスト,キャラメルナッツブリュレ,nuts_snack,/static/media/food/nuts_snack.png
ロイヤルホスト,コーヒーゼリーサンデー,icecream_parfait,/static/media/food/icecream_parfait.jpg
ロイヤルホスト,ロイヤルの白玉クリームあんみつ,anmitsu,/static/media/food/anmitsu.jpg
ロイヤルホスト,ダブルチョイスアイス,icecream_parfait,/static/media/food/icecream_parfait.jpg
ロイヤルホスト,ドリンクバー,,(tile)
ロイヤルホスト,単品ドリンク（ドリンクバー店舗では販売しておりません。）,,(tile)
ロイヤルホスト,KIRIN 一番搾り＜生＞ （小）,,(tile)
ロイヤルホスト,KIRIN 一番搾り＜生＞ （中）,,(tile)
ロイヤルホスト,キリン グリーンズフリー,,(tile)
ロイヤルホスト,キリン クラシックラガー（中ビン）,,(tile)
ロイヤルホスト,ハイボール 陸,whisky,/static/media/food/whisky.jpg
ロイヤルホスト,レモンサワー,chuhai,/static/media/food/chuhai.jpg
ロイヤルホスト,獺祭 純米大吟醸 磨き三割九分 ミニボトル（180ml）,sake_drink,/static/media/food/sake_drink.jpg
ロイヤルホスト,グラスワイン（白）,wine_drink,/static/media/food/wine_drink.jpg
ロイヤルホスト,グラスワイン（赤）,wine_drink,/static/media/food/wine_drink.jpg
ロイヤルホスト,デキャンタワイン（白）,wine_drink,/static/media/food/wine_drink.jpg
ロイヤルホスト,デキャンタワイン（赤）,wine_drink,/static/media/food/wine_drink.jpg
ロイヤルホスト,カッシェロ・デル・ディアブロ（白）ミニボトル,,(tile)
ロイヤルホスト,カッシェロ・デル・ディアブロ（赤）ミニボトル,,(tile)
ロイヤルホスト,ボルドー ボー・メーヌ ブラン（白）フルボトル,,(tile)
ロイヤルホスト,ボルドー ボー・メーヌ ルージュ（赤）フルボトル,,(tile)
ロイヤルホスト,アンジュエール ノワール 375ml,,(tile)
ロイヤルホスト,【平日ランチ限定】 気仙沼産メカジキグリルの南国風ココナッツカレースペシャルランチ,teishoku,/static/media/food/teishoku.jpg
ロイヤルホスト,【平日ランチ限定】 〈ロイヤルホスト55周年記念メニュー〉 ロイヤルホスト ジャワ風ドライカレー＆カシミールランチ,teishoku,/static/media/food/teishoku.jpg
ロイヤルホスト,グリルチキンサラダスペシャルランチ,teishoku,/static/media/food/teishoku.jpg
ロイヤルホスト,黒×黒ハンバーグスペシャルランチ,teishoku,/static/media/food/teishoku.jpg
ロイヤルホスト,ロイヤルオムライス ～ハッシュドビーフソース～ スペシャルランチ,omurice,/static/media/food/omurice.jpg
ロイヤルホスト,トリプルグリル ～ドミグラスソース～ スペシャルランチ,teishoku,/static/media/food/teishoku.jpg
ロイヤルホスト,カシミールビーフカレースペシャルランチ,teishoku,/static/media/food/teishoku.jpg
ロイヤルホスト,あつあつ鉄板チキングリル ～ドミグラスバターソース～ スペシャルランチ,karaage_chicken,/static/media/food/karaage_chicken.jpg
ロイヤルホスト,コスモドリアスペシャルランチ,teishoku,/static/media/food/teishoku.jpg
ロイヤルホスト,ロイヤルのシーフードドリアスペシャルランチ,teishoku,/static/media/food/teishoku.jpg
ロイヤルホスト,ナスと挽き肉のボロネーゼのスパゲッティスペシャルランチ,teishoku,/static/media/food/teishoku.jpg
ロイヤルホスト,国産豚ときのこのポルチーニクリームソースのスパゲッティスペシャルランチ,teishoku,/static/media/food/teishoku.jpg
ロイヤルホスト,（月）国産豚のグリル特製焼肉ソース＆春巻ランチ,teishoku,/static/media/food/teishoku.jpg
ロイヤルホスト,（火・水）チキンのポルチーニクリームランチ ～ドミグラスソース～,teishoku,/static/media/food/teishoku.jpg
ロイヤルホスト,（木・金）チキンカツ南蛮ソースランチ,teishoku,/static/media/food/teishoku.jpg
ロイヤルホスト,100gアンガスサーロインステーキ＆ガーリックピラフランチ（スープ付）,teishoku,/static/media/food/teishoku.jpg
ロイヤルホスト,アンガスサーロインステーキサラダランチ（スープ・パン付）,teishoku,/static/media/food/teishoku.jpg
ロイヤルホスト,黒×黒ハンバーグランチ（スープ・ライス付）,teishoku,/static/media/food/teishoku.jpg
ロイヤルホスト,あつあつ鉄板和風ハンバーグランチ ～おろし醤油ソース～（スープ・ライス付）,teishoku,/static/media/food/teishoku.jpg
ロイヤルホスト,トリプルグリルランチ～ドミグラスソース～（スープ・ライス付）,teishoku,/static/media/food/teishoku.jpg
ロイヤルホスト,国産豚と彩り野菜の黒酢ソース＆雑穀ごはんランチ（スープ付）,teishoku,/static/media/food/teishoku.jpg
ロイヤルホスト,国産豚ポークロースステーキランチ ～ジンジャーバターソース～（スープ・ライス付）,teishoku,/static/media/food/teishoku.jpg
ロイヤルホスト,あつあつ鉄板チキングリル ～ドミグラスバターソース～ ランチ（スープ・ライス付）,karaage_chicken,/static/media/food/karaage_chicken.jpg
ロイヤルホスト,国産豚ときのこのポルチーニクリームソースのスパゲッティランチ（サラダ付）,teishoku,/static/media/food/teishoku.jpg
ロイヤルホスト,ナスと挽き肉のボロネーゼのスパゲッティ ランチ（サラダ付）,pasta,/static/media/food/pasta.jpg
ロイヤルホスト,食いしんぼうのシェフサラダランチ（スープ・パン付）,teishoku,/static/media/food/teishoku.jpg
ロイヤルホスト,グリルチキンサラダランチ（スープ・パン付）,teishoku,/static/media/food/teishoku.jpg
ロイヤルホスト,カシミールビーフカレーランチ（サラダ付）,teishoku,/static/media/food/teishoku.jpg
ロイヤルホスト,NIKUVEGE ベジタブルカレー＆雑穀ごはんランチ（サラダ付）,salad_green,
ロイヤルホスト,ロイヤルのカツカレーランチ（サラダ付）,teishoku,/static/media/food/teishoku.jpg
ロイヤルホスト,ロイヤルホストモーニング ～コーンのポタージュ・サラダ付～,toast_breakfast,/static/media/food/toast_breakfast.jpg
ロイヤルホスト,フライドエッグプレート（モーニング英国風パン）,fry_seafood,/static/media/food/fry_seafood.jpg
ロイヤルホスト,スクランブルエッグプレート（トースト）,toast_breakfast,/static/media/food/toast_breakfast.jpg
ロイヤルホスト,野菜オムレツモーニング～コーンのポタージュ・サラダ付～,salad_green,
ロイヤルホスト,野菜オムレツプレート（トースト）,toast_breakfast,/static/media/food/toast_breakfast.jpg
ロイヤルホスト,野菜オムレツプレート（モーニング英国風パン）,toast_breakfast,/static/media/food/toast_breakfast.jpg
ロイヤルホスト,フルハウスブレックファスト,,(tile)
ロイヤルホスト,エッグベネディクトパンケーキ～サラダ・ヨーグルト付～,salad_green,
ロイヤルホスト,朝の和定食（銀鮭・フライドエッグ・ごはん・味噌汁・焼のり）,teishoku,/static/media/food/teishoku.jpg
ロイヤルホスト,フライドエッグ和定食（ベーコン・ソーセージ・ごはん・味噌汁・焼のり）,teishoku,/static/media/food/teishoku.jpg
ロイヤルホスト,朝の和風ハンバーグ膳（ごはん・味噌汁・サラダ・漬物・焼のり）,yakiniku_steak,/static/media/food/yakiniku_steak.jpg
ロイヤルホスト,モーニングビーフジャワカレー,curry_rice,/static/media/food/curry_rice.jpg
ロイヤルホスト,アサイーボウル＆パンケーキセット～サラダ付～,salad_green,
ロイヤルホスト,アサイーボウル ～ヨーグルト入り～,,(tile)
ロイヤルホスト,飲むアサイー,,(tile)
ロイヤルホスト,モーニング英国風パン,toast_breakfast,/static/media/food/toast_breakfast.jpg
ロイヤルホスト,モーニングサラダ,salad_green,
ロイヤルホスト,おこさまオムライス＆エビフライプレート,fry_seafood,/static/media/food/fry_seafood.jpg
ロイヤルホスト,おこさま煮込みハンバーグプレート ごはん（ふりかけつき）またはパン,yakiniku_steak,/static/media/food/yakiniku_steak.jpg
ロイヤルホスト,バジーちゃんパンケーキ,pancakes,
ロイヤルホスト,おこさまラーメン チキンナゲット＆フライドポテトつき,ramen_shoyu,/static/media/food/ramen_shoyu.jpg
ロイヤルホスト,低アレルゲン おこさまカレーライス,curry_rice,/static/media/food/curry_rice.jpg
ロイヤルホスト,低アレルゲン おこさまガトーショコラ,chocolate,/static/media/food/chocolate.jpg
ロイヤルホスト,低アレルゲン 米粉のぷちパン,,(tile)
ロイヤルホスト,おこさまフライドポテト,french_fries,/static/media/food/french_fries.jpg
ロイヤルホスト,おこさまチキンナゲット＆ポテト,french_fries,/static/media/food/french_fries.jpg
ロイヤルホスト,おこさまソーセージ,sausage,/static/media/food/sausage.jpg
ロイヤルホスト,おこさまコーンのポタージュ,soup_corn,
ロイヤルホスト,ベビーフード かぼちゃのグラタン,gratin,/static/media/food/gratin.jpg
ロイヤルホスト,ベビーフード ひらめのリゾット,risotto,/static/media/food/risotto.jpg
ロイヤルホスト,ちいさなブルーベリーヨーグルト,,(tile)
ロイヤルホスト,おこさまドリンクバー,,(tile)
ロイヤルホスト,おこさまミルク,milk_drink,/static/media/food/milk_drink.jpg
ロイヤルホスト,おこさまアイスクリーム（バニラ）,icecream_parfait,/static/media/food/icecream_parfait.jpg
ロイヤルホスト,おこさまアイスクリーム（チョコ）,icecream_parfait,/static/media/food/icecream_parfait.jpg
ロイヤルホスト,おこさまアップルジュース,juice_beverage,/static/media/food/juice_beverage.jpg
ロイヤルホスト,おこさまオレンジジュース,juice_beverage,/static/media/food/juice_beverage.jpg
ロイヤルホスト,アンガスサーロインステーキ225ｇ（ライス付）,steak_plate,/static/media/food/steak_plate.jpg
ロイヤルホスト,アンガスサーロインステーキ450ｇ（ライス付）,steak_plate,/static/media/food/steak_plate.jpg
ロイヤルホスト,黒×黒ハンバーグ190ｇ～ブラウンバターソース目玉焼き付～（ライス付）,tamago_egg,/static/media/food/tamago_egg.jpg
ロイヤルホスト,黒×黒ハンバーグ190ｇ～ガーリッククリームソース～（ライス付）,yakiniku_steak,/static/media/food/yakiniku_steak.jpg
ロイヤルホスト,和風ハンバーグ170ｇ～おろし醤油ソース～（ライス付）,yakiniku_steak,/static/media/food/yakiniku_steak.jpg
ロイヤルホスト,ビーフシチューオムライス 天然海老フライ＆紅ずわい蟹のクリームコロッケ付,omurice,/static/media/food/omurice.jpg
ロイヤルホスト,おこさま洋食ボックス,,(tile)
ロッテリア,チキン南蛮 タルタルバーガー,karaage_chicken,/static/media/food/karaage_chicken.jpg
ロッテリア,油淋鶏バーガー,burger_classic,/static/media/food/burger_classic.jpg
ロッテリア,黒糖ゼリー＆抹茶パフェシェーキ,icecream_parfait,/static/media/food/icecream_parfait.jpg
ロッテリア,シェーキ 抹茶,tea_matcha,/static/media/food/tea_matcha.jpg
ロッテリア,濃厚宇治抹茶パイ,donut,/static/media/food/donut.jpg
ロッテリア,絶品チーズバーガー,burger_cheese,/static/media/food/burger_cheese.jpg
ロッテリア,絶品ビーフバーガー,burger_classic,/static/media/food/burger_classic.jpg
ロッテリア,旨辛ビーフバーガー,burger_classic,/static/media/food/burger_classic.jpg
ロッテリア,トマト＆レタス ビーフバーガー,burger_classic,/static/media/food/burger_classic.jpg
ロッテリア,エビバーガー,burger_fish_shrimp,
ロッテリア,エビカレーバーガー,burger_fish_shrimp,
ロッテリア,てりやきバーガー,burger_classic,/static/media/food/burger_classic.jpg
ロッテリア,チーズてりやきバーガー,burger_cheese,/static/media/food/burger_cheese.jpg
ロッテリア,リブサンド ポーク,burger_classic,/static/media/food/burger_classic.jpg
ロッテリア,てりやきチキンバーガー,burger_chicken,
ロッテリア,タルタルチキンバーガー,burger_chicken,
ロッテリア,絶品ベーコンチーズバーガー,burger_cheese,/static/media/food/burger_cheese.jpg
ロッテリア,チーズバーガー,burger_cheese,/static/media/food/burger_cheese.jpg
ロッテリア,ハンバーガー,burger_classic,/static/media/food/burger_classic.jpg
ロッテリア,フレンチフライポテトS,french_fries,/static/media/food/french_fries.jpg
ロッテリア,フレンチフライポテトM,french_fries,/static/media/food/french_fries.jpg
ロッテリア,フレンチフライポテトL,french_fries,/static/media/food/french_fries.jpg
ロッテリア,ふるポテ（バターしょうゆ風味）,,(tile)
ロッテリア,チキンからあげっと（3個入り）,karaage_chicken,/static/media/food/karaage_chicken.jpg
ロッテリア,のび〜るチーズスティック（2本入り）,cheese_plate,
ロッテリア,おてがるパンケーキ（2枚）メープル風シロップ＆マーガリン付き,pancakes,
ロッテリア,チュロ（ホワイトシュガー）,,(tile)
ロッテリア,チュロ（ココアシュガー）,cocoa_drink,/static/media/food/cocoa_drink.jpg
ロッテリア,バケツポテト,french_fries,/static/media/food/french_fries.jpg
ロッテリア,バケツポテから,,(tile)
ロッテリア,ホットコーヒー,coffee,/static/media/food/coffee.jpg
ロッテリア,アイスコーヒー,coffee,/static/media/food/coffee.jpg
ロッテリア,ホットカフェラテ,coffee,/static/media/food/coffee.jpg
ロッテリア,アイスカフェラテ,coffee,/static/media/food/coffee.jpg
ロッテリア,コーヒーゼリーシェーキ,coffee,/static/media/food/coffee.jpg
ロッテリア,シェーキ バニラ,,(tile)
ロッテリア,宇治抹茶ラテ,coffee,/static/media/food/coffee.jpg
ロッテリア,ココア,cocoa_drink,/static/media/food/cocoa_drink.jpg
ロッテリア,ダージリンブレンドティー,tea_matcha,/static/media/food/tea_matcha.jpg
ロッテリア,りんごジュース100%,juice_beverage,/static/media/food/juice_beverage.jpg
ロッテリア,ドリンク各種,,(tile)
ロッテリア,メロンソーダフロート,juice_beverage,/static/media/food/juice_beverage.jpg
ロッテリア,ペプシコーラ フロート,cola_drink,/static/media/food/cola_drink.jpg
ロッテリア,アイスコーヒー フロート,coffee,/static/media/food/coffee.jpg
ロッテリア,キッズチーズバーガーセット,teishoku,/static/media/food/teishoku.jpg
ロッテリア,キッズてりやきバーガーセット,teishoku,/static/media/food/teishoku.jpg
ロッテリア,チキンからあげっとセット,teishoku,/static/media/food/teishoku.jpg
ロッテリア,おてがるパンケーキセット,teishoku,/static/media/food/teishoku.jpg
ロッテリア,キッズベーコンエッグサンドセット,teishoku,/static/media/food/teishoku.jpg
ロッテリア,キッズソーセージマフィンセット,teishoku,/static/media/food/teishoku.jpg
ロッテリア,ソーセージエッグマフィン,burger_classic,/static/media/food/burger_classic.jpg
ロッテリア,ソーセージマフィン,burger_classic,/static/media/food/burger_classic.jpg
ロッテリア,トマト＆レタスソーセージマフィン,burger_classic,/static/media/food/burger_classic.jpg
ロッテリア,トマト＆レタスソーセージエッグマフィン,burger_classic,/static/media/food/burger_classic.jpg
ロッテリア,ベーコンエッグサンド,burger_classic,/static/media/food/burger_classic.jpg
ロッテリア,BLTサンド,burger_classic,/static/media/food/burger_classic.jpg
ロッテリア,BLTエッグサンド,burger_classic,/static/media/food/burger_classic.jpg
ロッテリア,ハッシュポテト,french_fries,/static/media/food/french_fries.jpg
ロッテリア,チュロ,,(tile)
ロッテリア,トリプル絶品ビーフバーガー,burger_classic,/static/media/food/burger_classic.jpg
ロッテリア,トリプル絶品チーズバーガー,burger_cheese,/static/media/food/burger_cheese.jpg
ロッテリア,ダブル絶品ビーフバーガー,burger_classic,/static/media/food/burger_classic.jpg
ロッテリア,ダブル絶品チーズバーガー,burger_classic,/static/media/food/burger_classic.jpg
ワット-ザ-ディケンズ!,エビス プレミアムラガー,sushi_shrimp,
ワット-ザ-ディケンズ!,フラーズ ロンドン・プライド,,(tile)
ワット-ザ-ディケンズ!,ベルヘイヴン ツイステッド・シスルIPA,,(tile)
ワット-ザ-ディケンズ!,ネストビール ホワイトエール,beer_alcohol,/static/media/food/beer_alcohol.jpg
ワット-ザ-ディケンズ!,アスボール イングリッシュ・サイダー,,(tile)
ワット-ザ-ディケンズ!,ギネス,,(tile)
ワット-ザ-ディケンズ!,マグナーズ アイリッシュ・サイダー,,(tile)
ワット-ザ-ディケンズ!,アサヒ スーパードライ,,(tile)
ワット-ザ-ディケンズ!,サミュエル・スミス ペールエール 330ml,,(tile)
ワット-ザ-ディケンズ!,サミュエル・スミス オートミールスタウト 330ml,,(tile)
ワット-ザ-ディケンズ!,パウラナー ヴァイスビール,beer_alcohol,/static/media/food/beer_alcohol.jpg
ワット-ザ-ディケンズ!,ブドバー,,(tile)
ワット-ザ-ディケンズ!,ステラ・アルトワ,,(tile)
ワット-ザ-ディケンズ!,ハイネケン,,(tile)
ワット-ザ-ディケンズ!,サミュエル・アダムス ボストン・ラガー,,(tile)
ワット-ザ-ディケンズ!,ビクトリア・ビター,,(tile)
ワット-ザ-ディケンズ!,コロナ・エキストラ,,(tile)
ワット-ザ-ディケンズ!,スミノフ・アイス レッド,icecream_parfait,/static/media/food/icecream_parfait.jpg
ワット-ザ-ディケンズ!,ネストビール ノンエール 0.4% Alc,beer_alcohol,/static/media/food/beer_alcohol.jpg
ワット-ザ-ディケンズ!,アサヒ ドライゼロ 0.0%Alc,,(tile)
ワット-ザ-ディケンズ!,ミックスナッツ,nuts_snack,/static/media/food/nuts_snack.png
ワット-ザ-ディケンズ!,ポテトチップス,french_fries,/static/media/food/french_fries.jpg
ワット-ザ-ディケンズ!,チョコレートレーズン,chocolate,/static/media/food/chocolate.jpg
ワット-ザ-ディケンズ!,チョコレートアーモンド,nuts_snack,/static/media/food/nuts_snack.png
ワット-ザ-ディケンズ!,ドリトス,,(tile)
ワット-ザ-ディケンズ!,フライドポテト,french_fries,/static/media/food/french_fries.jpg
ワット-ザ-ディケンズ!,スパイシーチキンウィング（6ピース）,karaage_chicken,/static/media/food/karaage_chicken.jpg
ワット-ザ-ディケンズ!,チキンナゲット（5ピース）,karaage_chicken,/static/media/food/karaage_chicken.jpg
ワット-ザ-ディケンズ!,タイチリソース添えフライドチキン,karaage_chicken,/static/media/food/karaage_chicken.jpg
ワット-ザ-ディケンズ!,ファラフェル,,(tile)
ワット-ザ-ディケンズ!,メルティッドチーズナチョス,nachos,/static/media/food/nachos.jpg
ワット-ザ-ディケンズ!,マルゲリータピザ,pizza,/static/media/food/pizza.jpg
ワット-ザ-ディケンズ!,ペパロニピザ,pizza,/static/media/food/pizza.jpg
ワット-ザ-ディケンズ!,チキンパイ、チップス、野菜,donut,/static/media/food/donut.jpg
ワット-ザ-ディケンズ!,ステーキパイ、チップス、野菜,donut,/static/media/food/donut.jpg
ワット-ザ-ディケンズ!,フィッシュ＆チップス タルタルソース添え,,(tile)
ワット-ザ-ディケンズ!,野菜キッシュ、サラダ、チップス,salad_green,
ワット-ザ-ディケンズ!,タンドリーチキン、サラダ、チップス,karaage_chicken,/static/media/food/karaage_chicken.jpg
ワット-ザ-ディケンズ!,グリルチキン、サラダ、チップス,karaage_chicken,/static/media/food/karaage_chicken.jpg
ワット-ザ-ディケンズ!,英国風ポークソーセージ、卵、チップス＆ビーンズ,sausage,/static/media/food/sausage.jpg
ワット-ザ-ディケンズ!,グリーンサラダ,salad_green,
ワット-ザ-ディケンズ!,ローストビーフサラダ,salad_green,
ワット-ザ-ディケンズ!,ローストビーフサンドイッチ、チップス、サラダ,sandwich,/static/media/food/sandwich.jpg
ワット-ザ-ディケンズ!,チーズ＆トマトサンドイッチ、チップス、サラダ,sandwich,/static/media/food/sandwich.jpg
ワット-ザ-ディケンズ!,BLTサンドイッチ、チップス、サラダ,sandwich,/static/media/food/sandwich.jpg
ワット-ザ-ディケンズ!,アップルパイ＆アイスクリーム,icecream_parfait,/static/media/food/icecream_parfait.jpg
ワット-ザ-ディケンズ!,チョコブラウニーとアイスクリーム,icecream_parfait,/static/media/food/icecream_parfait.jpg
ワット-ザ-ディケンズ!,アイスクリーム,icecream_parfait,/static/media/food/icecream_parfait.jpg
ワット-ザ-ディケンズ!フード,チキンパイ、チップス、野菜,donut,/static/media/food/donut.jpg
ワット-ザ-ディケンズ!フード,ステーキパイ、チップス、野菜,donut,/static/media/food/donut.jpg
ワット-ザ-ディケンズ!フード,フィッシュ＆チップス タルタルソース添え,,(tile)
ワット-ザ-ディケンズ!フード,野菜キッシュ、サラダ、チップス,salad_green,
ワット-ザ-ディケンズ!フード,タンドリーチキン、サラダ、チップス,karaage_chicken,/static/media/food/karaage_chicken.jpg
ワット-ザ-ディケンズ!フード,グリルチキン、サラダ、チップス,karaage_chicken,/static/media/food/karaage_chicken.jpg
ワット-ザ-ディケンズ!フード,イングリッシュポークソーセージ、卵、チップス、ビーンズ,sausage,/static/media/food/sausage.jpg
ワット-ザ-ディケンズ!フード,グリーンサラダ,salad_green,
ワット-ザ-ディケンズ!フード,ローストビーフサラダ,salad_green,
ワット-ザ-ディケンズ!フード,ローストビーフ,roast_beef,/static/media/food/roast_beef.jpg
ワット-ザ-ディケンズ!フード,チーズ＆トマト,cheese_plate,
ワット-ザ-ディケンズ!フード,BLT（ベーコン／レタス／トマト）,sandwich,/static/media/food/sandwich.jpg
ワット-ザ-ディケンズ!フード,アップルパイとアイスクリーム,icecream_parfait,/static/media/food/icecream_parfait.jpg
ワット-ザ-ディケンズ!フード,チョコブラウニーとアイスクリーム,icecream_parfait,/static/media/food/icecream_parfait.jpg
ワット-ザ-ディケンズ!フード,アイスクリーム,icecream_parfait,/static/media/food/icecream_parfait.jpg
ワット-ザ-ディケンズ!フード,フライドポテト,french_fries,/static/media/food/french_fries.jpg
ワット-ザ-ディケンズ!フード,スパイシーチキンウィング,karaage_chicken,/static/media/food/karaage_chicken.jpg
ワット-ザ-ディケンズ!フード,チキンナゲット,karaage_chicken,/static/media/food/karaage_chicken.jpg
ワット-ザ-ディケンズ!フード,タイチリソース添えフライドチキン,karaage_chicken,/static/media/food/karaage_chicken.jpg
ワット-ザ-ディケンズ!フード,ファラフェル,,(tile)
ワット-ザ-ディケンズ!フード,マルゲリータまたはペパロニピザ,pizza,/static/media/food/pizza.jpg
ワット-ザ-ディケンズ!フード,とろけるチーズのナチョス,nachos,/static/media/food/nachos.jpg
ワット-ザ-ディケンズ!フード,ドリトス,,(tile)
ワット-ザ-ディケンズ!フード,ポテトチップス,french_fries,/static/media/food/french_fries.jpg
ワット-ザ-ディケンズ!フード,ミックスナッツ,nuts_snack,/static/media/food/nuts_snack.png
ワット-ザ-ディケンズ!フード,チョコレートアーモンド,nuts_snack,/static/media/food/nuts_snack.png
ワット-ザ-ディケンズ!フード,チョコレートレーズン,chocolate,/static/media/food/chocolate.jpg
一蘭,天然とんこつラーメン,ramen_tonkotsu,
一蘭,釜だれとんこつラーメン,ramen_tonkotsu,
一蘭,合格ラーメン,ramen_shoyu,/static/media/food/ramen_shoyu.jpg
一蘭,替玉,,(tile)
一蘭,半替玉,,(tile)
一蘭,半熟塩ゆでたまご,tamago_egg,/static/media/food/tamago_egg.jpg
一蘭,追加チャーシュー 4枚,chashu,/static/media/food/chashu.jpg
一蘭,追加ねぎ,,(tile)
一蘭,きくらげ,,(tile)
一蘭,追加にんにく 2片,,(tile)
一蘭,秘伝の辛味,,(tile)
一蘭,オスカランの酸味,,(tile)
一蘭,のり 2枚,,(tile)
一蘭,ごはん,gohan_rice,
一蘭,小ごはん,gohan_rice,
一蘭,煮こみ焼豚皿,chashu,/static/media/food/chashu.jpg
一蘭,脂解美茶,tea_matcha,/static/media/food/tea_matcha.jpg
一蘭,生ビール(中),beer_alcohol,/static/media/food/beer_alcohol.jpg
一蘭,ラムネ,,(tile)
一蘭,コーラ,cola_drink,/static/media/food/cola_drink.jpg
一蘭,オレンジジュース,juice_beverage,/static/media/food/juice_beverage.jpg
一蘭,抹茶杏仁豆腐,tea_matcha,/static/media/food/tea_matcha.jpg
一風堂,白丸元味,,(tile)
一風堂,赤丸新味,,(tile)
一風堂,からか麺,,(tile)
一風堂,プラント赤丸／プラント白丸,,(tile)
一風堂,原点／赤丸,,(tile)
一風堂,博多しょうゆらぁめん,,(tile)
一風堂,江戸式醤油ラーメン,ramen_shoyu,/static/media/food/ramen_shoyu.jpg
一風堂,ミラとん,,(tile)
一風堂,大地香る醬油ラーメン,ramen_shoyu,/static/media/food/ramen_shoyu.jpg
一風堂,博多中華そば,ramen_shoyu,/static/media/food/ramen_shoyu.jpg
一風堂,醤油豚骨,ramen_tonkotsu,
一風堂,川越とんこつ醤油,ramen_tonkotsu,
一風堂,源流醤油,,(tile)
一風堂,とんこつ醤油,ramen_tonkotsu,
一風堂,博多ひとくち餃子,gyoza,
一風堂,博多チャーハン,chahan,/static/media/food/chahan.jpg
一風堂,明太子ごはん,gohan_rice,
一風堂,チャーシューまぶしごはん,gohan_rice,
一風堂,温玉のせごはん,gohan_rice,
上島珈琲店,ミルク珈琲（黒糖）,coffee,/static/media/food/coffee.jpg
上島珈琲店,アイスミルク珈琲（黒糖）,coffee,/static/media/food/coffee.jpg
上島珈琲店,ミルク珈琲（無糖）,coffee,/static/media/food/coffee.jpg
上島珈琲店,アイスミルク珈琲（無糖）,coffee,/static/media/food/coffee.jpg
上島珈琲店,ブルボンヴァニラの無糖ミルク珈琲,coffee,/static/media/food/coffee.jpg
上島珈琲店,アイスブルボンヴァニラの無糖ミルク珈琲,coffee,/static/media/food/coffee.jpg
上島珈琲店,生キャラメルミルク珈琲,coffee,/static/media/food/coffee.jpg
上島珈琲店,アイス生キャラメルミルク珈琲,coffee,/static/media/food/coffee.jpg
上島珈琲店,生チョコレートのミルク珈琲,coffee,/static/media/food/coffee.jpg
上島珈琲店,アイス生チョコレートのミルク珈琲,coffee,/static/media/food/coffee.jpg
上島珈琲店,有機豆乳ミルク珈琲,coffee,/static/media/food/coffee.jpg
上島珈琲店,アイス有機豆乳ミルク珈琲,coffee,/static/media/food/coffee.jpg
上島珈琲店,＜青山店限定＞JAPAN,,(tile)
上島珈琲店,ネルドリップブレンドコーヒー,coffee,/static/media/food/coffee.jpg
上島珈琲店,アイスコーヒー,coffee,/static/media/food/coffee.jpg
上島珈琲店,ウィンナーコーヒー,coffee,/static/media/food/coffee.jpg
上島珈琲店,アイスウインナーコーヒー,coffee,/static/media/food/coffee.jpg
上島珈琲店,カフェインレスのミルク珈琲（黒糖）,coffee,/static/media/food/coffee.jpg
上島珈琲店,カフェインレスのミルク珈琲（無糖）,coffee,/static/media/food/coffee.jpg
上島珈琲店,カフェインレスのアイスミルク珈琲（黒糖）,coffee,/static/media/food/coffee.jpg
上島珈琲店,カフェインレスのアイスミルク珈琲（無糖）,coffee,/static/media/food/coffee.jpg
上島珈琲店,コーヒーポットサービス,coffee,/static/media/food/coffee.jpg
上島珈琲店,ミルクココア,cocoa_drink,/static/media/food/cocoa_drink.jpg
上島珈琲店,アイスミルクココア,cocoa_drink,/static/media/food/cocoa_drink.jpg
上島珈琲店,レモネード,lemonade,/static/media/food/lemonade.jpg
上島珈琲店,アイスレモネード,lemonade,/static/media/food/lemonade.jpg
上島珈琲店,メロンクリームソーダ,juice_beverage,/static/media/food/juice_beverage.jpg
上島珈琲店,オレンジジュース,juice_beverage,/static/media/food/juice_beverage.jpg
上島珈琲店,レモネードソーダ,juice_beverage,/static/media/food/juice_beverage.jpg
上島珈琲店,ミルク,milk_drink,/static/media/food/milk_drink.jpg
上島珈琲店,アイスミルク,milk_drink,/static/media/food/milk_drink.jpg
上島珈琲店,リッチミルク紅茶（無糖）,tea_matcha,/static/media/food/tea_matcha.jpg
上島珈琲店,アイスリッチミルク紅茶（無糖）,tea_matcha,/static/media/food/tea_matcha.jpg
上島珈琲店,リッチミルク紅茶（和三蜜）,tea_matcha,/static/media/food/tea_matcha.jpg
上島珈琲店,アイスリッチミルク紅茶（和三蜜）,tea_matcha,/static/media/food/tea_matcha.jpg
上島珈琲店,ティー（ストレート・レモン）,tea_matcha,/static/media/food/tea_matcha.jpg
上島珈琲店,アイスティー（ストレート・レモン）,tea_matcha,/static/media/food/tea_matcha.jpg
上島珈琲店,<店舗限定>京都府産 ほうじ茶,green_tea,/static/media/food/green_tea.jpg
上島珈琲店,日本紅茶～JAPAN'S BLACK TEA～,tea_matcha,/static/media/food/tea_matcha.jpg
上島珈琲店,ほうじ茶～roasted green tea～,green_tea,/static/media/food/green_tea.jpg
上島珈琲店,コールスローたまごサラダサンドプレート,burger_classic,/static/media/food/burger_classic.jpg
上島珈琲店,塩昆布とチェダーチーズの贅沢たまごサンド,burger_classic,/static/media/food/burger_classic.jpg
上島珈琲店,ベーコンエッグ&厚切りバタートースト,toast_breakfast,/static/media/food/toast_breakfast.jpg
上島珈琲店,3種チーズのクロックムッシュ （ミニサラダ付）,cheese_plate,
上島珈琲店,ゆで卵&厚切りバタートースト,toast_breakfast,/static/media/food/toast_breakfast.jpg
上島珈琲店,サラダ ＆厚切りバタートースト,salad_green,
上島珈琲店,厚切りバタートースト,toast_breakfast,/static/media/food/toast_breakfast.jpg
上島珈琲店,ブロッコリーとくるみのグラタンサンド,burger_classic,/static/media/food/burger_classic.jpg
上島珈琲店,ミックスサンド,burger_classic,/static/media/food/burger_classic.jpg
上島珈琲店,上島珈琲店のカツサンド,burger_classic,/static/media/food/burger_classic.jpg
上島珈琲店,Ｂ・Ｌ・Ｔ with チーズエッグ,cheese_plate,
上島珈琲店,Ｂ・Ｌ・Ｔサンド,burger_classic,/static/media/food/burger_classic.jpg
上島珈琲店,ピザトースト,toast_breakfast,/static/media/food/toast_breakfast.jpg
上島珈琲店,3種チーズの クロックムッシュ,cheese_plate,
上島珈琲店,ジャマイカンラムボール,,(tile)
上島珈琲店,モンブラン,,(tile)
上島珈琲店,アップルパイ,donut,/static/media/food/donut.jpg
上島珈琲店,湯蒸し（ゆむし）チーズケーキ,cake_dessert,/static/media/food/cake_dessert.png
上島珈琲店,アーモンドとバターのザントクーヘン,nuts_snack,/static/media/food/nuts_snack.png
上島珈琲店,ミルク珈琲マカロン２P,coffee,/static/media/food/coffee.jpg
上島珈琲店,焦がしバターのフィナンシェ,,(tile)
上島珈琲店,鹿の子バタどら,,(tile)
上島珈琲店,＜数量限定＞コーヒーゼリー,coffee,/static/media/food/coffee.jpg
上島珈琲店,フランス産ロレーヌ岩塩使用 塩マドレーヌ,,(tile)
上島珈琲店,ベルギーチョコレート使用 ショコラマドレーヌ,chocolate,/static/media/food/chocolate.jpg
上島珈琲店,＜期間限定＞ミルクセーキ,milk_drink,/static/media/food/milk_drink.jpg
上島珈琲店,＜期間限定＞お豆富のミルク珈琲,coffee,/static/media/food/coffee.jpg
上島珈琲店,＜期間限定＞ダブルネルドリップアイスコーヒー,coffee,/static/media/food/coffee.jpg
上島珈琲店,＜期間限定＞シナモントースト,toast_breakfast,/static/media/food/toast_breakfast.jpg
上島珈琲店,＜店舗限定＞クロックマダムプレート,,(tile)
上島珈琲店,＜店舗限定＞ミートスパゲティ,,(tile)
上島珈琲店,＜店舗限定＞喫茶店のナポリタン,napolitan,/static/media/food/napolitan.jpg
上島珈琲店,＜店舗限定＞飴色玉ねぎカレー,curry_rice,/static/media/food/curry_rice.jpg
上島珈琲店,＜店舗限定＞飴色玉ねぎカツカレー,curry_rice,/static/media/food/curry_rice.jpg
上島珈琲店,＜店舗限定＞OSAKAスパイスカレー,curry_rice,/static/media/food/curry_rice.jpg
上島珈琲店,＜店舗限定＞上島珈琲店のソフトクリーム,soft_serve,/static/media/food/soft_serve.jpg
上島珈琲店,＜店舗限定＞焦がしバターのワッフル プレーン ～バニラ＆黒糖蜜～,waffle,
上島珈琲店,上島珈琲店ブレンド,coffee,/static/media/food/coffee.jpg
上島珈琲店,Don’t Go Dongoros,,(tile)
上島珈琲店,Messenger from Far East,,(tile)
上島珈琲店,ジャポネアイス,icecream_parfait,/static/media/food/icecream_parfait.jpg
上島珈琲店,Foot Print of TADAO,,(tile)
上島珈琲店,W cracking Deep,,(tile)
上島珈琲店,Furious Damper,,(tile)
上島珈琲店,Night Owl Dream,,(tile)
上島珈琲店,Bow-tie’s pour,,(tile)
上島珈琲店,Glass Globe,,(tile)
上島珈琲店,Black Amber Drop,,(tile)
上島珈琲店,Time to Bed,,(tile)
上島珈琲店,Chill lil ice,,(tile)
上島珈琲店,Tamon to the Dock,,(tile)
上島珈琲店,Sleepy Head,,(tile)
上島珈琲店,Kurakuen the Uphill,,(tile)
上島珈琲店,Golden Slumber Light,,(tile)
上島珈琲店,Pool N Bloom,,(tile)
上島珈琲店,Stung by a bean,,(tile)
上島珈琲店,フレッシュキューブとは,,(tile)
上島珈琲店,オリジナルアイテム,,(tile)
上島珈琲店,ZERO JAPAN オリジナルカフェマグ（300ml）,,(tile)
上島珈琲店,MiiR Camp Cupタンブラー（354ml）,,(tile)
上島珈琲店,MiiR WideMouthタンブラー（473ml）,,(tile)
上島珈琲店,上島珈琲店の黒糖蜜(200g),coffee,/static/media/food/coffee.jpg
上島珈琲店,【数量限定】ミルク珈琲ベース（希釈）無糖・加糖,coffee,/static/media/food/coffee.jpg
上島珈琲店,THE NEL DRIP COFFEE（リキッドコーヒー無糖）1000ml,coffee,/static/media/food/coffee.jpg
上島珈琲店,銅マグカップRサイズ,,(tile)
上島珈琲店,銅マグカップSサイズ,,(tile)
上島珈琲店,上島珈琲店 コーヒーカップ (S) (R) ＆ソーサー,coffee,/static/media/food/coffee.jpg
上島珈琲店,上島珈琲店ブレンド250g（豆）,coffee,/static/media/food/coffee.jpg
上島珈琲店,ハリオ ドリップポットウッドネック DPW-1,,(tile)
串かつだるま,通天閣セット,teishoku,/static/media/food/teishoku.jpg
串かつだるま,串かつだるまのロースカツサンド,burger_classic,/static/media/food/burger_classic.jpg
串かつだるま,名物どて焼きレトルトパック,,(tile)
串かつだるま,道頓堀セット,teishoku,/static/media/food/teishoku.jpg
串かつだるま,北新地セット,teishoku,/static/media/food/teishoku.jpg
串かつだるま,大阪城セット,teishoku,/static/media/food/teishoku.jpg
串かつだるま,新大阪セット,teishoku,/static/media/food/teishoku.jpg
串かつだるま,駅なかセット,teishoku,/static/media/food/teishoku.jpg
串かつだるま,串かつ,tonkatsu_pork,/static/media/food/tonkatsu_pork.jpg
串かつだるま,紅しょうが,,(tile)
串かつだるま,天然えび,sushi_shrimp,
串かつだるま,豚かつ,tonkatsu_pork,/static/media/food/tonkatsu_pork.jpg
串かつだるま,牛タンつくね,yakitori,/static/media/food/yakitori.jpg
串かつだるま,セットメニューに+名物どて焼き,teishoku,/static/media/food/teishoku.jpg
串かつだるま,松阪牛,,(tile)
串かつだるま,神戸牛,,(tile)
串かつだるま,近江牛,,(tile)
串かつだるま,黒毛和牛,,(tile)
串かつだるま,牛へレ,,(tile)
串かつだるま,元祖串かつ,tonkatsu_pork,/static/media/food/tonkatsu_pork.jpg
串かつだるま,豚,,(tile)
串かつだるま,イベリコ豚,,(tile)
串かつだるま,豚トロ,,(tile)
串かつだるま,鶏,,(tile)
串かつだるま,華味鳥,,(tile)
串かつだるま,ささみガーリック,,(tile)
串かつだるま,砂肝,horumon,
串かつだるま,つくね,yakitori,/static/media/food/yakitori.jpg
串かつだるま,アスパラ,,(tile)
串かつだるま,レンコン,,(tile)
串かつだるま,サツマイモ,,(tile)
串かつだるま,キス,,(tile)
串かつだるま,貝柱,sushi_platter,/static/media/food/sushi_platter.jpg
串かつだるま,ハモ [夏季限定],,(tile)
串かつだるま,牡蠣 [冬季限定],,(tile)
串かつだるま,鱧 [季節限定],,(tile)
串かつだるま,タコ,sushi_platter,/static/media/food/sushi_platter.jpg
串かつだるま,イカ,,(tile)
串かつだるま,カマンベールチーズ,cheese_plate,
串かつだるま,チーズ,cheese_plate,
串かつだるま,揚げ出し豆腐チーズ,cheese_plate,
串かつだるま,玉ねぎ,,(tile)
串かつだるま,トマト,,(tile)
串かつだるま,餅,,(tile)
串かつだるま,うずら,tamago_egg,/static/media/food/tamago_egg.jpg
串かつだるま,ウインナー,sausage,/static/media/food/sausage.jpg
串かつだるま,名物どて焼き,,(tile)
串かつだるま,特選キムチ,kimchi,/static/media/food/kimchi.jpg
串かつだるま,枝豆,edamame,/static/media/food/edamame.jpg
串かつだるま,単品 二度漬け禁止ソース,,(tile)
串かつだるま,単品 キャベツ,,(tile)
串かつだるま,ソースキャベツセット,teishoku,/static/media/food/teishoku.jpg
串かつだるま,鶏の唐揚げ 1個,karaage_chicken,/static/media/food/karaage_chicken.jpg
串カツ田中,無限柚子ぽん酢ホルモン串,horumon,
串カツ田中,無限土手みそホルモン串,horumon,
串カツ田中,無限ホルモン串 10本盛り,horumon,
串カツ田中,無限ホルモン串 20本盛り,horumon,
串カツ田中,無限ホルモン串 30本盛り,horumon,
串カツ田中,定番8本盛り,,(tile)
串カツ田中,定番5本盛り,,(tile)
串カツ田中,串カツ豚,tonkatsu_pork,/static/media/food/tonkatsu_pork.jpg
串カツ田中,ハムカツ,tonkatsu_pork,/static/media/food/tonkatsu_pork.jpg
串カツ田中,ラム,,(tile)
串カツ田中,鶏むね,,(tile)
串カツ田中,鶏つくね〜なんこつ入り〜,yakitori,/static/media/food/yakitori.jpg
串カツ田中,串カツ牛,tonkatsu_pork,/static/media/food/tonkatsu_pork.jpg
串カツ田中,タコウィンナー,sausage,/static/media/food/sausage.jpg
串カツ田中,豚ヒレ,,(tile)
串カツ田中,ささみ梅大葉,,(tile)
串カツ田中,ささみわさび,,(tile)
串カツ田中,豚しそ,,(tile)
串カツ田中,アスパラ豚巻き,sushi_roll,/static/media/food/sushi_roll.jpg
串カツ田中,紅しょうが,,(tile)
串カツ田中,レンコン,,(tile)
串カツ田中,玉ネギ,,(tile)
串カツ田中,じゃが芋,,(tile)
串カツ田中,トマト,,(tile)
串カツ田中,なすび,,(tile)
串カツ田中,しいたけ,,(tile)
串カツ田中,山芋,,(tile)
串カツ田中,ニンニク,,(tile)
串カツ田中,アスパラ,,(tile)
串カツ田中,イカ,,(tile)
串カツ田中,たらこ,pasta,/static/media/food/pasta.jpg
串カツ田中,エビ,sushi_shrimp,
串カツ田中,キス,,(tile)
串カツ田中,アジフライ,fry_seafood,/static/media/food/fry_seafood.jpg
串カツ田中,上エビ,sushi_shrimp,
串カツ田中,うずら,tamago_egg,/static/media/food/tamago_egg.jpg
串カツ田中,チーズ,cheese_plate,
串カツ田中,もち,,(tile)
串カツ田中,クッキー&クリーム,cookie,/static/media/food/cookie.jpg
串カツ田中,バナナ,,(tile)
串カツ田中,岩下の新生姜,,(tile)
串カツ田中,とうもろこし,,(tile)
串カツ田中,生ハムズッキーニ,prosciutto,
串カツ田中,枝豆ベーコンクリームコロッケ,korokke,/static/media/food/korokke.jpg
串カツ田中,葱まみれチー平焼き,,(tile)
串カツ田中,牛すじ土手,,(tile)
串カツ田中,さいぼし（真肉の燻製）,,(tile)
串カツ田中,ホルモン炒め,horumon,
串カツ田中,田中のかすうどん,udon,/static/media/food/udon.jpg
串カツ田中,かすうどん小,udon,/static/media/food/udon.jpg
串カツ田中,肉吸い,,(tile)
串カツ田中,手作りたこ焼き 9個セット,takoyaki,/static/media/food/takoyaki.jpg
串カツ田中,手作りたこ焼き 20個セット,takoyaki,/static/media/food/takoyaki.jpg
串カツ田中,マカロニサラダ,salad_green,
串カツ田中,枝豆,edamame,/static/media/food/edamame.jpg
串カツ田中,みそきゅうり,,(tile)
串カツ田中,梅きゅうり,,(tile)
串カツ田中,冷やしトマト,,(tile)
串カツ田中,冷奴,hiyayakko,/static/media/food/hiyayakko.jpg
串カツ田中,冷やしピーマン,,(tile)
串カツ田中,イカの塩辛,,(tile)
串カツ田中,ポテりこ,,(tile)
串カツ田中,ポテトサラダ,salad_green,
串カツ田中,出汁巻き玉子,tamago_egg,/static/media/food/tamago_egg.jpg
串カツ田中,ポテトフライ,fry_seafood,/static/media/food/fry_seafood.jpg
串カツ田中,イカ磯辺揚げ,,(tile)
串カツ田中,田中の肉豆腐,,(tile)
串カツ田中,豚ハラミ焼き,yakiniku_steak,/static/media/food/yakiniku_steak.jpg
串カツ田中,牛生ハムユッケ,prosciutto,
串カツ田中,トロがりたく,,(tile)
串カツ田中,タコウィンナー炒め,sausage,/static/media/food/sausage.jpg
串カツ田中,馬刺し,,(tile)
串カツ田中,チューリップから揚げ 3本,karaage_chicken,/static/media/food/karaage_chicken.jpg
串カツ田中,チューリップから揚げ 5本,karaage_chicken,/static/media/food/karaage_chicken.jpg
串カツ田中,ぺぺろんちぃの枝豆,edamame,/static/media/food/edamame.jpg
串カツ田中,塩辛揚げじゃがバター,,(tile)
串カツ田中,青唐醤きゅうり,,(tile)
串カツ田中,青唐醤冷やしトマト,,(tile)
串カツ田中,青唐醤砂肝炒め,horumon,
串カツ田中,焼うどん,udon,/static/media/food/udon.jpg
串カツ田中,田中のソースやきそば,soba,/static/media/food/soba.jpg
串カツ田中,タ・ナポリタン,napolitan,/static/media/food/napolitan.jpg
串カツ田中,タナ・カリー,,(tile)
串カツ田中,田中のおにぎり,onigiri,/static/media/food/onigiri.jpg
串カツ田中,白ごはん,gohan_rice,
串カツ田中,おこさまうどん,udon,/static/media/food/udon.jpg
串カツ田中,大学芋,,(tile)
串カツ田中,チョコバナナクレープ,crepe_sweet,/static/media/food/crepe_sweet.jpg
串カツ田中,シューアイス,icecream_parfait,/static/media/food/icecream_parfait.jpg
串カツ田中,自分で作る大人のソフトアイス 宮崎マンゴー,icecream_parfait,/static/media/food/icecream_parfait.jpg
串カツ田中,自分で作る宮崎マンゴーバナナシェイク,smoothie,/static/media/food/smoothie.jpg
串カツ田中,自分で作るソフトアイス,icecream_parfait,/static/media/food/icecream_parfait.jpg
串カツ田中,自分で作るシェイク,smoothie,/static/media/food/smoothie.jpg
串カツ田中,ジムビームハイボール,whisky,/static/media/food/whisky.jpg
串カツ田中,ジムビームアップルハイボール,whisky,/static/media/food/whisky.jpg
串カツ田中,ジムビームピーチハイボール,whisky,/static/media/food/whisky.jpg
串カツ田中,角ハイボール,whisky,/static/media/food/whisky.jpg
串カツ田中,緑茶ハイ,chuhai,/static/media/food/chuhai.jpg
串カツ田中,ウーロンハイ,chuhai,/static/media/food/chuhai.jpg
串カツ田中,トマト酎ハイ,chuhai,/static/media/food/chuhai.jpg
串カツ田中,桃とジャスミンハイ,chuhai,/static/media/food/chuhai.jpg
串カツ田中,田中の素サワー,chuhai,/static/media/food/chuhai.jpg
串カツ田中,ぶどうサワー,chuhai,/static/media/food/chuhai.jpg
串カツ田中,梅干しサワー,chuhai,/static/media/food/chuhai.jpg
串カツ田中,レモンニック,,(tile)
串カツ田中,ジントニック,cocktail,/static/media/food/cocktail.jpg
串カツ田中,こだわり酒場のレモンサワー,chuhai,/static/media/food/chuhai.jpg
串カツ田中,すっぱいレモンサワー,chuhai,/static/media/food/chuhai.jpg
串カツ田中,田中の素レモンサワー,chuhai,/static/media/food/chuhai.jpg
串カツ田中,JJ ジャスミン焼酎×ジャスミン茶,tea_matcha,/static/media/food/tea_matcha.jpg
串カツ田中,JR ジャスミン焼酎×緑茶,green_tea,/static/media/food/green_tea.jpg
串カツ田中,JB ジャスミン焼酎×烏龍茶,oolong_tea,
串カツ田中,ピーチソーダ,juice_beverage,/static/media/food/juice_beverage.jpg
串カツ田中,ピーチウーロン,,(tile)
串カツ田中,ピーチアップル,,(tile)
串カツ田中,カシスソーダ,juice_beverage,/static/media/food/juice_beverage.jpg
串カツ田中,カシスウーロン,cocktail,/static/media/food/cocktail.jpg
串カツ田中,カシスアップル,cocktail,/static/media/food/cocktail.jpg
串カツ田中,ホッピーセット（白・黒）,teishoku,/static/media/food/teishoku.jpg
串カツ田中,ホッピー 外（ソト）,,(tile)
串カツ田中,ホッピー 中（ナカ）,,(tile)
串カツ田中,冷やしあめサワー,chuhai,/static/media/food/chuhai.jpg
串カツ田中,冷やしあめハイボール,whisky,/static/media/food/whisky.jpg
串カツ田中,冷やしあめ（ソフトドリンク）,,(tile)
串カツ田中,ガリ酎,,(tile)
串カツ田中,ガリ酎の中身追加,,(tile)
串カツ田中,翠ジンソーダ,juice_beverage,/static/media/food/juice_beverage.jpg
串カツ田中,翠ジンクラフトソーダ,juice_beverage,/static/media/food/juice_beverage.jpg
串カツ田中,翠ジンジンジャー,,(tile)
串カツ田中,無限串専用サワー ツンデレ,chuhai,/static/media/food/chuhai.jpg
串カツ田中,無限串専用サワー 寄り添い,chuhai,/static/media/food/chuhai.jpg
串カツ田中,大隈（麦）,,(tile)
串カツ田中,大隈（芋）,,(tile)
串カツ田中,富乃宝山（芋）,,(tile)
串カツ田中,佐藤黒（芋）,,(tile)
串カツ田中,中々（麦）,,(tile)
串カツ田中,田中焼酎ハイボール,whisky,/static/media/food/whisky.jpg
串カツ田中,梅酒,beer_alcohol,/static/media/food/beer_alcohol.jpg
串カツ田中,純米吟醸 日本酒 120ml,sake_drink,/static/media/food/sake_drink.jpg
串カツ田中,上撰 黒松白鹿 超辛本醸造 180ml,,(tile)
串カツ田中,テキーラ金魚 1匹,,(tile)
串カツ田中,ザ・プレミアム・モルツ 香るエール,,(tile)
串カツ田中,シャンディガフ,,(tile)
串カツ田中,オールフリー（ノンアルコール）,,(tile)
串カツ田中,昔懐かしいラムネ,,(tile)
串カツ田中,りんご,,(tile)
串カツ田中,コーラ,cola_drink,/static/media/food/cola_drink.jpg
串カツ田中,緑茶,green_tea,/static/media/food/green_tea.jpg
串カツ田中,ジンジャーエール,cola_drink,/static/media/food/cola_drink.jpg
串カツ田中,ウーロン茶,oolong_tea,
串カツ田中,冷やしあめ,,(tile)
串カツ田中,ジャスミン茶,tea_matcha,/static/media/food/tea_matcha.jpg
串カツ田中,黒烏龍茶,oolong_tea,
丸亀製麺,鬼おろし肉ぶっかけうどん,udon,/static/media/food/udon.jpg
丸亀製麺,鬼おろし豚しゃぶぶっかけうどん,udon,/static/media/food/udon.jpg
丸亀製麺,鬼おろし鶏からぶっかけうどん,udon,/static/media/food/udon.jpg
丸亀製麺,冷やし明太クリームうどん,udon,/static/media/food/udon.jpg
丸亀製麺,冷かけうどん,udon,/static/media/food/udon.jpg
丸亀製麺,青唐おろしぶっかけうどん,udon,/static/media/food/udon.jpg
丸亀製麺,青唐おろし醤油うどん,udon,/static/media/food/udon.jpg
丸亀製麺,焼きたて肉ぶっかけうどん,udon,/static/media/food/udon.jpg
丸亀製麺,焼きたて肉うどん,udon,/static/media/food/udon.jpg
丸亀製麺,釜揚げうどん,udon,/static/media/food/udon.jpg
丸亀製麺,かけうどん,udon,/static/media/food/udon.jpg
丸亀製麺,ぶっかけうどん,udon,/static/media/food/udon.jpg
丸亀製麺,ざるうどん,udon,/static/media/food/udon.jpg
丸亀製麺,釜玉うどん,udon,/static/media/food/udon.jpg
丸亀製麺,明太釜玉うどん,udon,/static/media/food/udon.jpg
丸亀製麺,おろし醤油うどん,udon,/static/media/food/udon.jpg
丸亀製麺,とろ玉うどん,udon,/static/media/food/udon.jpg
丸亀製麺,きつね冷かけうどん,udon,/static/media/food/udon.jpg
丸亀製麺,きつねうどん,udon,/static/media/food/udon.jpg
丸亀製麺,カレーうどん,udon,/static/media/food/udon.jpg
丸亀製麺,釜揚げ家族うどん,udon,/static/media/food/udon.jpg
丸亀製麺,丸亀お子さまもちもちセット（小かけうどん）,teishoku,/static/media/food/teishoku.jpg
丸亀製麺,丸亀お子さまもちもちセット（小ぶっかけうどん）,teishoku,/static/media/food/teishoku.jpg
丸亀製麺,梅おろしオクラうどん弁当,bento,/static/media/food/bento.jpg
丸亀製麺,豚しゃぶと梅オクラうどん弁当,bento,/static/media/food/bento.jpg
丸亀製麺,2種の天ぷらとおかずの定番うどん弁当,bento,/static/media/food/bento.jpg
丸亀製麺,えび天と定番おかずのうどん弁当,bento,/static/media/food/bento.jpg
丸亀製麺,かしわ天と定番おかずのうどん弁当,bento,/static/media/food/bento.jpg
丸亀製麺,かしわ天,,(tile)
丸亀製麺,野菜かき揚げ,tempura,/static/media/food/tempura.jpg
丸亀製麺,えび天,sushi_shrimp,
丸亀製麺,いか天,sushi_platter,/static/media/food/sushi_platter.jpg
丸亀製麺,ちくわ天,,(tile)
丸亀製麺,ちくわ磯辺天,,(tile)
丸亀製麺,さつまいも天,,(tile)
丸亀製麺,れんこん天,,(tile)
丸亀製麺,かぼちゃ天,,(tile)
丸亀製麺,わかめ,,(tile)
丸亀製麺,しび辛ラー油,,(tile)
丸亀製麺,青ねぎ,,(tile)
丸亀製麺,おろししょうが,,(tile)
丸亀製麺,天かす,,(tile)
丸亀製麺,香七味,,(tile)
丸亀製麺,すりごま,,(tile)
丸亀製麺,わさび,,(tile)
丸亀製麺,大根おろし,,(tile)
丸亀製麺,明太子,pasta,/static/media/food/pasta.jpg
丸亀製麺,とろろ,,(tile)
丸亀製麺,すだち,,(tile)
丸亀製麺,温泉玉子,tamago_egg,/static/media/food/tamago_egg.jpg
丸亀製麺,きつねあげ,,(tile)
丸亀製麺,いなり,,(tile)
丸亀製麺,わさびいなり,,(tile)
丸亀製麺,鮭,sushi_salmon,/static/media/food/sushi_salmon.jpg
丸亀製麺,梅,,(tile)
丸亀製麺,こんぶ,,(tile)
丸亀製麺,白ごはん,gohan_rice,
丸亀製麺,うどーなつもも風味,,(tile)
丸亀製麺,うどーなつ チョコ味,chocolate,/static/media/food/chocolate.jpg
丸亀製麺,うどーなつ きなこ味,,(tile)
丸亀製麺,うどーなつ きび糖味,,(tile)
丸源ラーメン,熟成醤油ラーメン 肉そば,ramen_shoyu,/static/media/food/ramen_shoyu.jpg
丸源ラーメン,熟成醤油 味玉肉そば,soba,/static/media/food/soba.jpg
丸源ラーメン,熟成醤油 野菜肉そば,soba,/static/media/food/soba.jpg
丸源ラーメン,熟成醤油 ねぎ肉そば,soba,/static/media/food/soba.jpg
丸源ラーメン,熟成醤油 辛肉そば,soba,/static/media/food/soba.jpg
丸源ラーメン,熟成醤油 醤油とんこつ 白,ramen_tonkotsu,
丸源ラーメン,熟成醤油 醤油とんこつ 黒,ramen_tonkotsu,
丸源ラーメン,熟成醤油 醤油とんこつ 赤,ramen_tonkotsu,
丸源ラーメン,熟成醤油 熟成醤油ラーメン,ramen_shoyu,/static/media/food/ramen_shoyu.jpg
丸源ラーメン,熟成醤油 ねぎ醤油ラーメン,ramen_shoyu,/static/media/food/ramen_shoyu.jpg
丸源ラーメン,熟成醤油 熟成醤油チャーシュー麺,chashu,/static/media/food/chashu.jpg
丸源ラーメン,磯海苔塩ラーメン,ramen_shoyu,/static/media/food/ramen_shoyu.jpg
丸源ラーメン,柚子ねぎ塩ラーメン,ramen_shoyu,/static/media/food/ramen_shoyu.jpg
丸源ラーメン,熟成味噌ラーメン,ramen_miso,/static/media/food/ramen_miso.jpg
丸源ラーメン,味噌バターコーンラーメン,ramen_shoyu,/static/media/food/ramen_shoyu.jpg
丸源ラーメン,熟成醤油 肉そばつけ麺,ramen_tsukemen,/static/media/food/ramen_tsukemen.jpg
丸源ラーメン,熟成醤油 辛肉そばつけ麺,ramen_tsukemen,/static/media/food/ramen_tsukemen.jpg
丸源ラーメン,ゴマたっぷり白胡麻担々麺,ramen_shoyu,/static/media/food/ramen_shoyu.jpg
丸源ラーメン,しびれる辛さの麻辣担々麺,ramen_shoyu,/static/media/food/ramen_shoyu.jpg
丸源ラーメン,麺大盛,,(tile)
丸源ラーメン,替え玉,,(tile)
丸源ラーメン,チャーシュー（2枚）,chashu,/static/media/food/chashu.jpg
丸源ラーメン,ドッカンねぎ,,(tile)
丸源ラーメン,味玉,,(tile)
丸源ラーメン,極太メンマ,,(tile)
丸源ラーメン,野沢菜醤,,(tile)
丸源ラーメン,チャーハンセット,teishoku,/static/media/food/teishoku.jpg
丸源ラーメン,チャーハン餃子セット,teishoku,/static/media/food/teishoku.jpg
丸源ラーメン,温玉ごはんセット,teishoku,/static/media/food/teishoku.jpg
丸源ラーメン,丸源餃子セット,teishoku,/static/media/food/teishoku.jpg
丸源ラーメン,からあげセット,teishoku,/static/media/food/teishoku.jpg
丸源ラーメン,丸源餃子【6個】,gyoza,
丸源ラーメン,鉄板玉子チャーハン,chahan,/static/media/food/chahan.jpg
丸源ラーメン,おいしいからあげ,karaage_chicken,/static/media/food/karaage_chicken.jpg
丸源ラーメン,一味旨辛しょうゆ ピリからあげ,karaage_chicken,/static/media/food/karaage_chicken.jpg
丸源ラーメン,温玉ごはん,gohan_rice,
丸源ラーメン,温玉チャーシューごはん,gohan_rice,
丸源ラーメン,白ご飯,gohan_rice,
丸源ラーメン,晩酌セット,teishoku,/static/media/food/teishoku.jpg
丸源ラーメン,フライドポテト,french_fries,/static/media/food/french_fries.jpg
丸源ラーメン,枝豆,edamame,/static/media/food/edamame.jpg
丸源ラーメン,アルコール,,(tile)
丸源ラーメン,ソフトドリンク,,(tile)
丸源ラーメン,カップソフト バニラ,,(tile)
丸源ラーメン,カップソフト いちご,,(tile)
丸源ラーメン,カップソフト チョコ,chocolate,/static/media/food/chocolate.jpg
丸源ラーメン,ラーメンセット,teishoku,/static/media/food/teishoku.jpg
丸源ラーメン,味つけ半たまご入 お子さまラーメン,tamago_egg,/static/media/food/tamago_egg.jpg
丸源ラーメン,お子さまラーメン,ramen_shoyu,/static/media/food/ramen_shoyu.jpg
丸源ラーメン,肉そばデビューセット,teishoku,/static/media/food/teishoku.jpg
丸源ラーメン,えだまめ,edamame,/static/media/food/edamame.jpg
丸源ラーメン,離乳食【7ヶ月〜】,,(tile)
丸源ラーメン,肉そば,soba,/static/media/food/soba.jpg
丸源ラーメン,辛肉そば,soba,/static/media/food/soba.jpg
丸源ラーメン,熟成醤油ラーメン,ramen_shoyu,/static/media/food/ramen_shoyu.jpg
丸源ラーメン,醤油とんこつ,ramen_tonkotsu,
丸源ラーメン,丸源餃子,gyoza,
丸源ラーメン,チャーハン,chahan,/static/media/food/chahan.jpg
丸源ラーメン,どろだれラー油,,(tile)
丸源ラーメン,冷凍生餃子（25個）,gyoza,
丸源ラーメン,野沢菜醤（のざわなじゃん）,,(tile)
丸源ラーメン,揚げにんにく,,(tile)
伝説のすた丼屋,すた丼（玉子、味噌汁付き）,donburi_rice,/static/media/food/donburi_rice.jpg
伝説のすた丼屋,ニンニク不使用 生姜焼き丼（マヨネーズ、味噌汁付き）,soup_miso,/static/media/food/soup_miso.jpg
伝説のすた丼屋,塩すた丼（とろろ、味噌汁付き）,donburi_rice,/static/media/food/donburi_rice.jpg
伝説のすた丼屋,唐揚げ合盛りすた丼（玉子、味噌汁付き）,donburi_rice,/static/media/food/donburi_rice.jpg
伝説のすた丼屋,油すた丼（玉子、味噌汁付き）,donburi_rice,/static/media/food/donburi_rice.jpg
伝説のすた丼屋,まぜ油すた丼（玉子、味噌汁付き）,donburi_rice,/static/media/food/donburi_rice.jpg
伝説のすた丼屋,G系油すた丼（玉子、味噌汁付き）,donburi_rice,/static/media/food/donburi_rice.jpg
伝説のすた丼屋,とろだく飲める油すた丼（玉子、味噌汁付き）,donburi_rice,/static/media/food/donburi_rice.jpg
伝説のすた丼屋,ダブル油すた丼（玉子2個、味噌汁付き）,donburi_rice,/static/media/food/donburi_rice.jpg
伝説のすた丼屋,唐揚げ（2個）セット,karaage_chicken,/static/media/food/karaage_chicken.jpg
伝説のすた丼屋,豚汁＆千切りキャベツセット（味噌汁→豚汁に変更）,teishoku,/static/media/food/teishoku.jpg
伝説のすた丼屋,千切りキャベツセット,teishoku,/static/media/food/teishoku.jpg
伝説のすた丼屋,豚汁＆唐揚げ（2個）セット（味噌汁→豚汁に変更）,karaage_chicken,/static/media/food/karaage_chicken.jpg
伝説のすた丼屋,半油そばセット,teishoku,/static/media/food/teishoku.jpg
伝説のすた丼屋,ニンニク不使用 生姜焼き定食（マヨネーズ付き）,teishoku,/static/media/food/teishoku.jpg
伝説のすた丼屋,すたみな焼き定食,teishoku,/static/media/food/teishoku.jpg
伝説のすた丼屋,塩すたみな焼き定食（とろろ付き）,teishoku,/static/media/food/teishoku.jpg
伝説のすた丼屋,ニンニク不使用肉野菜定食 ※一部店舗限定,teishoku,/static/media/food/teishoku.jpg
伝説のすた丼屋,すたみなカレー,curry_rice,/static/media/food/curry_rice.jpg
伝説のすた丼屋,油そば（麺150g・麺2倍まで同一価格）※肉増量不可,ramen_shoyu,/static/media/food/ramen_shoyu.jpg
伝説のすた丼屋,すたみな油そば（麺150g・麺2倍まで同一価格）,ramen_shoyu,/static/media/food/ramen_shoyu.jpg
伝説のすた丼屋,すたみな肉そば（麺150g・麺2倍まで同一価格）※一部店舗限定,soba,/static/media/food/soba.jpg
伝説のすた丼屋,すたみな野菜肉そば（麺150g・麺2倍まで同一価格）※一部店舗限定,soba,/static/media/food/soba.jpg
伝説のすた丼屋,すたみな唐揚げ,karaage_chicken,/static/media/food/karaage_chicken.jpg
伝説のすた丼屋,すたみな焼き,,(tile)
伝説のすた丼屋,生姜焼き,tonkatsu_pork,/static/media/food/tonkatsu_pork.jpg
伝説のすた丼屋,塩すたみな焼き,,(tile)
伝説のすた丼屋,肉野菜炒め,yasai_itame,/static/media/food/yasai_itame.jpg
伝説のすた丼屋,とろろ,,(tile)
伝説のすた丼屋,ねぎ盛り,,(tile)
伝説のすた丼屋,ガリバタ,,(tile)
伝説のすた丼屋,チーズ,cheese_plate,
伝説のすた丼屋,生玉子,tamago_egg,/static/media/food/tamago_egg.jpg
伝説のすた丼屋,温玉,,(tile)
伝説のすた丼屋,温玉変更,,(tile)
伝説のすた丼屋,千切りキャベツ,,(tile)
伝説のすた丼屋,生ビール,beer_alcohol,/static/media/food/beer_alcohol.jpg
伝説のすた丼屋,瓶ビール,beer_alcohol,/static/media/food/beer_alcohol.jpg
伝説のすた丼屋,肉野菜炒め定食（ニンニク不使用、キャベツなし）※一部店舗限定,teishoku,/static/media/food/teishoku.jpg
俺流塩らーめん,特俺流,,(tile)
俺流塩らーめん,男盛,,(tile)
俺流塩らーめん,ゆず塩,,(tile)
俺流塩らーめん,ゆず辛塩,,(tile)
俺流塩らーめん,俺流のせ,,(tile)
俺流塩らーめん,超豚骨,ramen_tonkotsu,
俺流塩らーめん,超豚骨男盛,ramen_tonkotsu,
俺流塩らーめん,超豚骨炙りチャーシュー,chashu,/static/media/food/chashu.jpg
俺流塩らーめん,俺流塩ギョーザセット,teishoku,/static/media/food/teishoku.jpg
俺流塩らーめん,俺流塩カラ油淋鶏セット,teishoku,/static/media/food/teishoku.jpg
俺流塩らーめん,俺流塩ランチ,teishoku,/static/media/food/teishoku.jpg
俺流塩らーめん,俺流味噌ランチ,teishoku,/static/media/food/teishoku.jpg
俺流塩らーめん,俺流塩らーめん,ramen_shoyu,/static/media/food/ramen_shoyu.jpg
俺流塩らーめん,辛塩らーめん,ramen_shoyu,/static/media/food/ramen_shoyu.jpg
俺流塩らーめん,みそらーめん,ramen_shoyu,/static/media/food/ramen_shoyu.jpg
俺流塩らーめん,熟成塩らーめん,ramen_shoyu,/static/media/food/ramen_shoyu.jpg
俺流塩らーめん,塩つけめん,ramen_tsukemen,/static/media/food/ramen_tsukemen.jpg
俺流塩らーめん,辛みそらーめん,ramen_shoyu,/static/media/food/ramen_shoyu.jpg
俺流塩らーめん,バターコーン,,(tile)
俺流塩らーめん,悪魔的チーズまぜそば,soba,/static/media/food/soba.jpg
俺流塩らーめん,辛海老ワンタン麺,sushi_shrimp,
俺流塩らーめん,俺流超つけめん,ramen_tsukemen,/static/media/food/ramen_tsukemen.jpg
俺流塩らーめん,梅しそらーめん,ramen_shoyu,/static/media/food/ramen_shoyu.jpg
俺流塩らーめん,あさりらーめん,ramen_shoyu,/static/media/food/ramen_shoyu.jpg
俺流塩らーめん,俺丼 Or 私丼,donburi_rice,/static/media/food/donburi_rice.jpg
俺流塩らーめん,からあげ丼,donburi_rice,/static/media/food/donburi_rice.jpg
俺流塩らーめん,半チャーハン,chahan,/static/media/food/chahan.jpg
俺流塩らーめん,ガーリックケチャップライス,gohan_rice,
俺流塩らーめん,ライス,gohan_rice,
俺流塩らーめん,半ライス,gohan_rice,
俺流塩らーめん,俺流餃子 (5個入り),gyoza,
俺流塩らーめん,私流餃子 (5個入り),gyoza,
俺流塩らーめん,俺流餃子 (10個入り),gyoza,
俺流塩らーめん,ねぎまみれ餃子,gyoza,
俺流塩らーめん,お好み焼き餃子,gyoza,
俺流塩らーめん,からあげ (3個入り),karaage_chicken,/static/media/food/karaage_chicken.jpg
俺流塩らーめん,油淋鶏 (3個入り),,(tile)
俺流塩らーめん,からあげコンビ,karaage_chicken,/static/media/food/karaage_chicken.jpg
俺流塩らーめん,海老ワンタン (6個入り),sushi_shrimp,
俺流塩らーめん,山盛りフライドポテト,french_fries,/static/media/food/french_fries.jpg
俺流塩らーめん,瓶ビール (中瓶),beer_alcohol,/static/media/food/beer_alcohol.jpg
俺流塩らーめん,瓶ビール (小瓶),beer_alcohol,/static/media/food/beer_alcohol.jpg
俺流塩らーめん,酎ハイ,chuhai,/static/media/food/chuhai.jpg
俺流塩らーめん,ウーロンハイ,chuhai,/static/media/food/chuhai.jpg
俺流塩らーめん,コーラ,cola_drink,/static/media/food/cola_drink.jpg
俺流塩らーめん,ウーロン茶,oolong_tea,
俺流塩らーめん,厚切り炙りチャーシュー,chashu,/static/media/food/chashu.jpg
俺流塩らーめん,俺流おつまみ,,(tile)
俺流塩らーめん,麺増し,,(tile)
俺流塩らーめん,替え玉,,(tile)
俺流塩らーめん,俺流餃子 (3個),gyoza,
俺流塩らーめん,私流餃子 (3個),gyoza,
俺流塩らーめん,ねぎまみれ餃子 (3個),gyoza,
俺流塩らーめん,お好み焼き餃子 (3個),gyoza,
俺流塩らーめん,からあげ (2個),karaage_chicken,/static/media/food/karaage_chicken.jpg
俺流塩らーめん,油淋鶏 (2個),,(tile)
俺流塩らーめん,海老ワンタン (4個),sushi_shrimp,
俺流塩らーめん,玉子,tamago_egg,/static/media/food/tamago_egg.jpg
俺流塩らーめん,メンマ,,(tile)
俺流塩らーめん,ほうれん草,,(tile)
俺流塩らーめん,白ネギ,,(tile)
俺流塩らーめん,バター,,(tile)
元気寿司,とろにしん,,(tile)
元気寿司,にしん切り込みぐんかん,,(tile)
元気寿司,塩辛ぐんかん,,(tile)
元気寿司,とうもろこし炙り,,(tile)
元気寿司,揚げなす,,(tile)
元気寿司,わさびいなり,,(tile)
元気寿司,ちくわ天ツナラー油,,(tile)
元気寿司,真鯛,,(tile)
元気寿司,タスマニア生サーモン,sushi_salmon,/static/media/food/sushi_salmon.jpg
元気寿司,朝獲れいかそうめん,sushi_platter,/static/media/food/sushi_platter.jpg
元気寿司,一本穴子,unagi,/static/media/food/unagi.jpg
元気寿司,レタス包み(上びんちょう),,(tile)
元気寿司,レタス包み(グリルチキン),karaage_chicken,/static/media/food/karaage_chicken.jpg
元気寿司,レタス包み(シーフードサラダ),salad_green,
元気寿司,レタス包み(真鯛),,(tile)
元気寿司,レタス包み(サーモン),sushi_salmon,/static/media/food/sushi_salmon.jpg
元気寿司,レタス包み(豚カルビ),yakiniku_steak,/static/media/food/yakiniku_steak.jpg
元気寿司,レタス包み(上びんちょう・シャリ),,(tile)
元気寿司,レタス包み(グリルチキン・シャリ),karaage_chicken,/static/media/food/karaage_chicken.jpg
元気寿司,レタス包み(シーフードサラダ・シャリ),salad_green,
元気寿司,レタス包み(真鯛・シャリ),,(tile)
元気寿司,レタス包み(サーモン・シャリ),sushi_salmon,/static/media/food/sushi_salmon.jpg
元気寿司,レタス包み(豚カルビ・シャリ),yakiniku_steak,/static/media/food/yakiniku_steak.jpg
元気寿司,ほのか,,(tile)
元気寿司,かつお,tonkatsu_pork,/static/media/food/tonkatsu_pork.jpg
元気寿司,合鴨サラダ,salad_green,
元気寿司,蒸しほたて,sushi_platter,/static/media/food/sushi_platter.jpg
元気寿司,あかがい・蒸しほたて,sushi_platter,/static/media/food/sushi_platter.jpg
元気寿司,あかがい,,(tile)
元気寿司,あぶらかれい,,(tile)
元気寿司,赤魚,,(tile)
元気寿司,いか,sushi_platter,/static/media/food/sushi_platter.jpg
元気寿司,いか山わさびのせ,sushi_platter,/static/media/food/sushi_platter.jpg
元気寿司,ほたるいか沖漬け,sushi_platter,/static/media/food/sushi_platter.jpg
元気寿司,活け〆蒸しえび,sushi_shrimp,
元気寿司,えび,sushi_shrimp,
元気寿司,えび・いか,sushi_platter,/static/media/food/sushi_platter.jpg
元気寿司,えび・たまご,tamago_egg,/static/media/food/tamago_egg.jpg
元気寿司,こはだ,,(tile)
元気寿司,〆さば,,(tile)
元気寿司,炙りにしん,,(tile)
元気寿司,たまご,tamago_egg,/static/media/food/tamago_egg.jpg
元気寿司,生ハムサラダ,salad_green,
元気寿司,えびねぎラー油,sushi_shrimp,
元気寿司,えび揚げねぎラー油,sushi_shrimp,
元気寿司,えび明太マヨ,sushi_shrimp,
元気寿司,生えび,sushi_shrimp,
元気寿司,なす浅漬け,tsukemono,/static/media/food/tsukemono.jpg
元気寿司,チヂミ,okonomiyaki,/static/media/food/okonomiyaki.jpg
元気寿司,かにかま,,(tile)
元気寿司,ベーコンマヨにぎり,sushi_platter,/static/media/food/sushi_platter.jpg
元気寿司,ジューシーハンバーグ,yakiniku_steak,/static/media/food/yakiniku_steak.jpg
元気寿司,シャリ3貫,,(tile)
元気寿司,豚カルビ,yakiniku_steak,/static/media/food/yakiniku_steak.jpg
元気寿司,上びんちょう,,(tile)
元気寿司,上びんちょう山わさびのせ,,(tile)
元気寿司,上びんちょうねぎラー油,,(tile)
元気寿司,まぐろたたき盛り,sushi_tuna,/static/media/food/sushi_tuna.jpg
元気寿司,まぐろたたきねぎラー油,sushi_tuna,/static/media/food/sushi_tuna.jpg
元気寿司,サーモン,sushi_salmon,/static/media/food/sushi_salmon.jpg
元気寿司,オニオンサーモン,sushi_salmon,/static/media/food/sushi_salmon.jpg
元気寿司,サーモンねぎラー油,sushi_salmon,/static/media/food/sushi_salmon.jpg
元気寿司,サーモン揚げねぎラー油,sushi_salmon,/static/media/food/sushi_salmon.jpg
元気寿司,サーモン・焼サーモン,sushi_salmon,/static/media/food/sushi_salmon.jpg
元気寿司,焼サーモン,sushi_salmon,/static/media/food/sushi_salmon.jpg
元気寿司,サーモンアボカドにぎり,sushi_platter,/static/media/food/sushi_platter.jpg
元気寿司,アボカドシュリンプ,salad_green,
元気寿司,えび天 天たれがけ,sushi_shrimp,
元気寿司,えびペッパーマヨ炙り,sushi_shrimp,
元気寿司,えびマヨ炙り,sushi_shrimp,
元気寿司,こういか,sushi_platter,/static/media/food/sushi_platter.jpg
元気寿司,ほっき貝,sushi_platter,/static/media/food/sushi_platter.jpg
元気寿司,煮あなご,unagi,/static/media/food/unagi.jpg
元気寿司,あらびきウィンナー,sausage,/static/media/food/sausage.jpg
元気寿司,いわし,,(tile)
元気寿司,えんがわ,,(tile)
元気寿司,サーモンペッパーマヨ炙り,sushi_salmon,/static/media/food/sushi_salmon.jpg
元気寿司,サーモンマヨ炙り,sushi_salmon,/static/media/food/sushi_salmon.jpg
元気寿司,上びんちょうペッパーマヨ炙り,,(tile)
元気寿司,上びんちょうマヨ炙り,,(tile)
元気寿司,大切りまぐろ,sushi_tuna,/static/media/food/sushi_tuna.jpg
元気寿司,つぶ貝,sushi_platter,/static/media/food/sushi_platter.jpg
元気寿司,たこ,sushi_platter,/static/media/food/sushi_platter.jpg
元気寿司,大切りとろサーモン,sushi_salmon,/static/media/food/sushi_salmon.jpg
元気寿司,あじ,,(tile)
元気寿司,大切りうなぎ,unagi,/static/media/food/unagi.jpg
元気寿司,はまち,,(tile)
元気寿司,甘えび,sushi_shrimp,
元気寿司,まぐろステーキ,steak_plate,/static/media/food/steak_plate.jpg
元気寿司,大切りとろサーモンステーキ,steak_plate,/static/media/food/steak_plate.jpg
元気寿司,ふわとろあなご,unagi,/static/media/food/unagi.jpg
元気寿司,北海道産たらマヨ,,(tile)
元気寿司,おくら納豆ぐんかん,natto,/static/media/food/natto.jpg
元気寿司,海鮮ユッケ風,,(tile)
元気寿司,いかおくら,sushi_platter,/static/media/food/sushi_platter.jpg
元気寿司,かにみそ,,(tile)
元気寿司,コーン,,(tile)
元気寿司,ツナサラダ,salad_green,
元気寿司,ツナサラダ・コーン,salad_green,
元気寿司,ししゃもっこ,,(tile)
元気寿司,納豆,natto,/static/media/food/natto.jpg
元気寿司,シーフードサラダ,salad_green,
元気寿司,スパイシーサラダ,salad_green,
元気寿司,あさり明太マヨぐんかん,,(tile)
元気寿司,サーモンマヨネーズ,sushi_salmon,/static/media/food/sushi_salmon.jpg
元気寿司,いかサラダぐんかん,salad_green,
元気寿司,いなり,,(tile)
元気寿司,お新香巻,tsukemono,/static/media/food/tsukemono.jpg
元気寿司,かっぱ巻,sushi_roll,/static/media/food/sushi_roll.jpg
元気寿司,かんぴょう巻,,(tile)
元気寿司,納豆巻,sushi_roll,/static/media/food/sushi_roll.jpg
元気寿司,えびマヨ,sushi_shrimp,
元気寿司,まぐろたたきぐんかん,sushi_tuna,/static/media/food/sushi_tuna.jpg
元気寿司,まぐたくぐんかん,,(tile)
元気寿司,まぐろたたき納豆,natto,/static/media/food/natto.jpg
元気寿司,いか昆布ぐんかん,sushi_platter,/static/media/food/sushi_platter.jpg
元気寿司,あんきも,,(tile)
元気寿司,まぐたく巻,,(tile)
元気寿司,まぐろたたき巻,sushi_tuna,/static/media/food/sushi_tuna.jpg
元気寿司,しば漬巻,,(tile)
元気寿司,すぐき漬巻,,(tile)
元気寿司,味玉ぐんかん,,(tile)
元気寿司,とびこぐんかん,,(tile)
元気寿司,鉄火巻,sushi_roll,/static/media/food/sushi_roll.jpg
元気寿司,とろさばの押し寿司,sushi_platter,/static/media/food/sushi_platter.jpg
元気寿司,えび天巻,sushi_shrimp,
元気寿司,いくら,,(tile)
元気寿司,ランチたぬきうどん,udon,/static/media/food/udon.jpg
元気寿司,ランチかけうどん,udon,/static/media/food/udon.jpg
元気寿司,平日限定 めかぶうどん,udon,/static/media/food/udon.jpg
元気寿司,産地直送レタスサラダ,salad_green,
元気寿司,産地直送サラダ(3種),salad_green,
元気寿司,産地直送サラダ(4種),salad_green,
元気寿司,えだまめコーン,edamame,/static/media/food/edamame.jpg
元気寿司,冷奴,hiyayakko,/static/media/food/hiyayakko.jpg
元気寿司,明太オニオンサラダ,salad_green,
元気寿司,なす揚げびたし,,(tile)
元気寿司,やみつき鶏むね唐揚げ,karaage_chicken,/static/media/food/karaage_chicken.jpg
元気寿司,めかぶのみそ汁,soup_miso,/static/media/food/soup_miso.jpg
元気寿司,あさりのみそ汁,soup_miso,/static/media/food/soup_miso.jpg
元気寿司,茶碗蒸し,chawanmushi,/static/media/food/chawanmushi.jpg
元気寿司,めかぶの茶碗蒸し,chawanmushi,/static/media/food/chawanmushi.jpg
元気寿司,フライドポテト,french_fries,/static/media/food/french_fries.jpg
元気寿司,醤油バターソースポテト,french_fries,/static/media/food/french_fries.jpg
元気寿司,明太マヨポテト,french_fries,/static/media/food/french_fries.jpg
元気寿司,たぬきうどん,udon,/static/media/food/udon.jpg
元気寿司,えび天うどん,udon,/static/media/food/udon.jpg
元気寿司,ミニたい焼き,dorayaki,/static/media/food/dorayaki.jpg
元気寿司,チョコクレープ,crepe_sweet,/static/media/food/crepe_sweet.jpg
元気寿司,シューアイスバニラ,icecream_parfait,/static/media/food/icecream_parfait.jpg
元気寿司,ミニエクレア,,(tile)
元気寿司,フローズンライチ,,(tile)
元気寿司,蒸しパン(静岡茶),tea_matcha,/static/media/food/tea_matcha.jpg
元気寿司,しゅわしゅわアイスバー,icecream_parfait,/static/media/food/icecream_parfait.jpg
元気寿司,黒胡麻クリーム大福,dorayaki,/static/media/food/dorayaki.jpg
元気寿司,豆大福,dorayaki,/static/media/food/dorayaki.jpg
元気寿司,ソーダゼリー,juice_beverage,/static/media/food/juice_beverage.jpg
元気寿司,たっぷり桃のクリームタルト,cake_dessert,/static/media/food/cake_dessert.png
元気寿司,ANY1 ICE CREAM ココナッツ＆バニラ,nuts_snack,/static/media/food/nuts_snack.png
元気寿司,北海道あずきのいももち,,(tile)
元気寿司,北海道あずきのいももち(ホイップ),,(tile)
元気寿司,チョコレートケーキ,cake_dessert,/static/media/food/cake_dessert.png
元気寿司,特製プリン,pudding,
元気寿司,ソフトクリーム,soft_serve,/static/media/food/soft_serve.jpg
元気寿司,ソフトクリーム チョコソース,soft_serve,/static/media/food/soft_serve.jpg
元気寿司,ぷるんぷるんクー ぶどう,,(tile)
元気寿司,ぷるんぷるんクー りんご,,(tile)
元気寿司,一番搾り生ビール,beer_alcohol,/static/media/food/beer_alcohol.jpg
元気寿司,オリオン ザ・ドラフト,,(tile)
元気寿司,グラスビール,beer_alcohol,/static/media/food/beer_alcohol.jpg
元気寿司,グリーンズフリー,,(tile)
元気寿司,生冷酒,sake_drink,/static/media/food/sake_drink.jpg
元気寿司,あかり1人前,,(tile)
元気寿司,あかり2人前,,(tile)
元気寿司,あかり3人前,,(tile)
元気寿司,あかり4人前,,(tile)
元気寿司,あかり5人前,,(tile)
元気寿司,なごみ1人前,,(tile)
元気寿司,なごみ2人前,,(tile)
元気寿司,なごみ3人前,,(tile)
元気寿司,なごみ4人前,,(tile)
元気寿司,なごみ5人前,,(tile)
元気寿司,サーモン・まぐろづくし1人前,sushi_tuna,/static/media/food/sushi_tuna.jpg
元気寿司,サーモン・まぐろづくし3人前,sushi_tuna,/static/media/food/sushi_tuna.jpg
元気寿司,サーモン・まぐろづくし4人前,sushi_tuna,/static/media/food/sushi_tuna.jpg
元気寿司,サーモン・まぐろづくし5人前,sushi_tuna,/static/media/food/sushi_tuna.jpg
元気寿司,ほのか1人前,,(tile)
元気寿司,ほのか2人前,,(tile)
元気寿司,ほのか3人前,,(tile)
元気寿司,ほのか4人前,,(tile)
元気寿司,ほのか5人前,,(tile)
元気寿司,すけろく1人前,,(tile)
元気寿司,まぐろづくし,sushi_tuna,/static/media/food/sushi_tuna.jpg
元気寿司,海鮮丼,sushi_platter,/static/media/food/sushi_platter.jpg
元気寿司,バラエティ手づくりセット,teishoku,/static/media/food/teishoku.jpg
元気寿司,かっぱ巻セット(2本),teishoku,/static/media/food/teishoku.jpg
元気寿司,かんぴょう巻セット(2本),teishoku,/static/media/food/teishoku.jpg
元気寿司,納豆巻セット(2本),teishoku,/static/media/food/teishoku.jpg
元気寿司,お新香巻セット(2本),teishoku,/static/media/food/teishoku.jpg
元気寿司,まぐたく巻セット(2本),teishoku,/static/media/food/teishoku.jpg
元気寿司,まぐろたたき巻セット(2本),teishoku,/static/media/food/teishoku.jpg
元気寿司,鉄火巻セット(2本),teishoku,/static/media/food/teishoku.jpg
元気寿司,いなり6貫,,(tile)
吉野家,牛すき鍋膳,,(tile)
吉野家,牛と醤油豚骨鍋膳,ramen_tonkotsu,
吉野家,牛すき丼 (並盛),donburi_rice,/static/media/food/donburi_rice.jpg
吉野家,牛すき丼 (大盛),donburi_rice,/static/media/food/donburi_rice.jpg
吉野家,ふわとろ玉子 肉増し 黒カレー,tamago_egg,/static/media/food/tamago_egg.jpg
吉野家,ハッシュドビーフご飯 肉増し ふわとろ玉子,gohan_rice,
吉野家,牛丼 (並盛),gyudon_beef,/static/media/food/gyudon_beef.jpg
吉野家,ねぎ玉牛丼 (並盛),gyudon_beef,/static/media/food/gyudon_beef.jpg
吉野家,ポン酢おろし牛丼 (並盛),gyudon_beef,/static/media/food/gyudon_beef.jpg
吉野家,わさびおろし牛丼 (並盛),gyudon_beef,/static/media/food/gyudon_beef.jpg
吉野家,キムチ牛丼 (並盛),gyudon_beef,/static/media/food/gyudon_beef.jpg
吉野家,チーズ牛丼 (並盛),gyudon_beef,/static/media/food/gyudon_beef.jpg
吉野家,豚丼 (並盛),gyudon_beef,/static/media/food/gyudon_beef.jpg
吉野家,塩ねぎ豚丼 (並盛),gyudon_beef,/static/media/food/gyudon_beef.jpg
吉野家,焼肉カルビ丼 (M),gyudon_beef,/static/media/food/gyudon_beef.jpg
吉野家,焼肉カルビ牛丼 (M),gyudon_beef,/static/media/food/gyudon_beef.jpg
吉野家,焼肉カルビ塩ねぎ丼 (M),donburi_rice,/static/media/food/donburi_rice.jpg
吉野家,焼肉カルビキムチ丼 (M),donburi_rice,/static/media/food/donburi_rice.jpg
吉野家,サラダセット,teishoku,/static/media/food/teishoku.jpg
吉野家,ポテトサラダセット,teishoku,/static/media/food/teishoku.jpg
吉野家,おしんこセット,teishoku,/static/media/food/teishoku.jpg
吉野家,キムチセット,teishoku,/static/media/food/teishoku.jpg
吉野家,から揚げセット,teishoku,/static/media/food/teishoku.jpg
吉野家,から揚げおろしポン酢定食,teishoku,/static/media/food/teishoku.jpg
吉野家,から揚げおろしわさび定食,teishoku,/static/media/food/teishoku.jpg
吉野家,から揚げハニーマスタード定食,teishoku,/static/media/food/teishoku.jpg
吉野家,から揚げタルタルソース定食,teishoku,/static/media/food/teishoku.jpg
吉野家,から揚げ定食,teishoku,/static/media/food/teishoku.jpg
吉野家,から揚げ丼 (M),donburi_rice,/static/media/food/donburi_rice.jpg
吉野家,から揚げおろしポン酢丼 (M),donburi_rice,/static/media/food/donburi_rice.jpg
吉野家,から揚げおろしわさび丼 (M),donburi_rice,/static/media/food/donburi_rice.jpg
吉野家,から揚げタルタルソース丼 (M),donburi_rice,/static/media/food/donburi_rice.jpg
吉野家,から揚げXXL & 追いガーリック丼,karaage_chicken,/static/media/food/karaage_chicken.jpg
吉野家,から揚げハニーマスタード丼 (M),donburi_rice,/static/media/food/donburi_rice.jpg
吉野家,から揚げ牛丼 (M),gyudon_beef,/static/media/food/gyudon_beef.jpg
吉野家,牛皿・焼肉定食,teishoku,/static/media/food/teishoku.jpg
吉野家,牛皿定食,teishoku,/static/media/food/teishoku.jpg
吉野家,牛W定食,teishoku,/static/media/food/teishoku.jpg
吉野家,焼肉定食,teishoku,/static/media/food/teishoku.jpg
吉野家,焼肉塩ねぎ定食,teishoku,/static/media/food/teishoku.jpg
吉野家,豚肉塩ねぎ定食,teishoku,/static/media/food/teishoku.jpg
吉野家,牛鮭定食,teishoku,/static/media/food/teishoku.jpg
吉野家,牛さば定食,teishoku,/static/media/food/teishoku.jpg
吉野家,牛黒カレー,curry_rice,/static/media/food/curry_rice.jpg
吉野家,ふわとろ玉子牛黒カレー,curry_rice,/static/media/food/curry_rice.jpg
吉野家,チーズ黒カレー,curry_rice,/static/media/food/curry_rice.jpg
吉野家,黒カレー,curry_rice,/static/media/food/curry_rice.jpg
吉野家,牛×焼肉黒カレー,curry_rice,/static/media/food/curry_rice.jpg
吉野家,焼肉黒カレー,curry_rice,/static/media/food/curry_rice.jpg
吉野家,特盛牛黒カレー,curry_rice,/static/media/food/curry_rice.jpg
吉野家,ハッシュドビーフライス,gohan_rice,
吉野家,ハッシュドビーフライス 肉増し,gohan_rice,
吉野家,ふわふわスクランブルエッグ,,(tile)
吉野家,うな重 小牛皿セット (1枚),unagi,/static/media/food/unagi.jpg
吉野家,うな重 小牛皿セット (2枚),unagi,/static/media/food/unagi.jpg
吉野家,うな重 (1枚),unagi,/static/media/food/unagi.jpg
吉野家,うな重 (2枚),unagi,/static/media/food/unagi.jpg
吉野家,ミニ牛丼セット,teishoku,/static/media/food/teishoku.jpg
吉野家,ミニカレーセット,teishoku,/static/media/food/teishoku.jpg
吉野家,豚皿定食,teishoku,/static/media/food/teishoku.jpg
吉野家,焼肉カルビ定食,teishoku,/static/media/food/teishoku.jpg
吉野家,焼肉カルビねぎ塩定食,teishoku,/static/media/food/teishoku.jpg
吉野家,豚ねぎ塩定食,teishoku,/static/media/food/teishoku.jpg
吉野家,うなぎ皿定食（1枚）,teishoku,/static/media/food/teishoku.jpg
吉野家,うなぎ皿定食（2枚）,teishoku,/static/media/food/teishoku.jpg
吉野家,うなぎ皿定食（3枚）,teishoku,/static/media/food/teishoku.jpg
吉野家,牛皿ファミリーパック（3人前）,gyudon_beef,/static/media/food/gyudon_beef.jpg
吉野家,牛皿ファミリーパック（4人前）,gyudon_beef,/static/media/food/gyudon_beef.jpg
吉野家,牛鍋ファミリーパック（3人前）,,(tile)
吉野家,牛鍋ファミリーパック（4人前）,,(tile)
吉野家,生卵,tamago_egg,/static/media/food/tamago_egg.jpg
吉野家,半熟卵,tamago_egg,/static/media/food/tamago_egg.jpg
吉野家,ねぎ玉,,(tile)
吉野家,みそ汁,soup_miso,/static/media/food/soup_miso.jpg
吉野家,しじみ汁,,(tile)
吉野家,豚汁,soup_miso,/static/media/food/soup_miso.jpg
吉野家,キムチ,kimchi,/static/media/food/kimchi.jpg
吉野家,サラダ,salad_green,
吉野家,ポテトサラダ,salad_green,
吉野家,から揚げ（1個）,karaage_chicken,/static/media/food/karaage_chicken.jpg
吉野家,焼き鮭,sushi_salmon,/static/media/food/sushi_salmon.jpg
吉野家,納豆,natto,/static/media/food/natto.jpg
吉野家,のり,,(tile)
吉野家,ご飯,gohan_rice,
吉野家,ビール,beer_alcohol,/static/media/food/beer_alcohol.jpg
吉野家,牛朝食,,(tile)
吉野家,ハムエッグ定食（サラダ付）,teishoku,/static/media/food/teishoku.jpg
吉野家,ダブルハムエッグ定食（サラダ付）,teishoku,/static/media/food/teishoku.jpg
吉野家,ダブルハムエッグ牛小鉢定食,teishoku,/static/media/food/teishoku.jpg
吉野家,納豆定食,teishoku,/static/media/food/teishoku.jpg
吉野家,特選朝食,,(tile)
吉野家,焼き鮭定食,teishoku,/static/media/food/teishoku.jpg
名代富士そば,煮干しラーメン,ramen_shoyu,/static/media/food/ramen_shoyu.jpg
名代富士そば,カレーかつ丼,katsudon,/static/media/food/katsudon.jpg
名代富士そば,かつ丼,katsudon,/static/media/food/katsudon.jpg
名代富士そば,かけそば(うどん),soba,/static/media/food/soba.jpg
名代富士そば,特撰富士そば(うどん),soba,/static/media/food/soba.jpg
名代富士そば,わかめそば(うどん),soba,/static/media/food/soba.jpg
名代富士そば,ほうれん草そば(うどん),soba,/static/media/food/soba.jpg
名代富士そば,肉富士そば(うどん),soba,/static/media/food/soba.jpg
名代富士そば,天ぷらそば(うどん),soba,/static/media/food/soba.jpg
名代富士そば,紅生姜天そば(うどん),soba,/static/media/food/soba.jpg
名代富士そば,コロッケそば(うどん),soba,/static/media/food/soba.jpg
名代富士そば,もりそば(うどん),soba,/static/media/food/soba.jpg
名代富士そば,特もりそば(うどん),soba,/static/media/food/soba.jpg
名代富士そば,冷したぬきそば(うどん),soba,/static/media/food/soba.jpg
名代富士そば,冷しきつねそば(うどん),soba,/static/media/food/soba.jpg
名代富士そば,冷し特撰富士そば(うどん),soba,/static/media/food/soba.jpg
名代富士そば,冷し肉富士そば(うどん),soba,/static/media/food/soba.jpg
名代富士そば,カレーライス,curry_rice,/static/media/food/curry_rice.jpg
名代富士そば,カレーライスセット かけそば(うどん),teishoku,/static/media/food/teishoku.jpg
名代富士そば,かつ丼セット もりそば 又は かけそば,teishoku,/static/media/food/teishoku.jpg
名代富士そば,ミニカレー セット かけそば(うどん),curry_rice,/static/media/food/curry_rice.jpg
名代富士そば,たぬき 温泉玉子 そば(うどん),udon,/static/media/food/udon.jpg
名代富士そば,冷したぬき 温泉玉子 そば(うどん),udon,/static/media/food/udon.jpg
名代富士そば,きつね 温泉玉子 そば(うどん),udon,/static/media/food/udon.jpg
名代富士そば,冷しきつね 温泉玉子 そば(うどん),udon,/static/media/food/udon.jpg
夢庵,選べる小丼！初夏の涼風御膳,teishoku,/static/media/food/teishoku.jpg
夢庵,活〆一本穴子天丼（味噌汁・お新香付き）,donburi_rice,/static/media/food/donburi_rice.jpg
夢庵,レモン牛焼きしゃぶ定食,teishoku,/static/media/food/teishoku.jpg
夢庵,（単品）レモン牛焼きしゃぶ,shabu,/static/media/food/shabu.jpg
夢庵,赤身ローストビーフ丼（味噌汁・お新香付き）,donburi_rice,/static/media/food/donburi_rice.jpg
夢庵,シビ辛！豆乳胡麻担々の和えうどん,udon,/static/media/food/udon.jpg
夢庵,赤身ローストビーフ丼小釜玉うどんセット,teishoku,/static/media/food/teishoku.jpg
夢庵,シビ辛！豆乳胡麻担々の和えうどん焼きおにぎりセット,teishoku,/static/media/food/teishoku.jpg
夢庵,ねばとろめかぶそば,soba,/static/media/food/soba.jpg
夢庵,めかぶ活〆一本穴子天せいろ,unagi,/static/media/food/unagi.jpg
夢庵,ねばとろめかぶそば長崎県産あじフライセット,teishoku,/static/media/food/teishoku.jpg
夢庵,二色合い盛り活〆一本穴子天せいろ,unagi,/static/media/food/unagi.jpg
夢庵,活〆一本穴子と野菜の天ぷら盛り合わせ,tempura,/static/media/food/tempura.jpg
夢庵,赤身ローストビーフポテトサラダ添え,salad_green,
夢庵,泉州水なすの浅漬け,tsukemono,/static/media/food/tsukemono.jpg
夢庵,あわゆきかき氷濃いいちご＆いちごミルク,milk_drink,/static/media/food/milk_drink.jpg
夢庵,あわゆきかき氷宇治金時,,(tile)
夢庵,白のあわゆきかき氷,,(tile)
夢庵,フレッシュ赤肉メロンのソフトパルフェ,,(tile)
夢庵,赤肉メロンの白玉あんみつ,anmitsu,/static/media/food/anmitsu.jpg
夢庵,赤肉メロンのソフト白玉あんみつ,anmitsu,/static/media/food/anmitsu.jpg
夢庵,赤肉メロンの甘味三彩,,(tile)
夢庵,夢庵御膳（小うまか丼）,teishoku,/static/media/food/teishoku.jpg
夢庵,ひれかつ＆長崎県産あじフライ定食,teishoku,/static/media/food/teishoku.jpg
夢庵,合い盛り夢庵御膳（小うまか丼）,teishoku,/static/media/food/teishoku.jpg
夢庵,刺身４点盛りと小天ぷら膳,tempura,/static/media/food/tempura.jpg
夢庵,うな重小天ぷら膳（お吸い物・お新香付・小鉢付）,tempura,/static/media/food/tempura.jpg
夢庵,金目鯛の姿煮御膳,teishoku,/static/media/food/teishoku.jpg
夢庵,うな重（お吸い物・お新香付）,unagi,/static/media/food/unagi.jpg
夢庵,金目鯛の姿煮と小天ぷら膳,tempura,/static/media/food/tempura.jpg
夢庵,こぼれいくらの海鮮茶漬け小天ぷら膳,tempura,/static/media/food/tempura.jpg
夢庵,こぼれいくらの海鮮茶漬け膳,tea_matcha,/static/media/food/tea_matcha.jpg
夢庵,こぼれいくらの海鮮丼（お味噌汁・お新香付き）,sushi_platter,/static/media/food/sushi_platter.jpg
夢庵,手羽先唐揚げ（2本）,karaage_chicken,/static/media/food/karaage_chicken.jpg
夢庵,メヒカリの唐揚げ,karaage_chicken,/static/media/food/karaage_chicken.jpg
夢庵,栃尾揚げ ハーフ,,(tile)
夢庵,刺身４点盛り（2人前）,sashimi,/static/media/food/sashimi.jpg
夢庵,栃尾揚げ,,(tile)
夢庵,刺身４点盛り（3人前）,sashimi,/static/media/food/sashimi.jpg
夢庵,月見つくね串（2本）,yakitori,/static/media/food/yakitori.jpg
夢庵,豆富豚チゲハーフ,,(tile)
夢庵,月見つくね串（3本）,yakitori,/static/media/food/yakitori.jpg
夢庵,山盛りポテトフライ,fry_seafood,/static/media/food/fry_seafood.jpg
夢庵,長崎県産あじフライ（1枚）,fry_seafood,/static/media/food/fry_seafood.jpg
夢庵,国産もつ煮豆富,motsunabe,/static/media/food/motsunabe.jpg
夢庵,明太ポテトサラダ,salad_green,
夢庵,おつまみ唐揚げ（4個）,karaage_chicken,/static/media/food/karaage_chicken.jpg
夢庵,山盛りポテトフライ（明太マヨ付）,fry_seafood,/static/media/food/fry_seafood.jpg
夢庵,いかげそ唐揚げ,karaage_chicken,/static/media/food/karaage_chicken.jpg
夢庵,自家製おぼろ豆富（くるみだれ付）,,(tile)
夢庵,とろたくユッケ風,,(tile)
夢庵,ひれかつ＆長崎県産あじフライ,fry_seafood,/static/media/food/fry_seafood.jpg
夢庵,人気フライ盛り合わせ（2～3人前）,fry_seafood,/static/media/food/fry_seafood.jpg
夢庵,ひれかつ煮,tonkatsu_pork,/static/media/food/tonkatsu_pork.jpg
夢庵,海老しんじょうの揚げ出し,sushi_shrimp,
夢庵,小松菜と湯葉の昆布和え,,(tile)
夢庵,焼きおにぎり,onigiri,/static/media/food/onigiri.jpg
夢庵,焼きおにぎり茶漬け,tea_matcha,/static/media/food/tea_matcha.jpg
夢庵,枝豆,edamame,/static/media/food/edamame.jpg
夢庵,上海老天ぷら盛り合わせ（1人前）,tempura,/static/media/food/tempura.jpg
夢庵,上海老天丼,donburi_rice,/static/media/food/donburi_rice.jpg
夢庵,上海老天ぷら盛り合わせ（2人前）,tempura,/static/media/food/tempura.jpg
夢庵,上海老天（１本）,sushi_shrimp,
夢庵,もちの天ぷら（４個）,tempura,/static/media/food/tempura.jpg
夢庵,いとより天（１個）,,(tile)
夢庵,舞茸天（２個）,,(tile)
夢庵,かぼちゃ天（２個）,,(tile)
夢庵,れんこん天（２個）,,(tile)
夢庵,おくら天（４本）,,(tile)
夢庵,小天ぷら,tempura,/static/media/food/tempura.jpg
夢庵,もち天（2個）,,(tile)
夢庵,夢庵特製カレーそば,soba,/static/media/food/soba.jpg
夢庵,天ぷらそば,soba,/static/media/food/soba.jpg
夢庵,夢庵特製豚カレーそば上海老天付き,sushi_shrimp,
夢庵,明太かき玉そば,soba,/static/media/food/soba.jpg
夢庵,かけそば,soba,/static/media/food/soba.jpg
夢庵,せいろそば,soba,/static/media/food/soba.jpg
夢庵,とろろせいろそば,soba,/static/media/food/soba.jpg
夢庵,特盛せいろそば（3玉盛り）,soba,/static/media/food/soba.jpg
夢庵,天せいろそば,soba,/static/media/food/soba.jpg
夢庵,天せいろそば（くるみだれ付き）,soba,/static/media/food/soba.jpg
夢庵,めかぶそば 天せいろ,soba,/static/media/food/soba.jpg
夢庵,豚つけそば,soba,/static/media/food/soba.jpg
夢庵,ねばとろそば,soba,/static/media/food/soba.jpg
夢庵,くるみそば,soba,/static/media/food/soba.jpg
夢庵,二色合い盛り天せいろ,,(tile)
夢庵,特盛天せいろそば（3玉盛り）,soba,/static/media/food/soba.jpg
夢庵,天せいろそばと小ねぎとろ丼,donburi_rice,/static/media/food/donburi_rice.jpg
夢庵,夢庵特製カレーうどん,udon,/static/media/food/udon.jpg
夢庵,甘辛牛肉うどん,udon,/static/media/food/udon.jpg
夢庵,夢庵特製豚カレーうどん上海老天付き,sushi_shrimp,
夢庵,明太かき玉うどん,udon,/static/media/food/udon.jpg
夢庵,天ぷらうどん,udon,/static/media/food/udon.jpg
夢庵,かけうどん,udon,/static/media/food/udon.jpg
夢庵,くるみうどん,udon,/static/media/food/udon.jpg
夢庵,天せいろうどん,udon,/static/media/food/udon.jpg
夢庵,甘辛牛肉ぶっかけうどん,udon,/static/media/food/udon.jpg
夢庵,夢郎うどん （1.5玉盛り）,udon,/static/media/food/udon.jpg
夢庵,ねばとろうどん,udon,/static/media/food/udon.jpg
夢庵,夢郎うどん （3玉盛り）,udon,/static/media/food/udon.jpg
夢庵,せいろうどん,udon,/static/media/food/udon.jpg
夢庵,とろろせいろうどん,udon,/static/media/food/udon.jpg
夢庵,天せいろうどん（くるみだれ付き）,udon,/static/media/food/udon.jpg
夢庵,自家製くるみだれ,,(tile)
夢庵,とろろ,,(tile)
夢庵,お替わり 夢郎スープ,soup_miso,/static/media/food/soup_miso.jpg
夢庵,温泉玉子,tamago_egg,/static/media/food/tamago_egg.jpg
夢庵,御飯,,(tile)
夢庵,納豆,natto,/static/media/food/natto.jpg
夢庵,明太子,pasta,/static/media/food/pasta.jpg
夢庵,（単品）大根おろし,,(tile)
夢庵,ひれかつ（1枚）,tonkatsu_pork,/static/media/food/tonkatsu_pork.jpg
夢庵,北海道産じゃがいも使用ほくほくコロッケ（1個）,korokke,/static/media/food/korokke.jpg
夢庵,唐揚げ（2個）,karaage_chicken,/static/media/food/karaage_chicken.jpg
夢庵,キムチ納豆,natto,/static/media/food/natto.jpg
夢庵,明太マヨ,,(tile)
夢庵,ねぎとろまぐろサーモン刺身,sashimi,/static/media/food/sashimi.jpg
夢庵,【単品】金目鯛の姿煮,,(tile)
夢庵,うなぎ蒲焼,unagi,/static/media/food/unagi.jpg
夢庵,牛カルビすき焼き鍋と鍋セット,teishoku,/static/media/food/teishoku.jpg
夢庵,牛カルビすき焼き鍋,sukiyaki,/static/media/food/sukiyaki.jpg
夢庵,豆富豚チゲと鍋セット,teishoku,/static/media/food/teishoku.jpg
夢庵,豆富豚チゲ（お肉ダブル）と鍋セット,teishoku,/static/media/food/teishoku.jpg
夢庵,豆富豚チゲ,,(tile)
夢庵,豆富豚チゲ（お肉ダブル）,,(tile)
夢庵,鍋用うどん,udon,/static/media/food/udon.jpg
夢庵,おかわり鍋用たまご,tamago_egg,/static/media/food/tamago_egg.jpg
夢庵,上海老天重,sushi_shrimp,
夢庵,ねぎとろ丼,donburi_rice,/static/media/food/donburi_rice.jpg
夢庵,ひれかつ丼,katsudon,/static/media/food/katsudon.jpg
夢庵,ねぎとろ丼ダブル,donburi_rice,/static/media/food/donburi_rice.jpg
夢庵,ひれかつ丼ダブル,katsudon,/static/media/food/katsudon.jpg
夢庵,夢庵うまか丼,donburi_rice,/static/media/food/donburi_rice.jpg
夢庵,小ひれかつ丼,katsudon,/static/media/food/katsudon.jpg
夢庵,小天丼,donburi_rice,/static/media/food/donburi_rice.jpg
夢庵,小ねぎとろ丼,donburi_rice,/static/media/food/donburi_rice.jpg
夢庵,小海鮮丼,sushi_platter,/static/media/food/sushi_platter.jpg
夢庵,小鶏竜田てりたま丼,donburi_rice,/static/media/food/donburi_rice.jpg
夢庵,江戸前風深川御飯,,(tile)
夢庵,小御飯,,(tile)
夢庵,大盛り御飯,,(tile)
夢庵,お味噌汁,soup_miso,/static/media/food/soup_miso.jpg
夢庵,すけそう鱈と彩り野菜の黒酢あん定食（鱈4個）,teishoku,/static/media/food/teishoku.jpg
夢庵,【単品】すけそう鱈と彩り野菜の黒酢あん（鱈4個）,,(tile)
夢庵,若鶏と彩り野菜の黒酢あん定食（若鶏4個）,teishoku,/static/media/food/teishoku.jpg
夢庵,【単品】若鶏と彩り野菜の黒酢あん（若鶏4個）,,(tile)
夢庵,若鶏のみぞれ煮とおぼろ豆富定食,teishoku,/static/media/food/teishoku.jpg
夢庵,【単品】若鶏のみぞれ煮,,(tile)
夢庵,ひれかつ定食,teishoku,/static/media/food/teishoku.jpg
夢庵,ひれかつおろしポン酢定食,teishoku,/static/media/food/teishoku.jpg
夢庵,ひれかつ,tonkatsu_pork,/static/media/food/tonkatsu_pork.jpg
夢庵,ひれかつおろしポン酢,tonkatsu_pork,/static/media/food/tonkatsu_pork.jpg
夢庵,若鶏の竜田揚げおろしポン酢＆テリタル定食,teishoku,/static/media/food/teishoku.jpg
夢庵,かれいの煮付け定食,teishoku,/static/media/food/teishoku.jpg
夢庵,若鶏の竜田揚げおろしポン酢＆テリタル,karaage_chicken,/static/media/food/karaage_chicken.jpg
夢庵,かれいの煮付け,,(tile)
夢庵,国産さば塩焼き定食,teishoku,/static/media/food/teishoku.jpg
夢庵,国産さばの塩焼き,,(tile)
夢庵,なないろ夢和膳（竜田揚げおろしポン酢）,karaage_chicken,/static/media/food/karaage_chicken.jpg
夢庵,お昼のなないろ夢和膳（長崎県産あじフライ＆唐揚げ）,karaage_chicken,/static/media/food/karaage_chicken.jpg
夢庵,なないろ夢和膳（ねぎとろまぐろサーモン刺身）,sashimi,/static/media/food/sashimi.jpg
夢庵,なないろ夢和膳（国産さばの塩焼き）,,(tile)
夢庵,お昼のなないろ夢和膳（鶏のみぞれ煮）,,(tile)
夢庵,なないろ夢和膳（ひれかつ煮）,tonkatsu_pork,/static/media/food/tonkatsu_pork.jpg
夢庵,なないろ夢和膳（すけそう鱈の黒酢あん）,,(tile)
夢庵,セットランチドリンクバー（お料理・デザートをご注文の方）,teishoku,/static/media/food/teishoku.jpg
夢庵,お楽しみ膳（小まぐろサーモン丼）,donburi_rice,/static/media/food/donburi_rice.jpg
夢庵,お楽しみ膳（深川御飯）,,(tile)
夢庵,お昼のお楽しみ膳（小鶏竜田てりたま丼）,donburi_rice,/static/media/food/donburi_rice.jpg
夢庵,ランチ牛カルビ丼お味噌汁・お新香付,tsukemono,/static/media/food/tsukemono.jpg
夢庵,ランチ天丼せいろそばセット,teishoku,/static/media/food/teishoku.jpg
夢庵,牛カルビ丼選べる小麺・お新香付,tsukemono,/static/media/food/tsukemono.jpg
夢庵,ランチ天丼選べる小麺・お新香付,tsukemono,/static/media/food/tsukemono.jpg
夢庵,ランチ牛カルビ丼せいろそばセット,teishoku,/static/media/food/teishoku.jpg
夢庵,ランチ天丼お味噌汁・お新香付,tsukemono,/static/media/food/tsukemono.jpg
夢庵,すけそう鱈と彩り野菜の黒酢あんランチ（鱈4個）,teishoku,/static/media/food/teishoku.jpg
夢庵,若鶏と彩り野菜の黒酢あんランチ（若鶏4個）,teishoku,/static/media/food/teishoku.jpg
夢庵,ひれかつおろしポン酢ランチ,teishoku,/static/media/food/teishoku.jpg
夢庵,ひれかつランチ,teishoku,/static/media/food/teishoku.jpg
夢庵,若鶏の竜田揚げおろしポン酢ランチ,teishoku,/static/media/food/teishoku.jpg
夢庵,若鶏の竜田揚げ南蛮風ランチ,teishoku,/static/media/food/teishoku.jpg
夢庵,若鶏の唐揚げランチ,teishoku,/static/media/food/teishoku.jpg
夢庵,お昼の夢うどん膳（三つ仕切り＋せいろうどん）,udon,/static/media/food/udon.jpg
夢庵,若鶏のみぞれ煮とおぼろ豆富ランチ,teishoku,/static/media/food/teishoku.jpg
夢庵,お昼の夢そば膳（三つ仕切り＋せいろそば）,soba,/static/media/food/soba.jpg
夢庵,かけうどんと小天丼セット,teishoku,/static/media/food/teishoku.jpg
夢庵,せいろそばと小天丼セット,teishoku,/static/media/food/teishoku.jpg
夢庵,【ランチ限定価格】北海道濃厚ソフト,teishoku,/static/media/food/teishoku.jpg
夢庵,【ランチ限定価格】黒糖ゼリーソフト,teishoku,/static/media/food/teishoku.jpg
夢庵,【ランチ限定価格】夢庵プリン,pudding,
夢庵,お子様うどんセット,teishoku,/static/media/food/teishoku.jpg
夢庵,お子様ねぎとろ丼,donburi_rice,/static/media/food/donburi_rice.jpg
夢庵,お子様はんばーぐ,,(tile)
夢庵,お子様低アレルゲンカレー,curry_rice,/static/media/food/curry_rice.jpg
夢庵,お子様焼きおにぎり,onigiri,/static/media/food/onigiri.jpg
夢庵,ちびっこうどん（ゼリー付）,udon,/static/media/food/udon.jpg
夢庵,お子様ソフト,,(tile)
夢庵,お子様ドリンクバー,,(tile)
夢庵,ラッキーミニねぎとろ丼御膳,teishoku,/static/media/food/teishoku.jpg
夢庵,ラッキーミニ天丼御膳,teishoku,/static/media/food/teishoku.jpg
夢庵,【小学生以下限定】ラッキーポテからセット（コイン付き）,teishoku,/static/media/food/teishoku.jpg
夢庵,ラッキードリンクバーセット,teishoku,/static/media/food/teishoku.jpg
夢庵,わいわいコース（うまか丼）,donburi_rice,/static/media/food/donburi_rice.jpg
夢庵,わいわいコース（ねぎとろ丼）,donburi_rice,/static/media/food/donburi_rice.jpg
夢庵,わいわいコース（天丼）,donburi_rice,/static/media/food/donburi_rice.jpg
夢庵,【ほろ夢セット】 生ビール［中ジョッキ］,beer_alcohol,/static/media/food/beer_alcohol.jpg
夢庵,【ほろ夢セット】 生搾りレモンサワー,chuhai,/static/media/food/chuhai.jpg
夢庵,【ほろ夢セット】 翠（すい）ソーダ割り,juice_beverage,/static/media/food/juice_beverage.jpg
夢庵,【ほろ夢セット】 かん酒（小）,beer_alcohol,/static/media/food/beer_alcohol.jpg
夢庵,【ほろ夢セット】 ひや酒（小）,beer_alcohol,/static/media/food/beer_alcohol.jpg
夢庵,【ほろ夢セット】 角ハイボール,whisky,/static/media/food/whisky.jpg
夢庵,豆富のサラダ（味噌ドレッシング別添え）,salad_green,
夢庵,大根パリパリサラダ（味噌ドレッシング）,salad_green,
夢庵,豆富のサラダ（玉ねぎ醤油ドレッシング）,salad_green,
夢庵,大根パリパリサラダ（玉ねぎ醤油ドレッシング）,salad_green,
夢庵,ミニ大根サラダ（味噌ドレッシング）,salad_green,
夢庵,ミニ大根サラダ（玉ねぎ醤油ドレッシング）,salad_green,
夢庵,キリン一番搾り中生ビール（ハッピーアワー）［中・380ml ジョッキ］,beer_alcohol,/static/media/food/beer_alcohol.jpg
夢庵,白鷹（かん酒）小とっくり（ハッピーアワー）,beer_alcohol,/static/media/food/beer_alcohol.jpg
夢庵,白鷹（ひや酒）小とっくり（ハッピーアワー）,beer_alcohol,/static/media/food/beer_alcohol.jpg
夢庵,いいちこ（ハッピーアワー）,,(tile)
夢庵,黒霧島（ハッピーアワー）,,(tile)
夢庵,十割 グラス（ハッピーアワー）,,(tile)
夢庵,十割 そば湯割り（ハッピーアワー）,soba,/static/media/food/soba.jpg
夢庵,角ハイボール（ハッピーアワー）,whisky,/static/media/food/whisky.jpg
夢庵,キリン一番搾り生ビール［中・380ml ジョッキ］,beer_alcohol,/static/media/food/beer_alcohol.jpg
夢庵,キリン一番搾り小生ビール［小・250ml グラス］,beer_alcohol,/static/media/food/beer_alcohol.jpg
夢庵,アサヒスーパードライ（中瓶）,,(tile)
夢庵,アサヒドライゼロ〈ノンアルコールビールテイスト飲料〉,beer_alcohol,/static/media/food/beer_alcohol.jpg
夢庵,七賢（しちけん）（300ml瓶）,,(tile)
夢庵,臥龍梅（がりゅうばい）（グラス）,,(tile)
夢庵,菊水（300ml瓶）,,(tile)
夢庵,本醸造立山（冷酒）90ml,sake_drink,/static/media/food/sake_drink.jpg
夢庵,白鷹（かん酒）小とっくり,beer_alcohol,/static/media/food/beer_alcohol.jpg
夢庵,白鷹（ひや酒）小とっくり,beer_alcohol,/static/media/food/beer_alcohol.jpg
夢庵,生搾りレモンサワー,chuhai,/static/media/food/chuhai.jpg
夢庵,梅酒サワー,chuhai,/static/media/food/chuhai.jpg
夢庵,はちみつレモンサワー,chuhai,/static/media/food/chuhai.jpg
夢庵,梅酒,beer_alcohol,/static/media/food/beer_alcohol.jpg
夢庵,ウーロンハイ,chuhai,/static/media/food/chuhai.jpg
夢庵,抹茶ハイ,chuhai,/static/media/food/chuhai.jpg
夢庵,グラスワイン赤,wine_drink,/static/media/food/wine_drink.jpg
夢庵,グラスワイン白,wine_drink,/static/media/food/wine_drink.jpg
夢庵,デカンタワイン 赤,wine_drink,/static/media/food/wine_drink.jpg
夢庵,デカンタワイン 白,wine_drink,/static/media/food/wine_drink.jpg
夢庵,いいちこシルエットグラス,,(tile)
夢庵,いいちこボトル７２０ml【ボトルキープできます！】,,(tile)
夢庵,黒霧島グラス,,(tile)
夢庵,黒霧島ボトル９００ml【ボトルキープできます！】,,(tile)
夢庵,十割 グラス,,(tile)
夢庵,十割 そば湯割り,soba,/static/media/food/soba.jpg
夢庵,十割 ボトル７２０ml【ボトルキープできます！】,,(tile)
夢庵,黒ッキリボール,,(tile)
夢庵,角ハイボール,whisky,/static/media/food/whisky.jpg
夢庵,炭酸水 500ml（ペットボトル）,,(tile)
夢庵,翠（すい）ボトル７００ml【ボトルキープできます！】,,(tile)
夢庵,翠（すい）ソーダ割り,juice_beverage,/static/media/food/juice_beverage.jpg
夢庵,翠（すい）ソーダ割り＋青じそ,juice_beverage,/static/media/food/juice_beverage.jpg
夢庵,翠（すい）抹茶割り,tea_matcha,/static/media/food/tea_matcha.jpg
夢庵,アルコール飲み放題,,(tile)
夢庵,あったか焼き芋＆ソフト,,(tile)
夢庵,あったか焼き芋ぜんざい,,(tile)
夢庵,いちごのモンブラン,,(tile)
夢庵,黒糖ゼリーと抹茶ムース,tea_matcha,/static/media/food/tea_matcha.jpg
夢庵,白玉あんみつ,anmitsu,/static/media/food/anmitsu.jpg
夢庵,抹茶ソフト白玉あんみつ,anmitsu,/static/media/food/anmitsu.jpg
夢庵,ソフト白玉あんみつ,anmitsu,/static/media/food/anmitsu.jpg
夢庵,冷し白玉しるこ,anmitsu,/static/media/food/anmitsu.jpg
夢庵,抹茶ゼリー,tea_matcha,/static/media/food/tea_matcha.jpg
夢庵,豆乳のチーズケーキ（木苺ソース）,cake_dessert,/static/media/food/cake_dessert.png
夢庵,夢庵プリン,pudding,
夢庵,抹茶ゼリーソフト,tea_matcha,/static/media/food/tea_matcha.jpg
夢庵,冷し抹茶,tea_matcha,/static/media/food/tea_matcha.jpg
夢庵,冷し抹茶オレ,tea_matcha,/static/media/food/tea_matcha.jpg
夢庵,冷し抹茶オレホイップ,tea_matcha,/static/media/food/tea_matcha.jpg
夢庵,チョコレートパルフェ,chocolate,/static/media/food/chocolate.jpg
夢庵,チョコオンチョコレートケーキ（ホイップクリーム添え）,cake_dessert,/static/media/food/cake_dessert.png
夢庵,北海道濃厚ソフト（チョコソース）,chocolate,/static/media/food/chocolate.jpg
夢庵,北海道濃厚ソフトダブル（チョコ）,chocolate,/static/media/food/chocolate.jpg
夢庵,北海道濃厚ソフト,,(tile)
夢庵,北海道濃厚ソフトダブル,,(tile)
夢庵,黒みつきなこソフト,,(tile)
夢庵,黒糖ゼリーソフト,,(tile)
夢庵,セットドリンクバー（お料理・デザートをご注文の方）,teishoku,/static/media/food/teishoku.jpg
夢庵,【単品】ドリンクバードリンクのみをご注文のお客様,,(tile)
大戸屋,とろ～りチーズのヒレかつ マスタードクリームソース,tonkatsu_pork,/static/media/food/tonkatsu_pork.jpg
大戸屋,出汁香る 大戸屋風サンマーあんかけ焼きそば,yakisoba,/static/media/food/yakisoba.jpg
大戸屋,あさりと豚肉のちゃんぽん風夏野菜炒め,yasai_itame,/static/media/food/yasai_itame.jpg
大戸屋,鰹の梅はさみ揚げ,,(tile)
大戸屋,あおさと豆腐の味噌汁,soup_miso,/static/media/food/soup_miso.jpg
大戸屋,毎日定食,teishoku,/static/media/food/teishoku.jpg
大戸屋,活力定食,teishoku,/static/media/food/teishoku.jpg
大戸屋,回復定食,teishoku,/static/media/food/teishoku.jpg
大戸屋,すりおろし生しょうがの豚肩ロース生姜焼き,tonkatsu_pork,/static/media/food/tonkatsu_pork.jpg
大戸屋,大戸屋ランチ,teishoku,/static/media/food/teishoku.jpg
大戸屋,〈おかず増量〉大戸屋ランチ,teishoku,/static/media/food/teishoku.jpg
大戸屋,炭火 鶏トロ焼きとひじき入りつくねの月見重,yakitori,/static/media/food/yakitori.jpg
大戸屋,大戸屋風チキン南蛮,karaage_chicken,/static/media/food/karaage_chicken.jpg
大戸屋,〈おかず増量〉大戸屋風チキン南蛮,karaage_chicken,/static/media/food/karaage_chicken.jpg
大戸屋,すけそう鱈と野菜の黒酢あん,,(tile)
大戸屋,〈おかず増量〉すけそう鱈と野菜の黒酢あん,,(tile)
大戸屋,鶏と野菜の黒酢あん,,(tile)
大戸屋,〈おかず増量〉鶏と野菜の黒酢あん,,(tile)
大戸屋,鶏と野菜の黒酢あんとしまほっけの炭火焼き,,(tile)
大戸屋,もろみチキンの炭火焼きとほっけ竜田揚げ 〜もろみ醤油の香味ネギだれ〜,karaage_chicken,/static/media/food/karaage_chicken.jpg
大戸屋,大戸屋風チキン南蛮とひじき入り鶏つくね,yakitori,/static/media/food/yakitori.jpg
大戸屋,生ニラだれの油淋鶏,,(tile)
大戸屋,〈おかず増量〉生ニラだれの油淋鶏,,(tile)
大戸屋,もろみチキンの炭火焼き,karaage_chicken,/static/media/food/karaage_chicken.jpg
大戸屋,〈おかず増量〉もろみチキンの炭火焼き,karaage_chicken,/static/media/food/karaage_chicken.jpg
大戸屋,香味唐揚げ,karaage_chicken,/static/media/food/karaage_chicken.jpg
大戸屋,〈おかず増量〉香味唐揚げ,karaage_chicken,/static/media/food/karaage_chicken.jpg
大戸屋,甘からだれの鶏唐揚げ,karaage_chicken,/static/media/food/karaage_chicken.jpg
大戸屋,〈おかず増量〉甘からだれの鶏唐揚げ,karaage_chicken,/static/media/food/karaage_chicken.jpg
大戸屋,デミグラスチキンかつ,tonkatsu_pork,/static/media/food/tonkatsu_pork.jpg
大戸屋,〈おかず増量〉デミグラスチキンかつ,tonkatsu_pork,/static/media/food/tonkatsu_pork.jpg
大戸屋,鶏とれんこんのチリソース炒め,,(tile)
大戸屋,三元豚のヒレかつ,tonkatsu_pork,/static/media/food/tonkatsu_pork.jpg
大戸屋,肉野菜塩こうじ炒め,,(tile)
大戸屋,ピリ辛本格マーボードーフ,mapo_tofu,/static/media/food/mapo_tofu.jpg
大戸屋,豚トロみそ漬け炭火焼き,,(tile)
大戸屋,茄子と豚肉のコク旨味噌炒め,,(tile)
大戸屋,国産牛のスタミナ鉄板焼き,,(tile)
大戸屋,しまほっけの炭火焼き,,(tile)
大戸屋,ほっけ竜田揚げ〜もろみ醤油の香味ネギだれ〜,karaage_chicken,/static/media/food/karaage_chicken.jpg
大戸屋,さばの炭火焼き,,(tile)
大戸屋,バジルとチーズのアジフライ,fry_seafood,/static/media/food/fry_seafood.jpg
大戸屋,さばの味噌煮,,(tile)
大戸屋,海老の玉子とじ重,tamago_egg,/static/media/food/tamago_egg.jpg
大戸屋,大戸屋ばくだん丼,donburi_rice,/static/media/food/donburi_rice.jpg
大戸屋,もろみチキンの彩りサラダボウルとしそひじきご飯,gohan_rice,
大戸屋,豚ヒレの冷しゃぶ おろし柚香だれ,shabu,/static/media/food/shabu.jpg
大戸屋,辛旨 鶏とつくねのキムチチゲ,kimchi,/static/media/food/kimchi.jpg
大戸屋,中華五目餡かけ土鍋ご飯,gohan_rice,
大戸屋,チキンかあさん煮,karaage_chicken,/static/media/food/karaage_chicken.jpg
大戸屋,大戸屋節,,(tile)
大戸屋,大戸屋節と黄身のごはんがけセット,teishoku,/static/media/food/teishoku.jpg
大戸屋,しそひじき,,(tile)
大戸屋,明太子,pasta,/static/media/food/pasta.jpg
大戸屋,きみだま,,(tile)
大戸屋,生玉子,tamago_egg,/static/media/food/tamago_egg.jpg
大戸屋,なめ茸おろし,,(tile)
大戸屋,とろろ,,(tile)
大戸屋,とろろオクラ,,(tile)
大戸屋,納豆,natto,/static/media/food/natto.jpg
大戸屋,旨だれキムチ納豆,natto,/static/media/food/natto.jpg
大戸屋,やみつき玉子,tamago_egg,/static/media/food/tamago_egg.jpg
大戸屋,まぐろユッケ,sushi_tuna,/static/media/food/sushi_tuna.jpg
大戸屋,大戸屋ばくだん小鉢,,(tile)
大戸屋,ほうれん草の胡麻和え,,(tile)
大戸屋,ひんやり豆腐,,(tile)
大戸屋,金平ごぼう,,(tile)
大戸屋,ひじきの煮物,,(tile)
大戸屋,めかぶ,,(tile)
大戸屋,キムチ,kimchi,/static/media/food/kimchi.jpg
大戸屋,白菜の浅漬け 塩昆布和え,tsukemono,/static/media/food/tsukemono.jpg
大戸屋,揚げ茄子,,(tile)
大戸屋,ミニ鶏の黒酢あん,,(tile)
大戸屋,ミニすけそう鱈の黒酢あん,,(tile)
大戸屋,ミニ野菜の黒酢あん,,(tile)
大戸屋,ミニ香味唐揚げ,karaage_chicken,/static/media/food/karaage_chicken.jpg
大戸屋,ミニ甘からだれの鶏唐揚げ,karaage_chicken,/static/media/food/karaage_chicken.jpg
大戸屋,ミニもろみチキンの炭火焼き,karaage_chicken,/static/media/food/karaage_chicken.jpg
大戸屋,ひじき入り鶏つくね 2個,yakitori,/static/media/food/yakitori.jpg
大戸屋,ミニ大戸屋風チキン南蛮,karaage_chicken,/static/media/food/karaage_chicken.jpg
大戸屋,三元豚のミニヒレかつ,tonkatsu_pork,/static/media/food/tonkatsu_pork.jpg
大戸屋,牛肉じゃが,,(tile)
大戸屋,かぼちゃコロッケ,korokke,/static/media/food/korokke.jpg
大戸屋,とうもろこしクリームコロッケ,korokke,/static/media/food/korokke.jpg
大戸屋,ミニしまほっけの炭火焼き,,(tile)
大戸屋,海老フライ 1尾,fry_seafood,/static/media/food/fry_seafood.jpg
大戸屋,千切りキャベツ(大),,(tile)
大戸屋,千切りキャベツ(小),,(tile)
大戸屋,ミニサラダ,salad_green,
大戸屋,ひんやり豆腐サラダ,salad_green,
大戸屋,ご飯 普通盛り(180g),gohan_rice,
大戸屋,ご飯 少なめ(100g),gohan_rice,
大戸屋,ご飯 大盛り(300g),gohan_rice,
大戸屋,ご飯 特盛り(500g),gohan_rice,
大戸屋,五穀ご飯 普通盛り(180g),gohan_rice,
大戸屋,五穀ご飯 少なめ(100g),gohan_rice,
大戸屋,五穀ご飯 大盛り(300g),gohan_rice,
大戸屋,五穀ご飯 特盛り(500g),gohan_rice,
大戸屋,たっぷり野菜の麦みそ汁,soup_miso,/static/media/food/soup_miso.jpg
大戸屋,味噌汁,soup_miso,/static/media/food/soup_miso.jpg
大戸屋,甘からだれの鶏竜田丼と麺のセット,teishoku,/static/media/food/teishoku.jpg
大戸屋,炭火 鶏トロ焼きとひじき入りつくねの月見重と麺のセット,teishoku,/static/media/food/teishoku.jpg
大戸屋,海老の玉子とじ重と麺のセット,teishoku,/static/media/food/teishoku.jpg
大戸屋,大戸屋ばくだん丼と麺のセット,teishoku,/static/media/food/teishoku.jpg
大戸屋,まぐろとろろ丼と麺のセット,teishoku,/static/media/food/teishoku.jpg
大戸屋,せいろ蕎麦,soba,/static/media/food/soba.jpg
大戸屋,温蕎麦,soba,/static/media/food/soba.jpg
大戸屋,せいろうどん,udon,/static/media/food/udon.jpg
大戸屋,温うどん,udon,/static/media/food/udon.jpg
大戸屋,よくばりお子様オムライスプレート,omurice,/static/media/food/omurice.jpg
大戸屋,お子様オムライスプレート,omurice,/static/media/food/omurice.jpg
大戸屋,お子様野菜カレー,curry_rice,/static/media/food/curry_rice.jpg
大戸屋,お子様うどんと唐揚げ(鶏の竜田揚げ),karaage_chicken,/static/media/food/karaage_chicken.jpg
大戸屋,ふんわり和スフレ みたらしだれ,pancakes,
大戸屋,大戸屋ティラミス 黒蜜きな粉,cake_dessert,/static/media/food/cake_dessert.png
大戸屋,大戸屋アイス 〜五穀米のアイスとわらびもち〜,icecream_parfait,/static/media/food/icecream_parfait.jpg
大戸屋,宇治抹茶の豆乳チーズケーキ,cake_dessert,/static/media/food/cake_dessert.png
大戸屋,たまごプリン,pudding,
大戸屋,かりんとう抹茶アイス,icecream_parfait,/static/media/food/icecream_parfait.jpg
大戸屋,ミルクアイス,icecream_parfait,/static/media/food/icecream_parfait.jpg
大戸屋,チョコレートアイス,icecream_parfait,/static/media/food/icecream_parfait.jpg
大戸屋,ドリンクバー各種,,(tile)
大戸屋,生ビール 中ジョッキ,beer_alcohol,/static/media/food/beer_alcohol.jpg
大戸屋,生ビール 小ジョッキ,beer_alcohol,/static/media/food/beer_alcohol.jpg
大戸屋,ノンアルコールビール アサヒドライゼロ,beer_alcohol,/static/media/food/beer_alcohol.jpg
大戸屋,アサヒGINONレモン(無糖),,(tile)
大戸屋,オードブル松(大),,(tile)
大戸屋,オードブル竹(中),,(tile)
大戸屋,オードブル梅(小),,(tile)
大戸屋,大戸屋御膳 弁当,teishoku,/static/media/food/teishoku.jpg
大衆酒場-八銭-名物料理,鶏手羽先 (塩),karaage_chicken,/static/media/food/karaage_chicken.jpg
大衆酒場-八銭-名物料理,鶏手羽先 (やみつきスパイス),karaage_chicken,/static/media/food/karaage_chicken.jpg
大衆酒場-八銭-名物料理,鶏手羽先 (真っ赤なスパイス),karaage_chicken,/static/media/food/karaage_chicken.jpg
大衆酒場-八銭-名物料理,鶏手羽先 (黄金スパイス),karaage_chicken,/static/media/food/karaage_chicken.jpg
大衆酒場-八銭-名物料理,鶏の唐揚げ (塩),karaage_chicken,/static/media/food/karaage_chicken.jpg
大衆酒場-八銭-名物料理,鶏の唐揚げ (油淋鶏),karaage_chicken,/static/media/food/karaage_chicken.jpg
大衆酒場-八銭-名物料理,鶏の唐揚げ (ねぎマヨ),karaage_chicken,/static/media/food/karaage_chicken.jpg
大衆酒場-八銭-名物料理,鶏の唐揚げ (ヤンニョム),karaage_chicken,/static/media/food/karaage_chicken.jpg
大衆酒場-八銭-名物料理,鶏の唐揚げ (おろしポン酢),karaage_chicken,/static/media/food/karaage_chicken.jpg
大衆酒場-八銭-名物料理,ふわふわ玉子のお好み焼き,okonomiyaki,/static/media/food/okonomiyaki.jpg
大衆酒場-八銭-名物料理,ふわふわ玉子のお好み焼き (チーズ),okonomiyaki,/static/media/food/okonomiyaki.jpg
大衆酒場-八銭-名物料理,ふわふわ玉子のお好み焼き (明太マヨ),okonomiyaki,/static/media/food/okonomiyaki.jpg
大衆酒場-八銭-名物料理,とぶ漬け鶏皮串,,(tile)
大衆酒場-八銭-名物料理,とぶ漬け鶏皮串 (毛沢東スパイス),donut,/static/media/food/donut.jpg
大衆酒場-八銭-名物料理,とぶ漬け鶏皮串 (ポン酢ねぎまみれ),yakitori,/static/media/food/yakitori.jpg
大衆酒場-八銭-名物料理,アテ焼きそば (ソース),yakisoba,/static/media/food/yakisoba.jpg
大衆酒場-八銭-名物料理,アテ焼きそば (えび塩バター),yakisoba,/static/media/food/yakisoba.jpg
大衆酒場-八銭-名物料理,新名物 焼き鳥みたいな揚げ鶏,yakitori,/static/media/food/yakitori.jpg
大阪焼肉ホルモン-ふたご,黒毛和牛の出るカルビ,yakiniku_steak,/static/media/food/yakiniku_steak.jpg
大阪焼肉ホルモン-ふたご,スタミナ焼き (小),,(tile)
大阪焼肉ホルモン-ふたご,スタミナ焼き (中),,(tile)
大阪焼肉ホルモン-ふたご,スタミナ焼き (大),,(tile)
大阪焼肉ホルモン-ふたご,和牛上ロースの炙りポン酢,yakiniku_steak,/static/media/food/yakiniku_steak.jpg
大阪焼肉ホルモン-ふたご,和牛上ロースの炙りポン酢 (大),yakiniku_steak,/static/media/food/yakiniku_steak.jpg
大阪焼肉ホルモン-ふたご,ふたご盛り,,(tile)
大阪焼肉ホルモン-ふたご,和牛イノミ,,(tile)
大阪焼肉ホルモン-ふたご,和牛三角バラ,,(tile)
大阪焼肉ホルモン-ふたご,和牛霜降り厚切り,,(tile)
大阪焼肉ホルモン-ふたご,和牛ランプ,,(tile)
大阪焼肉ホルモン-ふたご,和牛イチボ,,(tile)
大阪焼肉ホルモン-ふたご,厚切りタン塩,gyutan,/static/media/food/gyutan.jpg
大阪焼肉ホルモン-ふたご,ねぎタン塩,gyutan,/static/media/food/gyutan.jpg
大阪焼肉ホルモン-ふたご,薄切りタン塩,gyutan,/static/media/food/gyutan.jpg
大阪焼肉ホルモン-ふたご,和牛上赤身,sushi_tuna,/static/media/food/sushi_tuna.jpg
大阪焼肉ホルモン-ふたご,和牛みつきカルビ,yakiniku_steak,/static/media/food/yakiniku_steak.jpg
大阪焼肉ホルモン-ふたご,やめられないミノ,horumon,
大阪焼肉ホルモン-ふたご,上ミノ,horumon,
大阪焼肉ホルモン-ふたご,あご肉,,(tile)
大阪焼肉ホルモン-ふたご,コリコリ焼き,,(tile)
大阪焼肉ホルモン-ふたご,ホセン,,(tile)
大阪焼肉ホルモン-ふたご,シビレ塩,,(tile)
大阪焼肉ホルモン-ふたご,純レバー,horumon,
大阪焼肉ホルモン-ふたご,トントロ,,(tile)
大阪焼肉ホルモン-ふたご,肉ごり,,(tile)
大阪焼肉ホルモン-ふたご,ふたごのポテトサラダ,salad_green,
大阪焼肉ホルモン-ふたご,キムチになる前のキャベツ,kimchi,/static/media/food/kimchi.jpg
大阪焼肉ホルモン-ふたご,月見黒毛和牛ユッケ,,(tile)
大阪焼肉ホルモン-ふたご,名物!!ふたごのまかない丼,donburi_rice,/static/media/food/donburi_rice.jpg
大阪焼肉ホルモン-ふたご,ふたごスープ,soup_miso,/static/media/food/soup_miso.jpg
大阪焼肉ホルモン-ふたご,一口冷麺,hiyashi_chuka,/static/media/food/hiyashi_chuka.jpg
大阪焼肉ホルモン-ふたご,ふたごの冷麺,hiyashi_chuka,/static/media/food/hiyashi_chuka.jpg
大阪王将,元祖焼餃子（1人前 6個）,gyoza,
大阪王将,ニンニク肉肉肉餃子（1人前 6個）,gyoza,
大阪王将,ぷるもち大粒水餃子,gyoza,
大阪王将,中華そば,ramen_shoyu,/static/media/food/ramen_shoyu.jpg
大阪王将,炒め焼きそば,yakisoba,/static/media/food/yakisoba.jpg
大阪王将,五目あんかけラーメン,ramen_shoyu,/static/media/food/ramen_shoyu.jpg
大阪王将,担々麺,ramen_shoyu,/static/media/food/ramen_shoyu.jpg
大阪王将,五目炒飯,chahan,/static/media/food/chahan.jpg
大阪王将,ふわとろ天津飯,tenshinhan,/static/media/food/tenshinhan.jpg
大阪王将,中華丼,donburi_rice,/static/media/food/donburi_rice.jpg
大阪王将,麻婆飯,mapo_tofu,/static/media/food/mapo_tofu.jpg
大阪王将,回鍋肉,,(tile)
大阪王将,海老のチリソース,sushi_shrimp,
大阪王将,酢豚,subuta,/static/media/food/subuta.jpg
大阪王将,レバニラ炒め,,(tile)
大阪王将,ラムトンジンギス飯,,(tile)
大阪王将,五目冷やし中華,hiyashi_chuka,/static/media/food/hiyashi_chuka.jpg
大阪王将,冷やし担々麺,ramen_shoyu,/static/media/food/ramen_shoyu.jpg
天丼てんや,たれづけ大江戸天丼弁当（冷小藪そば）セット,bento,/static/media/food/bento.jpg
天丼てんや,たれづけ大江戸天丼弁当（冷小うどん）セット,bento,/static/media/food/bento.jpg
天丼てんや,元祖てんやの天丼弁当（冷小藪そば）セット,bento,/static/media/food/bento.jpg
天丼てんや,元祖てんやの天丼弁当（冷小うどん）セット,bento,/static/media/food/bento.jpg
天丼てんや,てんやの上天丼弁当（冷小藪そば）セット,bento,/static/media/food/bento.jpg
天丼てんや,てんやの上天丼弁当（冷小うどん）セット,bento,/static/media/food/bento.jpg
天丼てんや,てんやの特上天丼弁当（冷小藪そば）セット,bento,/static/media/food/bento.jpg
天丼てんや,てんやの特上天丼弁当（冷小うどん）セット,bento,/static/media/food/bento.jpg
天丼てんや,オールスター天丼弁当（冷小藪そば）セット,bento,/static/media/food/bento.jpg
天丼てんや,オールスター天丼弁当（冷小うどん）セット,bento,/static/media/food/bento.jpg
天丼てんや,鶏と舞茸の天丼弁当（冷小藪そば）セット,bento,/static/media/food/bento.jpg
天丼てんや,鶏と舞茸の天丼弁当（冷小うどん）セット,bento,/static/media/food/bento.jpg
天丼てんや,海老と野菜の天丼弁当（冷小藪そば）セット,bento,/static/media/food/bento.jpg
天丼てんや,海老と野菜の天丼弁当（冷小うどん）セット,bento,/static/media/food/bento.jpg
天丼てんや,海鮮かき揚げ天丼弁当（冷小藪そば）セット,bento,/static/media/food/bento.jpg
天丼てんや,海鮮かき揚げ天丼弁当（冷小うどん）セット,bento,/static/media/food/bento.jpg
天丼てんや,野菜天丼弁当（冷小藪そば）セット,bento,/static/media/food/bento.jpg
天丼てんや,野菜天丼弁当（冷小うどん）セット,bento,/static/media/food/bento.jpg
天丼てんや,元祖てんやの天丼弁当,bento,/static/media/food/bento.jpg
天丼てんや,てんやの上天丼弁当,bento,/static/media/food/bento.jpg
天丼てんや,てんやの特上天丼弁当,bento,/static/media/food/bento.jpg
天丼てんや,オールスター天丼弁当,bento,/static/media/food/bento.jpg
天丼てんや,鶏と舞茸の天丼弁当,bento,/static/media/food/bento.jpg
天丼てんや,海老と野菜の天丼弁当,bento,/static/media/food/bento.jpg
天丼てんや,海鮮かき揚げ天丼弁当,bento,/static/media/food/bento.jpg
天丼てんや,野菜天丼弁当,bento,/static/media/food/bento.jpg
天丼てんや,ごちそう天重弁当,bento,/static/media/food/bento.jpg
天丼てんや,たれづけ大江戸天丼弁当,bento,/static/media/food/bento.jpg
天丼てんや,お得夏の天ぷら天ぷら盛合わせ（2人前）,tempura,/static/media/food/tempura.jpg
天丼てんや,夏の天ぷら盛合わせ（1人前）,tempura,/static/media/food/tempura.jpg
天丼てんや,お得元祖てんやの天ぷら盛合わせ（2人前）,tempura,/static/media/food/tempura.jpg
天丼てんや,元祖てんやの天ぷら盛合わせ（1人前）,tempura,/static/media/food/tempura.jpg
天丼てんや,お得オールスター天ぷら盛合わせ（2人前）,tempura,/static/media/food/tempura.jpg
天丼てんや,オールスター天ぷら盛合わせ（1人前）,tempura,/static/media/food/tempura.jpg
天丼てんや,お得野菜天ぷら盛合わせ（2人前）,tempura,/static/media/food/tempura.jpg
天丼てんや,野菜天ぷら盛合わせ（1人前）,tempura,/static/media/food/tempura.jpg
天丼てんや,冷たい小藪そば（ハーフサイズ）,soba,/static/media/food/soba.jpg
天丼てんや,冷たい小うどん（ハーフサイズ）,udon,/static/media/food/udon.jpg
天丼てんや,冷たい藪そば（1人前サイズ）,soba,/static/media/food/soba.jpg
天丼てんや,冷たいうどん（1人前サイズ）,udon,/static/media/food/udon.jpg
天丼てんや,天丼のたれ,donburi_rice,/static/media/food/donburi_rice.jpg
天丼てんや,半熟玉子,tamago_egg,/static/media/food/tamago_egg.jpg
天丼てんや,ご飯,gohan_rice,
天丼てんや,豚汁,soup_miso,/static/media/food/soup_miso.jpg
天丼てんや,みそ汁（カップ付き、とうふ）,soup_miso,/static/media/food/soup_miso.jpg
天丼てんや,広島菜（青じそ風味）,,(tile)
天丼てんや,塩辛,,(tile)
天丼てんや,まいたけ,,(tile)
天丼てんや,海老,sushi_shrimp,
天丼てんや,いか,sushi_platter,/static/media/food/sushi_platter.jpg
天丼てんや,きす開き,,(tile)
天丼てんや,さつまいも,,(tile)
天丼てんや,れんこん,,(tile)
天丼てんや,なす,,(tile)
天丼てんや,かぼちゃ,,(tile)
天丼てんや,いんげん,,(tile)
天丼てんや,とり天,,(tile)
天丼てんや,活〆一本穴子,unagi,/static/media/food/unagi.jpg
天丼てんや,大海老,sushi_shrimp,
天丼てんや,海鮮かき揚げ,tempura,/static/media/food/tempura.jpg
天丼てんや,活〆一本煮穴子,unagi,/static/media/food/unagi.jpg
天丼てんや,国産　太刀魚,,(tile)
天丼てんや,愛知県産　稚鮎（2尾）,,(tile)
天丼てんや,国産　鰹のたたき天ぷら,tempura,/static/media/food/tempura.jpg
天丼てんや,大いか,sushi_platter,/static/media/food/sushi_platter.jpg
天丼てんや,国産　とろ～り旨なす,,(tile)
天丼てんや,穴子切身,unagi,/static/media/food/unagi.jpg
天丼てんや,きす半身,,(tile)
天満鮨-駅前店,赤身握り,sushi_platter,/static/media/food/sushi_platter.jpg
天満鮨-駅前店,中とろ握り,sushi_platter,/static/media/food/sushi_platter.jpg
天満鮨-駅前店,大とろ握り,sushi_platter,/static/media/food/sushi_platter.jpg
天満鮨-駅前店,赤身造り,sushi_tuna,/static/media/food/sushi_tuna.jpg
天満鮨-駅前店,中とろ造り,sushi_tuna,/static/media/food/sushi_tuna.jpg
天満鮨-駅前店,大とろ造り,sushi_tuna,/static/media/food/sushi_tuna.jpg
天満鮨-駅前店,握り,sushi_platter,/static/media/food/sushi_platter.jpg
天満鮨-駅前店,炙り,,(tile)
天満鮨-駅前店,マヨネーズ炙り,,(tile)
天満鮨-駅前店,アボカドユッケ,salad_green,
天満鮨-駅前店,千枚漬け,,(tile)
天満鮨-駅前店,唐揚げ,karaage_chicken,/static/media/food/karaage_chicken.jpg
天満鮨-駅前店,塩焼き,,(tile)
天満鮨-駅前店,わさび,,(tile)
天満鮨-駅前店,生姜,,(tile)
天満鮨-駅前店,ゲソ天ぷら,tempura,/static/media/food/tempura.jpg
天満鮨-駅前店,活車海老,sushi_shrimp,
天満鮨-駅前店,ボイル,,(tile)
天満鮨-駅前店,醤油,,(tile)
天満鮨-駅前店,ポン酢,,(tile)
天満鮨-駅前店,レモン塩,,(tile)
天満鮨-駅前店,かば焼き,,(tile)
天満鮨-駅前店,白焼き,,(tile)
天満鮨-駅前店,かば焼き握り,sushi_platter,/static/media/food/sushi_platter.jpg
天満鮨-駅前店,白焼き握り,sushi_platter,/static/media/food/sushi_platter.jpg
天満鮨-駅前店,相盛り焼き,,(tile)
天満鮨-駅前店,煮穴子握り,sushi_platter,/static/media/food/sushi_platter.jpg
天満鮨-駅前店,3種,,(tile)
天満鮨-駅前店,5種,,(tile)
天満鮨-駅前店,7種,,(tile)
天満鮨-駅前店,タタキ,,(tile)
天満鮨-駅前店,白烏賊,sushi_platter,/static/media/food/sushi_platter.jpg
天満鮨-駅前店,アスパラ,,(tile)
天満鮨-駅前店,万願寺とうがらし,,(tile)
天満鮨-駅前店,どんこ椎茸,,(tile)
天満鮨-駅前店,ししゃも味噌干し,,(tile)
天満鮨-駅前店,活車海老塩焼き,sushi_shrimp,
天満鮨-駅前店,大穴子天ぷら,tempura,/static/media/food/tempura.jpg
天満鮨-駅前店,甘海老唐揚げ,karaage_chicken,/static/media/food/karaage_chicken.jpg
天満鮨-駅前店,海老芋唐揚げ,karaage_chicken,/static/media/food/karaage_chicken.jpg
天満鮨-駅前店,カニクリームコロッケ自家製ビスケソース,korokke,/static/media/food/korokke.jpg
天満鮨-駅前店,ふぐ唐揚げ,karaage_chicken,/static/media/food/karaage_chicken.jpg
天満鮨-駅前店,たこ唐揚げ,karaage_chicken,/static/media/food/karaage_chicken.jpg
天満鮨-駅前店,国産活海老唐揚げ,karaage_chicken,/static/media/food/karaage_chicken.jpg
天満鮨-駅前店,エイヒレ炙り,,(tile)
天満鮨-駅前店,イカ炙り,,(tile)
天満鮨-駅前店,だし巻き,tamagoyaki,/static/media/food/tamagoyaki.jpg
天満鮨-駅前店,だし巻きイクラのせ,tamagoyaki,/static/media/food/tamagoyaki.jpg
天満鮨-駅前店,う巻き,sushi_roll,/static/media/food/sushi_roll.jpg
天満鮨-駅前店,さば千枚漬け,,(tile)
天満鮨-駅前店,バイ貝旨煮,sushi_platter,/static/media/food/sushi_platter.jpg
天満鮨-駅前店,たこ柔らか煮,sushi_platter,/static/media/food/sushi_platter.jpg
天満鮨-駅前店,数の子あて,,(tile)
天満鮨-駅前店,銀座のポテトサラダ,salad_green,
天満鮨-駅前店,揚げ饅頭胡麻団子,dorayaki,/static/media/food/dorayaki.jpg
天満鮨-駅前店,生わらび餅,,(tile)
天満鮨-駅前店,季節のシャーベット,icecream_parfait,/static/media/food/icecream_parfait.jpg
天満鮨-駅前店,生わらび餅アイス,icecream_parfait,/static/media/food/icecream_parfait.jpg
天満鮨-駅前店,長芋梅しそ巻き,sushi_roll,/static/media/food/sushi_roll.jpg
天満鮨-駅前店,うな胡巻,,(tile)
天満鮨-駅前店,イカ胡瓜,,(tile)
天満鮨-駅前店,納豆巻,sushi_roll,/static/media/food/sushi_roll.jpg
天満鮨-駅前店,かんぴょう巻,,(tile)
天満鮨-駅前店,とろろ巻,,(tile)
天満鮨-駅前店,とろろ梅しそ巻,,(tile)
天満鮨-駅前店,鉄火巻,sushi_roll,/static/media/food/sushi_roll.jpg
天満鮨-駅前店,とろ鉄火巻,sushi_roll,/static/media/food/sushi_roll.jpg
天満鮨-駅前店,海鮮ユッケ巻,,(tile)
天満鮨-駅前店,海鮮こうじ漬け,,(tile)
天満鮨-駅前店,ホタルイカ沖漬け,,(tile)
天満鮨-駅前店,菜の花にしん漬け,,(tile)
天満鮨-駅前店,鮎塩焼き,,(tile)
天満鮨-駅前店,銀だら西京焼き,,(tile)
天満鮨-駅前店,干ししいたけ炙り,,(tile)
天満鮨-駅前店,うなぎかば焼き,unagi,/static/media/food/unagi.jpg
天満鮨-駅前店,うなぎ白焼き,unagi,/static/media/food/unagi.jpg
天満鮨-駅前店,うなぎ相盛り焼き,unagi,/static/media/food/unagi.jpg
天満鮨-駅前店,たら白子焼き,,(tile)
天満鮨-駅前店,あん肝奈良漬け,,(tile)
天満鮨-駅前店,鯛あら煮付け,,(tile)
天満鮨-駅前店,鯛塩焼き,,(tile)
山岡家,醤油ラーメン,ramen_shoyu,/static/media/food/ramen_shoyu.jpg
山岡家,醤油つけ麺,ramen_tsukemen,/static/media/food/ramen_tsukemen.jpg
山岡家,醤油ネギラーメン,ramen_shoyu,/static/media/food/ramen_shoyu.jpg
山岡家,醤油ピリ辛ネギラーメン,ramen_shoyu,/static/media/food/ramen_shoyu.jpg
山岡家,醤油チャーシュー麺,chashu,/static/media/food/chashu.jpg
山岡家,醤油ネギチャーシュー麺,chashu,/static/media/food/chashu.jpg
山岡家,味噌ラーメン,ramen_miso,/static/media/food/ramen_miso.jpg
山岡家,味噌つけ麺,ramen_tsukemen,/static/media/food/ramen_tsukemen.jpg
山岡家,味噌ネギラーメン,ramen_shoyu,/static/media/food/ramen_shoyu.jpg
山岡家,味噌ピリ辛ネギラーメン,ramen_shoyu,/static/media/food/ramen_shoyu.jpg
山岡家,味噌チャーシュー麺,chashu,/static/media/food/chashu.jpg
山岡家,味噌ネギチャーシュー麺,chashu,/static/media/food/chashu.jpg
山岡家,塩ラーメン,ramen_shoyu,/static/media/food/ramen_shoyu.jpg
山岡家,塩ネギラーメン,ramen_shoyu,/static/media/food/ramen_shoyu.jpg
山岡家,塩ピリ辛ネギラーメン,ramen_shoyu,/static/media/food/ramen_shoyu.jpg
山岡家,塩チャーシュー麺,chashu,/static/media/food/chashu.jpg
山岡家,塩ネギチャーシュー麺,chashu,/static/media/food/chashu.jpg
山岡家,特製味噌ラーメン,ramen_miso,/static/media/food/ramen_miso.jpg
山岡家,特製味噌ネギラーメン,ramen_shoyu,/static/media/food/ramen_shoyu.jpg
山岡家,特製味噌チャーシュー麺,chashu,/static/media/food/chashu.jpg
山岡家,特製味噌ネギチャーシュー麺,chashu,/static/media/food/chashu.jpg
山岡家,辛味噌ラーメン,ramen_miso,/static/media/food/ramen_miso.jpg
山岡家,辛味噌つけ麺,ramen_tsukemen,/static/media/food/ramen_tsukemen.jpg
山岡家,辛味噌ネギラーメン,ramen_shoyu,/static/media/food/ramen_shoyu.jpg
山岡家,辛味噌チャーシュー麺,chashu,/static/media/food/chashu.jpg
山岡家,辛味噌ネギチャーシュー麺,chashu,/static/media/food/chashu.jpg
山岡家,プレミアム醤油とんこつ,ramen_tonkotsu,
山岡家,プレミアム塩とんこつ,ramen_tonkotsu,
山岡家,ウルトラ激辛ラーメン,ramen_shoyu,/static/media/food/ramen_shoyu.jpg
山本のハンバーグ渋谷食堂-TAKE-OUT,ハンバーグ 180g シングル,yakiniku_steak,/static/media/food/yakiniku_steak.jpg
山本のハンバーグ渋谷食堂-TAKE-OUT,ハンバーグ 180g ダブル,yakiniku_steak,/static/media/food/yakiniku_steak.jpg
山本のハンバーグ渋谷食堂-TAKE-OUT,自家製デミハンバーグ シングル,yakiniku_steak,/static/media/food/yakiniku_steak.jpg
山本のハンバーグ渋谷食堂-TAKE-OUT,自家製デミハンバーグ ダブル,yakiniku_steak,/static/media/food/yakiniku_steak.jpg
山本のハンバーグ渋谷食堂-TAKE-OUT,チーズデミハンバーグ シングル,yakiniku_steak,/static/media/food/yakiniku_steak.jpg
山本のハンバーグ渋谷食堂-TAKE-OUT,チーズデミハンバーグ ダブル,yakiniku_steak,/static/media/food/yakiniku_steak.jpg
山本のハンバーグ渋谷食堂-TAKE-OUT,鬼おろしポン酢ハンバーグ シングル,yakiniku_steak,/static/media/food/yakiniku_steak.jpg
山本のハンバーグ渋谷食堂-TAKE-OUT,鬼おろしポン酢ハンバーグ ダブル,yakiniku_steak,/static/media/food/yakiniku_steak.jpg
山本のハンバーグ渋谷食堂-TAKE-OUT,ガーリックハンバーグ シングル,yakiniku_steak,/static/media/food/yakiniku_steak.jpg
山本のハンバーグ渋谷食堂-TAKE-OUT,ガーリックハンバーグ ダブル,yakiniku_steak,/static/media/food/yakiniku_steak.jpg
山本のハンバーグ渋谷食堂-TAKE-OUT,アボカドチーズハンバーグ シングル,yakiniku_steak,/static/media/food/yakiniku_steak.jpg
山本のハンバーグ渋谷食堂-TAKE-OUT,アボカドチーズハンバーグ ダブル,yakiniku_steak,/static/media/food/yakiniku_steak.jpg
山本のハンバーグ渋谷食堂-TAKE-OUT,とろりゴーダチーズ,cheese_plate,
山本のハンバーグ渋谷食堂-TAKE-OUT,国産鶏もも肉唐揚げ (2個),karaage_chicken,/static/media/food/karaage_chicken.jpg
山本のハンバーグ渋谷食堂-TAKE-OUT,あらびきソーセージ (太め1本),sausage,/static/media/food/sausage.jpg
山本のハンバーグ渋谷食堂-TAKE-OUT,宮城県産特別栽培米ひとめぼれ 白飯,gohan_rice,
山本のハンバーグ渋谷食堂-TAKE-OUT,ほっこり手作り 味噌汁,soup_miso,/static/media/food/soup_miso.jpg
山本のハンバーグ渋谷食堂-TAKE-OUT,自家製食べるラー油 (140g),,(tile)
山本のハンバーグ渋谷食堂-TAKE-OUT,産地直送リーフサラダ,salad_green,
山本のハンバーグ渋谷食堂-TAKE-OUT,自家製オニオンドレッシング (150cc),,(tile)
山本のハンバーグ渋谷食堂-TAKE-OUT,国産鶏もも肉唐揚げ (5個),karaage_chicken,/static/media/food/karaage_chicken.jpg
山本のハンバーグ渋谷食堂-TAKE-OUT,あらびきソーセージ (2本),sausage,/static/media/food/sausage.jpg
山本のハンバーグ渋谷食堂-TAKE-OUT,アンチョビポテト,french_fries,/static/media/food/french_fries.jpg
山頭火,しおらーめん,ramen_shoyu,/static/media/food/ramen_shoyu.jpg
山頭火,しょうゆらーめん,ramen_shoyu,/static/media/food/ramen_shoyu.jpg
山頭火,みそらーめん,ramen_shoyu,/static/media/food/ramen_shoyu.jpg
山頭火,辛味噌らーめん,ramen_shoyu,/static/media/food/ramen_shoyu.jpg
山頭火,チャーシューめん（しお）,chashu,/static/media/food/chashu.jpg
山頭火,特選とろ肉 らーめん（しお）,ramen_shoyu,/static/media/food/ramen_shoyu.jpg
山頭火,特選とろ肉,,(tile)
山頭火,ねぎめし,,(tile)
山頭火,半熟たまご,tamago_egg,/static/media/food/tamago_egg.jpg
山頭火,焼き餃子,gyoza,
幸楽苑,中華そば,ramen_shoyu,/static/media/food/ramen_shoyu.jpg
幸楽苑,ねぎらーめん,ramen_shoyu,/static/media/food/ramen_shoyu.jpg
幸楽苑,スタミナらーめん,ramen_shoyu,/static/media/food/ramen_shoyu.jpg
幸楽苑,背脂中華そば,ramen_shoyu,/static/media/food/ramen_shoyu.jpg
幸楽苑,プレミアム醤油,,(tile)
幸楽苑,味よし中華そば,ramen_shoyu,/static/media/food/ramen_shoyu.jpg
幸楽苑,味よし中華そば＆半ライスセット,teishoku,/static/media/food/teishoku.jpg
幸楽苑,味よし中華そば＆焼餃子セット,teishoku,/static/media/food/teishoku.jpg
幸楽苑,味よし中華そば＆焼餃子＆半ライスセット,teishoku,/static/media/food/teishoku.jpg
幸楽苑,パーコー風からあげらーめん,ramen_shoyu,/static/media/food/ramen_shoyu.jpg
幸楽苑,パーコー風からあげらーめん＆半ライス,gohan_rice,
幸楽苑,パーコー風からあげらーめん＆焼餃子セット,teishoku,/static/media/food/teishoku.jpg
幸楽苑,パーコー風からあげらーめん＆焼餃子＆半ライス,gohan_rice,
幸楽苑,メガ中華そば,ramen_shoyu,/static/media/food/ramen_shoyu.jpg
幸楽苑,プレミアム醤油セット,teishoku,/static/media/food/teishoku.jpg
幸楽苑,からあげらーめん,ramen_shoyu,/static/media/food/ramen_shoyu.jpg
幸楽苑,味噌らーめん,ramen_shoyu,/static/media/food/ramen_shoyu.jpg
幸楽苑,味噌ねぎらーめん,ramen_shoyu,/static/media/food/ramen_shoyu.jpg
幸楽苑,味噌野菜たんめん,,(tile)
幸楽苑,味噌バターコーンらーめん,ramen_shoyu,/static/media/food/ramen_shoyu.jpg
幸楽苑,プレミアム味噌,,(tile)
幸楽苑,プレミアム味噌セット,teishoku,/static/media/food/teishoku.jpg
幸楽苑,からあげ味噌らーめん,ramen_shoyu,/static/media/food/ramen_shoyu.jpg
幸楽苑,塩らーめん,ramen_shoyu,/static/media/food/ramen_shoyu.jpg
幸楽苑,塩ねぎらーめん,ramen_shoyu,/static/media/food/ramen_shoyu.jpg
幸楽苑,塩野菜たんめん,,(tile)
幸楽苑,塩バターコーンらーめん,ramen_shoyu,/static/media/food/ramen_shoyu.jpg
幸楽苑,プレミアム塩,,(tile)
幸楽苑,プレミアム塩セット,teishoku,/static/media/food/teishoku.jpg
幸楽苑,からあげ塩らーめん,ramen_shoyu,/static/media/food/ramen_shoyu.jpg
幸楽苑,つけめん,ramen_tsukemen,/static/media/food/ramen_tsukemen.jpg
幸楽苑,メガつけめん,ramen_tsukemen,/static/media/food/ramen_tsukemen.jpg
幸楽苑,つけ麺,ramen_tsukemen,/static/media/food/ramen_tsukemen.jpg
幸楽苑,つけ麺＆半ライスセット,teishoku,/static/media/food/teishoku.jpg
幸楽苑,つけ麺＆焼餃子セット,teishoku,/static/media/food/teishoku.jpg
幸楽苑,つけ麺＆焼餃子＆半ライスセット,teishoku,/static/media/food/teishoku.jpg
幸楽苑,からあげ定食,teishoku,/static/media/food/teishoku.jpg
幸楽苑,餃子からあげ定食,teishoku,/static/media/food/teishoku.jpg
幸楽苑,餃子定食,teishoku,/static/media/food/teishoku.jpg
幸楽苑,Ｗ餃子定食,teishoku,/static/media/food/teishoku.jpg
幸楽苑,庄助セット,teishoku,/static/media/food/teishoku.jpg
幸楽苑,チャーシューとメンマとザーサイの盛り合わせセット,teishoku,/static/media/food/teishoku.jpg
幸楽苑,メンマとザーサイの青菜炒めセット,teishoku,/static/media/food/teishoku.jpg
幸楽苑,メンマとザーサイのねぎラー油和えセット,teishoku,/static/media/food/teishoku.jpg
幸楽苑,野菜炒めセット(15時～),teishoku,/static/media/food/teishoku.jpg
幸楽苑,W餃子チャーハンセット(15時～),teishoku,/static/media/food/teishoku.jpg
幸楽苑,レバニラ炒めセット(15時～),teishoku,/static/media/food/teishoku.jpg
幸楽苑,旨辛の極み土鍋四川麻婆豆腐セット(15時～),teishoku,/static/media/food/teishoku.jpg
幸楽苑,ふんわり玉子と土鍋エビチリソースセット,teishoku,/static/media/food/teishoku.jpg
幸楽苑,塩とんこつらーめん,ramen_shoyu,/static/media/food/ramen_shoyu.jpg
幸楽苑,塩とんこつらーめん＆半ライス,gohan_rice,
幸楽苑,塩とんこつらーめん＆焼餃子,gyoza,
幸楽苑,塩とんこつらーめん＆焼餃子＆半ライス,gohan_rice,
幸楽苑,会津レッド,,(tile)
幸楽苑,冷し味噌らーめん,ramen_shoyu,/static/media/food/ramen_shoyu.jpg
幸楽苑,冷し中華,,(tile)
幸楽苑,冷し担担麺,,(tile)
幸楽苑,冷し麻辣担担麺,,(tile)
幸楽苑,お子様らーめん,ramen_shoyu,/static/media/food/ramen_shoyu.jpg
幸楽苑,お子様らーめんセット,teishoku,/static/media/food/teishoku.jpg
幸楽苑,お子様チャーハンセット,teishoku,/static/media/food/teishoku.jpg
幸楽苑,お子様デザートセット,teishoku,/static/media/food/teishoku.jpg
幸楽苑,からあげ,karaage_chicken,/static/media/food/karaage_chicken.jpg
幸楽苑,ポテトS,french_fries,/static/media/food/french_fries.jpg
幸楽苑,ポテトM,french_fries,/static/media/food/french_fries.jpg
幸楽苑,ポテトL,french_fries,/static/media/food/french_fries.jpg
幸楽苑,ミニからあげ丼,donburi_rice,/static/media/food/donburi_rice.jpg
幸楽苑,ミニからあげ丼（タルタル）,donburi_rice,/static/media/food/donburi_rice.jpg
幸楽苑,焼餃子,gyoza,
幸楽苑,おつまみ餃子（バジリコソース）,gyoza,
幸楽苑,おつまみ餃子（ナポリタンソース）,gyoza,
幸楽苑,おつまみ餃子（カレーソース）,gyoza,
幸楽苑,おつまみ餃子（タルタルソース）,gyoza,
幸楽苑,おつまみ餃子4種全部盛り,gyoza,
幸楽苑,味よしのもつ煮込み,motsunabe,/static/media/food/motsunabe.jpg
幸楽苑,大判鶏モモ１枚から揚げ,karaage_chicken,/static/media/food/karaage_chicken.jpg
幸楽苑,枝豆,edamame,/static/media/food/edamame.jpg
幸楽苑,ピリ辛枝豆,edamame,/static/media/food/edamame.jpg
幸楽苑,たたききゅうり,,(tile)
幸楽苑,煮たまご,tamago_egg,/static/media/food/tamago_egg.jpg
幸楽苑,メンマ,,(tile)
幸楽苑,白菜キムチ,kimchi,/static/media/food/kimchi.jpg
幸楽苑,味よし特製の葱ザーサイ,,(tile)
幸楽苑,いかげそから揚げ,karaage_chicken,/static/media/food/karaage_chicken.jpg
幸楽苑,大判あじフライ,fry_seafood,/static/media/food/fry_seafood.jpg
幸楽苑,もやしナムル,namul,/static/media/food/namul.jpg
幸楽苑,冷やっこ,,(tile)
幸楽苑,麻辣やっこ,,(tile)
幸楽苑,オニオンスライス,gohan_rice,
幸楽苑,ちょっとおつまみ3種盛り,,(tile)
幸楽苑,肉味噌もやし,,(tile)
幸楽苑,ポテサラチャーシューのせ,chashu,/static/media/food/chashu.jpg
幸楽苑,よだれ鶏,,(tile)
幸楽苑,炙りチャーシュー,chashu,/static/media/food/chashu.jpg
幸楽苑,チャーシューエッグ,chashu,/static/media/food/chashu.jpg
幸楽苑,フライドポテト,french_fries,/static/media/food/french_fries.jpg
幸楽苑,味よし自慢の昔ながらのハムカツ,tonkatsu_pork,/static/media/food/tonkatsu_pork.jpg
幸楽苑,半ライス,gohan_rice,
幸楽苑,ライス,gohan_rice,
幸楽苑,大ライス,gohan_rice,
幸楽苑,ハーフカレーライス,curry_rice,/static/media/food/curry_rice.jpg
幸楽苑,餃子,gyoza,
幸楽苑,ダブル餃子,gyoza,
幸楽苑,チャーハン,chahan,/static/media/food/chahan.jpg
幸楽苑,カレーライス,curry_rice,/static/media/food/curry_rice.jpg
幸楽苑,チャーシュー丼,donburi_rice,/static/media/food/donburi_rice.jpg
幸楽苑,野菜炒め(15時～),yasai_itame,/static/media/food/yasai_itame.jpg
幸楽苑,レバニラ炒め(15時～),,(tile)
幸楽苑,旨辛の極み土鍋四川麻婆豆腐(15時～),mapo_tofu,/static/media/food/mapo_tofu.jpg
幸楽苑,ふんわり玉子と土鍋エビチリソース(15時～),ebi_chili,/static/media/food/ebi_chili.jpg
幸楽苑,中華スープセット,teishoku,/static/media/food/teishoku.jpg
幸楽苑,唐辛し,,(tile)
幸楽苑,にんにく,,(tile)
幸楽苑,辛しにんにく,,(tile)
幸楽苑,節粉,,(tile)
幸楽苑,味玉,,(tile)
幸楽苑,千切りネギ,,(tile)
幸楽苑,温泉玉子,tamago_egg,/static/media/food/tamago_egg.jpg
幸楽苑,背脂,,(tile)
幸楽苑,赤マー油,,(tile)
幸楽苑,コーン,,(tile)
幸楽苑,バター,,(tile)
幸楽苑,のり(5枚),,(tile)
幸楽苑,ボイル野菜,,(tile)
幸楽苑,単品チャーシュー3枚,chashu,/static/media/food/chashu.jpg
幸楽苑,単品チャーシュープレミアム,chashu,/static/media/food/chashu.jpg
幸楽苑,ザーサイ,,(tile)
幸楽苑,キムチ,kimchi,/static/media/food/kimchi.jpg
幸楽苑,チャーシューとメンマとザーサイの盛り合わせ,chashu,/static/media/food/chashu.jpg
幸楽苑,メンマとザーサイの青菜炒め,,(tile)
幸楽苑,メンマとザーサイのねぎラー油和え,,(tile)
幸楽苑,樽ハイ倶楽部レモンサワー(缶),chuhai,/static/media/food/chuhai.jpg
幸楽苑,ブラックニッカハイボール(缶),whisky,/static/media/food/whisky.jpg
幸楽苑,(一杯目限定)いきなりメガハイボール,whisky,/static/media/food/whisky.jpg
幸楽苑,ジムビームハイボール,whisky,/static/media/food/whisky.jpg
幸楽苑,ジムビームメガハイボール,whisky,/static/media/food/whisky.jpg
幸楽苑,コーラハイボール,whisky,/static/media/food/whisky.jpg
幸楽苑,ジンジャーハイボール,whisky,/static/media/food/whisky.jpg
幸楽苑,翠ジンソーダ,juice_beverage,/static/media/food/juice_beverage.jpg
幸楽苑,翠ジンジンジャーソーダ,juice_beverage,/static/media/food/juice_beverage.jpg
幸楽苑,ワールドウイスキー 碧Ao,whisky,/static/media/food/whisky.jpg
幸楽苑,碧Aoハイボール,whisky,/static/media/food/whisky.jpg
幸楽苑,こだわり酒場のレモンサワー,chuhai,/static/media/food/chuhai.jpg
幸楽苑,メガレモンサワー,chuhai,/static/media/food/chuhai.jpg
幸楽苑,こだわり酒場のタコハイ,chuhai,/static/media/food/chuhai.jpg
幸楽苑,メガタコハイ,chuhai,/static/media/food/chuhai.jpg
幸楽苑,バイスサワー,chuhai,/static/media/food/chuhai.jpg
幸楽苑,梅干しサワー,chuhai,/static/media/food/chuhai.jpg
幸楽苑,青リンゴサワー,chuhai,/static/media/food/chuhai.jpg
幸楽苑,トマトハイ,chuhai,/static/media/food/chuhai.jpg
幸楽苑,緑茶ハイ,chuhai,/static/media/food/chuhai.jpg
幸楽苑,JJ(ジャスミン茶割),tea_matcha,/static/media/food/tea_matcha.jpg
幸楽苑,JS（ソーダ割),juice_beverage,/static/media/food/juice_beverage.jpg
幸楽苑,JR(緑茶割),green_tea,/static/media/food/green_tea.jpg
幸楽苑,健康青汁ハイ,chuhai,/static/media/food/chuhai.jpg
幸楽苑,酔わない梅酒,beer_alcohol,/static/media/food/beer_alcohol.jpg
幸楽苑,酔わない梅酒(ソーダ割）,beer_alcohol,/static/media/food/beer_alcohol.jpg
幸楽苑,酔わないバイスサワー,chuhai,/static/media/food/chuhai.jpg
幸楽苑,酔わない青リンゴサワー,chuhai,/static/media/food/chuhai.jpg
幸楽苑,酔わないジンジャーサワー,chuhai,/static/media/food/chuhai.jpg
幸楽苑,オールフリー,,(tile)
幸楽苑,梅酒,beer_alcohol,/static/media/food/beer_alcohol.jpg
幸楽苑,梅酒(ソーダ割),beer_alcohol,/static/media/food/beer_alcohol.jpg
幸楽苑,大隅(麦）,,(tile)
幸楽苑,大隅(芋）,,(tile)
幸楽苑,ワンカップワイン(赤)180ml,wine_drink,/static/media/food/wine_drink.jpg
幸楽苑,ワンカップワイン(白)180ml,wine_drink,/static/media/food/wine_drink.jpg
幸楽苑,結芽の奏 純米大吟醸(300ml),sake_drink,/static/media/food/sake_drink.jpg
幸楽苑,結芽の奏 純米大吟醸180ml（フル－ティ－タイプ）,sake_drink,/static/media/food/sake_drink.jpg
幸楽苑,花春 濃醇 純米酒(300ml),beer_alcohol,/static/media/food/beer_alcohol.jpg
幸楽苑,プレミアムモルツ グラス,,(tile)
幸楽苑,プレミアムモルツ ジョッキ,,(tile)
幸楽苑,サントリービアボールグラス,,(tile)
幸楽苑,緑茶,green_tea,/static/media/food/green_tea.jpg
幸楽苑,健康青汁,,(tile)
幸楽苑,ペプシコーラ,cola_drink,/static/media/food/cola_drink.jpg
幸楽苑,コーラフロート,juice_beverage,/static/media/food/juice_beverage.jpg
幸楽苑,トマトジュース,juice_beverage,/static/media/food/juice_beverage.jpg
幸楽苑,オレンジジュース,juice_beverage,/static/media/food/juice_beverage.jpg
幸楽苑,花春大吟醸 180㏄,sake_drink,/static/media/food/sake_drink.jpg
幸楽苑,花春れもんのお酒,beer_alcohol,/static/media/food/beer_alcohol.jpg
幸楽苑,POPメロンソーダ,juice_beverage,/static/media/food/juice_beverage.jpg
幸楽苑,なっちゃんアップル,,(tile)
幸楽苑,サントリーウーロン茶,oolong_tea,
幸楽苑,ジャスミン茶,tea_matcha,/static/media/food/tea_matcha.jpg
幸楽苑,サントリービアボールセット,teishoku,/static/media/food/teishoku.jpg
幸楽苑,サントリービアボール,,(tile)
幸楽苑,アサヒスーパードライジョッキ,,(tile)
幸楽苑,アサヒスーパードライ小ジョッキ,,(tile)
幸楽苑,瓶ビール(中瓶),beer_alcohol,/static/media/food/beer_alcohol.jpg
幸楽苑,ドライゼロ(小瓶),,(tile)
幸楽苑,焼酎ソーダ,juice_beverage,/static/media/food/juice_beverage.jpg
幸楽苑,ウーロンハイ,chuhai,/static/media/food/chuhai.jpg
幸楽苑,コーラサワー,chuhai,/static/media/food/chuhai.jpg
幸楽苑,ハイボール,whisky,/static/media/food/whisky.jpg
幸楽苑,レモンサワー,chuhai,/static/media/food/chuhai.jpg
幸楽苑,会津花春大吟醸,sake_drink,/static/media/food/sake_drink.jpg
幸楽苑,花春白ぶどうのお酒,beer_alcohol,/static/media/food/beer_alcohol.jpg
幸楽苑,青りんごサワー,chuhai,/static/media/food/chuhai.jpg
幸楽苑,バニラアイス,icecream_parfait,/static/media/food/icecream_parfait.jpg
幸楽苑,アンニン豆腐,,(tile)
幸楽苑,おみやげ焼き餃子,gyoza,
幸楽苑,おみやげ焼きW餃子,gyoza,
幸楽苑,お持ち帰り幸楽苑のメンマ,,(tile)
幸楽苑,お持ち帰り幸楽苑の味付ザーサイ,,(tile)
恵比寿-土鍋炊ごはん-なかいよ-定食,若鶏の唐揚げ 定食,karaage_chicken,/static/media/food/karaage_chicken.jpg
恵比寿-土鍋炊ごはん-なかいよ-定食,若鶏のみぞれ和え 定食,teishoku,/static/media/food/teishoku.jpg
恵比寿-土鍋炊ごはん-なかいよ-定食,チキン南蛮 定食,karaage_chicken,/static/media/food/karaage_chicken.jpg
恵比寿-土鍋炊ごはん-なかいよ-定食,肉じゃが 定食,teishoku,/static/media/food/teishoku.jpg
恵比寿-土鍋炊ごはん-なかいよ-定食,さばの味噌煮 定食,teishoku,/static/media/food/teishoku.jpg
恵比寿-土鍋炊ごはん-なかいよ-定食,若鶏と茄子の柚子おろし 定食,teishoku,/static/media/food/teishoku.jpg
恵比寿-土鍋炊ごはん-なかいよ-定食,さばの塩焼き 定食,teishoku,/static/media/food/teishoku.jpg
恵比寿-土鍋炊ごはん-なかいよ-定食,さばのみりん干し 定食,teishoku,/static/media/food/teishoku.jpg
恵比寿-土鍋炊ごはん-なかいよ-定食,しまほっけ 定食,teishoku,/static/media/food/teishoku.jpg
恵比寿-土鍋炊ごはん-なかいよ-定食,茄子と豚肉の味噌炒め 定食,teishoku,/static/media/food/teishoku.jpg
日高屋,五目あんかけラーメン,ramen_shoyu,/static/media/food/ramen_shoyu.jpg
日高屋,中華そば,ramen_shoyu,/static/media/food/ramen_shoyu.jpg
日高屋,カタヤキソバ【店舗限定】,yakisoba,/static/media/food/yakisoba.jpg
日高屋,半ラーメン,ramen_shoyu,/static/media/food/ramen_shoyu.jpg
日高屋,麻婆麺,mapo_tofu,/static/media/food/mapo_tofu.jpg
日高屋,塩焼きそば,yakisoba,/static/media/food/yakisoba.jpg
日高屋,とんこつラーメン,ramen_tonkotsu,
日高屋,野菜たっぷりタンメン（麺少なめ）,,(tile)
日高屋,野菜たっぷりタンメン,,(tile)
日高屋,味噌ラーメン,ramen_miso,/static/media/food/ramen_miso.jpg
日高屋,中華そば＋半チャーハンセット,teishoku,/static/media/food/teishoku.jpg
日高屋,とんこつラーメン＋半チャーハンセット,teishoku,/static/media/food/teishoku.jpg
日高屋,野菜たっぷりタンメン＋半チャーハンセット,teishoku,/static/media/food/teishoku.jpg
日高屋,中華そば＋餃子６個セット,teishoku,/static/media/food/teishoku.jpg
日高屋,とんこつラーメン＋餃子６個セット,teishoku,/static/media/food/teishoku.jpg
日高屋,ラ餃チャセット,teishoku,/static/media/food/teishoku.jpg
日高屋,野菜たっぷりタンメン＋餃子６個セット,teishoku,/static/media/food/teishoku.jpg
日高屋,中華そば＋半チャーハン＋餃子３個セット,teishoku,/static/media/food/teishoku.jpg
日高屋,とんこつラーメン＋半チャーハン＋餃子３個セット,teishoku,/static/media/food/teishoku.jpg
日高屋,野菜たっぷりタンメン＋半チャーハン＋餃子３個セット,teishoku,/static/media/food/teishoku.jpg
日高屋,五目あんかけラーメン＋餃子６個セット,teishoku,/static/media/food/teishoku.jpg
日高屋,五目あんかけラーメン＋餃子３個セット,teishoku,/static/media/food/teishoku.jpg
日高屋,味噌ラーメン＋半チャーハン＋餃子３個セット,teishoku,/static/media/food/teishoku.jpg
日高屋,味噌ラーメン+餃子６個セット,teishoku,/static/media/food/teishoku.jpg
日高屋,麻婆豆腐定食+餃子３個,gyoza,
日高屋,玉子とキクラゲ炒め定食＋餃子３個,gyoza,
日高屋,味噌ラーメン＋半チャーハンセット,teishoku,/static/media/food/teishoku.jpg
日高屋,天津飯＋半ラーメン,ramen_shoyu,/static/media/food/ramen_shoyu.jpg
日高屋,天津飯+餃子６個,gyoza,
日高屋,W餃子定食（唐揚げ２個）,teishoku,/static/media/food/teishoku.jpg
日高屋,W餃子定食（白菜キムチ）,teishoku,/static/media/food/teishoku.jpg
日高屋,野菜炒め定食,teishoku,/static/media/food/teishoku.jpg
日高屋,肉野菜炒め定食,teishoku,/static/media/food/teishoku.jpg
日高屋,麻婆豆腐定食,teishoku,/static/media/food/teishoku.jpg
日高屋,青椒肉絲定食,teishoku,/static/media/food/teishoku.jpg
日高屋,回鍋肉定食,teishoku,/static/media/food/teishoku.jpg
日高屋,玉子とキクラゲ炒め定食,teishoku,/static/media/food/teishoku.jpg
日高屋,生姜焼き定食,teishoku,/static/media/food/teishoku.jpg
日高屋,唐揚げ定食,teishoku,/static/media/food/teishoku.jpg
日高屋,ニラレバ炒め定食,teishoku,/static/media/food/teishoku.jpg
日高屋,ニラレバ炒め定食＋餃子３個,gyoza,
日高屋,生姜焼き定食＋餃子３個,gyoza,
日高屋,中華丼【店舗限定】,donburi_rice,/static/media/food/donburi_rice.jpg
日高屋,中華丼大盛【店舗限定】,donburi_rice,/static/media/food/donburi_rice.jpg
日高屋,半チャーハン,chahan,/static/media/food/chahan.jpg
日高屋,半ライス,gohan_rice,
日高屋,ライス,gohan_rice,
日高屋,ライス大盛,gohan_rice,
日高屋,野菜炒め単品,yasai_itame,/static/media/food/yasai_itame.jpg
日高屋,天津飯大盛,tenshinhan,/static/media/food/tenshinhan.jpg
日高屋,麻婆豆腐,mapo_tofu,/static/media/food/mapo_tofu.jpg
日高屋,青椒肉絲,,(tile)
日高屋,回鍋肉,,(tile)
日高屋,玉子とキクラゲ炒め,tamago_egg,/static/media/food/tamago_egg.jpg
日高屋,肉野菜炒め単品,yasai_itame,/static/media/food/yasai_itame.jpg
日高屋,生姜焼き単品,tonkatsu_pork,/static/media/food/tonkatsu_pork.jpg
日高屋,唐揚げ単品,karaage_chicken,/static/media/food/karaage_chicken.jpg
日高屋,ニラレバ炒め単品,,(tile)
日高屋,ライスセット（ライス+スープ+漬物付）,teishoku,/static/media/food/teishoku.jpg
日高屋,スープ,soup_miso,/static/media/food/soup_miso.jpg
日高屋,天津飯,tenshinhan,/static/media/food/tenshinhan.jpg
日高屋,チャーハン,chahan,/static/media/food/chahan.jpg
日高屋,チャーハン（大盛）,chahan,/static/media/food/chahan.jpg
日高屋,北海道産コロッケ,korokke,/static/media/food/korokke.jpg
日高屋,おつまみネギチャーシュー,chashu,/static/media/food/chashu.jpg
日高屋,餃子（6個）,gyoza,
日高屋,ニラ玉子焼き,tamagoyaki,/static/media/food/tamagoyaki.jpg
日高屋,腸詰め,,(tile)
日高屋,餃子（3個）,gyoza,
日高屋,中華風味付けメンマ,,(tile)
日高屋,枝豆,edamame,/static/media/food/edamame.jpg
日高屋,そら豆,,(tile)
日高屋,白菜キムチ,kimchi,/static/media/food/kimchi.jpg
日高屋,やきとり（ネギ和え）,yakitori,/static/media/food/yakitori.jpg
日高屋,マカロニサラダ,salad_green,
日高屋,粗挽きウィンナー,sausage,/static/media/food/sausage.jpg
日高屋,冷奴,hiyayakko,/static/media/food/hiyayakko.jpg
日高屋,三品盛合わせ（メンマ･キムチ･やきとりネギ和え）,yakitori,/static/media/food/yakitori.jpg
日高屋,イカ揚げ,,(tile)
日高屋,チーズ巻き,sushi_roll,/static/media/food/sushi_roll.jpg
日高屋,おつまみ唐揚げ,karaage_chicken,/static/media/food/karaage_chicken.jpg
日高屋,皮付きポテトフライ,fry_seafood,/static/media/food/fry_seafood.jpg
日高屋,イワシフライ,fry_seafood,/static/media/food/fry_seafood.jpg
日高屋,五目春巻き,sushi_roll,/static/media/food/sushi_roll.jpg
日高屋,コリ旨！砂肝,horumon,
日高屋,ドラゴンチキン,karaage_chicken,/static/media/food/karaage_chicken.jpg
日高屋,おかわりウォッカ（中）,,(tile)
日高屋,ホッピー（外）,,(tile)
日高屋,ウィスキーダブル,whisky,/static/media/food/whisky.jpg
日高屋,日本酒,sake_drink,/static/media/food/sake_drink.jpg
日高屋,紹興貴酒（ボトル）,beer_alcohol,/static/media/food/beer_alcohol.jpg
日高屋,紹興貴酒（グラス）,beer_alcohol,/static/media/food/beer_alcohol.jpg
日高屋,キリン一番搾り（生）中瓶,,(tile)
日高屋,ハイボール,whisky,/static/media/food/whisky.jpg
日高屋,ホッピーセット,teishoku,/static/media/food/teishoku.jpg
日高屋,生冷酒,sake_drink,/static/media/food/sake_drink.jpg
日高屋,レモンサワー,chuhai,/static/media/food/chuhai.jpg
日高屋,ウーロンハイ,chuhai,/static/media/food/chuhai.jpg
日高屋,緑茶ハイ,chuhai,/static/media/food/chuhai.jpg
日高屋,ウォッカ（お湯･水･ソーダ）割り,juice_beverage,/static/media/food/juice_beverage.jpg
日高屋,からだすこやか茶W,tea_matcha,/static/media/food/tea_matcha.jpg
日高屋,コカ・コーラ,cola_drink,/static/media/food/cola_drink.jpg
日高屋,キリン一番搾り（生）ジョッキ,,(tile)
日高屋,ドラゴンハイボール,whisky,/static/media/food/whisky.jpg
日高屋,紹興酒 古越龍山善醸仕込み グラス（90㎖）,beer_alcohol,/static/media/food/beer_alcohol.jpg
日高屋,紹興酒 古越龍山善醸仕込み ボトル（600㎖）,beer_alcohol,/static/media/food/beer_alcohol.jpg
日高屋,チャーシュー（3枚）,chashu,/static/media/food/chashu.jpg
日高屋,秘伝の辛味噌,,(tile)
日高屋,細切りネギ,,(tile)
日高屋,メンマ,,(tile)
春木屋,中華そば,ramen_shoyu,/static/media/food/ramen_shoyu.jpg
春木屋,中華そば (大盛),ramen_shoyu,/static/media/food/ramen_shoyu.jpg
春木屋,味玉中華そば,ramen_shoyu,/static/media/food/ramen_shoyu.jpg
春木屋,味玉中華そば (大盛),ramen_shoyu,/static/media/food/ramen_shoyu.jpg
春木屋,わんたん麺,,(tile)
春木屋,わんたん麺 (大盛),,(tile)
春木屋,味玉わんたん麺,,(tile)
春木屋,味玉わんたん麺 (大盛),,(tile)
春木屋,ちゃーしゅー麺,,(tile)
春木屋,ちゃーしゅー麺 (大盛),,(tile)
春木屋,味玉ちゃーしゅー麺,,(tile)
春木屋,味玉ちゃーしゅー麺 (大盛),,(tile)
春木屋,特製中華そば,ramen_shoyu,/static/media/food/ramen_shoyu.jpg
春木屋,特製中華そば (大盛),ramen_shoyu,/static/media/food/ramen_shoyu.jpg
春木屋,油そば (並盛),ramen_shoyu,/static/media/food/ramen_shoyu.jpg
春木屋,油そば (大盛),ramen_shoyu,/static/media/food/ramen_shoyu.jpg
春木屋,味玉油そば (並盛),ramen_shoyu,/static/media/food/ramen_shoyu.jpg
春木屋,味玉油そば (大盛),ramen_shoyu,/static/media/food/ramen_shoyu.jpg
春木屋,つけ麺 (並盛),ramen_tsukemen,/static/media/food/ramen_tsukemen.jpg
春木屋,つけ麺 (大盛),ramen_tsukemen,/static/media/food/ramen_tsukemen.jpg
春木屋,味玉つけ麺 (並盛),ramen_tsukemen,/static/media/food/ramen_tsukemen.jpg
春木屋,味玉つけ麺 (大盛),ramen_tsukemen,/static/media/food/ramen_tsukemen.jpg
春木屋,納豆つけ麺 (並盛),ramen_tsukemen,/static/media/food/ramen_tsukemen.jpg
春木屋,納豆つけ麺 (大盛),ramen_tsukemen,/static/media/food/ramen_tsukemen.jpg
春木屋,味玉納豆つけ麺 (並盛),ramen_tsukemen,/static/media/food/ramen_tsukemen.jpg
春木屋,味玉納豆つけ麺 (大盛),ramen_tsukemen,/static/media/food/ramen_tsukemen.jpg
春木屋,ちゃーしゅーご飯,gohan_rice,
春木屋,ミニとろろ昆布カレー,curry_rice,/static/media/food/curry_rice.jpg
春木屋,白ごはん,gohan_rice,
春木屋,皿わんたん,,(tile)
春木屋,得盛り,,(tile)
春木屋,瓶ビール中瓶 (赤星),beer_alcohol,/static/media/food/beer_alcohol.jpg
春木屋,瓶ビール小瓶 (黒ラベル),beer_alcohol,/static/media/food/beer_alcohol.jpg
春木屋,ノンアルコールビール (プレミアムアルコールフリー),beer_alcohol,/static/media/food/beer_alcohol.jpg
春木屋,三ツ矢サイダー (瓶),,(tile)
春木屋,カルピス (瓶),,(tile)
春木屋,黒ウーロン茶 (瓶),oolong_tea,
春木屋,コカ・コーラ (瓶),cola_drink,/static/media/food/cola_drink.jpg
春木屋,バヤリースオレンジ (瓶),,(tile)
春木屋,ねぎ,,(tile)
春木屋,ちゃーしゅー2枚,,(tile)
春木屋,味付玉子,tamago_egg,/static/media/food/tamago_egg.jpg
春木屋,生玉子,tamago_egg,/static/media/food/tamago_egg.jpg
春木屋,めんま,,(tile)
春木屋,お子様ラーメン,ramen_shoyu,/static/media/food/ramen_shoyu.jpg
東京からあげ専門店-からから家,からカリ (もも肉),,(tile)
東京からあげ専門店-からから家,極みゴマだれ,,(tile)
東京からあげ専門店-からから家,からからにんにく,,(tile)
東京からあげ専門店-からから家,塩からカリ (もも肉),,(tile)
東京からあげ専門店-からから家,パリパリ皮せんべい,,(tile)
東京からあげ専門店-からから家,からから船,,(tile)
東京からあげ専門店-からから家,ねぎ塩ダレ,,(tile)
東京チカラめし,元祖 焼き牛丼,gyudon_beef,/static/media/food/gyudon_beef.jpg
東京チカラめし,神戸牛 焼き牛丼,gyudon_beef,/static/media/food/gyudon_beef.jpg
東京チカラめし,チーズたっぷり焼き牛丼,gyudon_beef,/static/media/food/gyudon_beef.jpg
東京チカラめし,のりキムチ焼き牛丼,gyudon_beef,/static/media/food/gyudon_beef.jpg
東京チカラめし,チカラ丼（牛・豚・鶏 金のせ）,donburi_rice,/static/media/food/donburi_rice.jpg
東京チカラめし,ガーリックねぎ焼き牛丼,gyudon_beef,/static/media/food/gyudon_beef.jpg
東京チカラめし,塩だれねぎ焼き牛丼,gyudon_beef,/static/media/food/gyudon_beef.jpg
東京チカラめし,おろしポン酢焼き牛丼,gyudon_beef,/static/media/food/gyudon_beef.jpg
東京チカラめし,神戸牛 焼肉定食（肉140g）,teishoku,/static/media/food/teishoku.jpg
東京チカラめし,野菜牛焼肉 ＆ からあげ2個 定食,yakiniku_steak,/static/media/food/yakiniku_steak.jpg
東京チカラめし,チカラ定食（牛・豚・鶏 金のせ）,teishoku,/static/media/food/teishoku.jpg
東京チカラめし,焼き牛皿定食,teishoku,/static/media/food/teishoku.jpg
東京チカラめし,お肉2倍 焼き牛皿定食,teishoku,/static/media/food/teishoku.jpg
東京チカラめし,生姜焼き定食,teishoku,/static/media/food/teishoku.jpg
東京チカラめし,お肉2倍 生姜焼き定食,teishoku,/static/media/food/teishoku.jpg
東京チカラめし,ロースとんかつ定食,teishoku,/static/media/food/teishoku.jpg
東京チカラめし,ロースとんかつ定食（おろしポン酢）,teishoku,/static/media/food/teishoku.jpg
東京チカラめし,チカラめしのカレー,curry_rice,/static/media/food/curry_rice.jpg
東京チカラめし,ロースかつカレー,curry_rice,/static/media/food/curry_rice.jpg
東京チカラめし,からあげカレー,curry_rice,/static/media/food/curry_rice.jpg
東京チカラめし,チカラめし焼き牛カレー,curry_rice,/static/media/food/curry_rice.jpg
東京チカラめし,自家製 鶏からあげ定食,teishoku,/static/media/food/teishoku.jpg
東京チカラめし,自家製 鶏からあげ定食（ねぎにんにくだれ）,teishoku,/static/media/food/teishoku.jpg
東京チカラめし,自家製 鶏からあげ定食（おろしポン酢）,teishoku,/static/media/food/teishoku.jpg
東京チカラめし,自家製 鶏からあげ定食（タルタル南蛮）,teishoku,/static/media/food/teishoku.jpg
東京チカラめし,サラダセット（味噌汁付）,teishoku,/static/media/food/teishoku.jpg
東京チカラめし,玉子セット（味噌汁付）,teishoku,/static/media/food/teishoku.jpg
東京チカラめし,キムチセット（味噌汁付）,teishoku,/static/media/food/teishoku.jpg
東京チカラめし,唐揚げ2個セット（味噌汁付）,teishoku,/static/media/food/teishoku.jpg
松のや,シュクメルリロースかつ定食,teishoku,/static/media/food/teishoku.jpg
松のや,シュクメルリジャンボチキンかつ定食,teishoku,/static/media/food/teishoku.jpg
松のや,にんにく醤油の“揚げる”厚切り豚テキ定食,teishoku,/static/media/food/teishoku.jpg
松のや,にんにく醤油の“揚げる”鶏テキ定食,teishoku,/static/media/food/teishoku.jpg
松のや,大判唐揚げ定食,teishoku,/static/media/food/teishoku.jpg
松のや,鬼おろしポン酢大判唐揚げ定食,teishoku,/static/media/food/teishoku.jpg
松のや,ロースかつ＆大判唐揚げ定食,teishoku,/static/media/food/teishoku.jpg
松のや,うまトマメンチかつ定食,teishoku,/static/media/food/teishoku.jpg
松のや,チーズうまトマメンチかつ定食,teishoku,/static/media/food/teishoku.jpg
松のや,ロースかつ＆メンチかつ定食,teishoku,/static/media/food/teishoku.jpg
松のや,ジャンボチキンかつ定食,teishoku,/static/media/food/teishoku.jpg
松のや,鬼おろしポン酢ジャンボチキンかつ定食,teishoku,/static/media/food/teishoku.jpg
松のや,味噌ジャンボチキンかつ定食,teishoku,/static/media/food/teishoku.jpg
松のや,うまトマジャンボチキンかつ定食,teishoku,/static/media/food/teishoku.jpg
松のや,チーズうまトマジャンボチキンかつ定食,teishoku,/static/media/food/teishoku.jpg
松のや,タルタルジャンボチキンかつ定食,teishoku,/static/media/food/teishoku.jpg
松のや,ロースかつ＆ジャンボチキンかつ定食,teishoku,/static/media/food/teishoku.jpg
松のや,ジャンボチキンかつ＆海老フライ1尾定食,teishoku,/static/media/food/teishoku.jpg
松のや,ジャンボチキンかつ＆海老フライ2尾定食,teishoku,/static/media/food/teishoku.jpg
松のや,“国産雪国育ち”丸太ヒレかつ定食,teishoku,/static/media/food/teishoku.jpg
松のや,“国産雪国育ち”鬼おろしポン酢丸太ヒレかつ定食,teishoku,/static/media/food/teishoku.jpg
松のや,“国産雪国育ち”ダブル丸太ヒレかつ定食,teishoku,/static/media/food/teishoku.jpg
松のや,ロースかつ＆“国産雪国育ち”丸太ヒレかつ定食,teishoku,/static/media/food/teishoku.jpg
松のや,“国産雪国育ち”丸太ヒレかつ＆海老フライ１尾定食,teishoku,/static/media/food/teishoku.jpg
松のや,“国産雪国育ち”丸太ヒレかつ＆海老フライ2尾定食,teishoku,/static/media/food/teishoku.jpg
松のや,“国産雪国育ち”丸太ヒレかつ丼,katsudon,/static/media/food/katsudon.jpg
松のや,うまトマロースかつ定食,teishoku,/static/media/food/teishoku.jpg
松のや,チーズうまトマロースかつ定食,teishoku,/static/media/food/teishoku.jpg
松のや,ささみかつ定食,teishoku,/static/media/food/teishoku.jpg
松のや,鬼おろしポン酢ささみかつ定食,teishoku,/static/media/food/teishoku.jpg
松のや,味噌ささみかつ定食,teishoku,/static/media/food/teishoku.jpg
松のや,たっぷりささみかつ定食,teishoku,/static/media/food/teishoku.jpg
松のや,ロースかつ定食,teishoku,/static/media/food/teishoku.jpg
松のや,ダブルロースかつ定食,teishoku,/static/media/food/teishoku.jpg
松のや,鬼おろしポン酢ロースかつ定食,teishoku,/static/media/food/teishoku.jpg
松のや,ダブル鬼おろしポン酢ロースかつ定食,teishoku,/static/media/food/teishoku.jpg
松のや,味噌ロースかつ定食,teishoku,/static/media/food/teishoku.jpg
松のや,ダブル味噌ロースかつ定食,teishoku,/static/media/food/teishoku.jpg
松のや,ロースかつ＆ささみかつ１本定食,teishoku,/static/media/food/teishoku.jpg
松のや,ロースかつ＆ささみかつ2本定食,teishoku,/static/media/food/teishoku.jpg
松のや,ロースかつ＆海老フライ（1尾）定食,fry_seafood,/static/media/food/fry_seafood.jpg
松のや,ロースかつ＆海老フライ（2尾）定食,fry_seafood,/static/media/food/fry_seafood.jpg
松のや,親子ささみかつ丼,katsudon,/static/media/food/katsudon.jpg
松のや,ロースかつ丼,katsudon,/static/media/food/katsudon.jpg
松のや,味噌ロースかつ丼,katsudon,/static/media/food/katsudon.jpg
松のや,得朝ささみかつ定食(小鉢無し),teishoku,/static/media/food/teishoku.jpg
松のや,得朝ささみかつ定食,teishoku,/static/media/food/teishoku.jpg
松のや,得朝ささみかつ＆コロッケ定食(小鉢無し),teishoku,/static/media/food/teishoku.jpg
松のや,得朝ささみかつ＆コロッケ定食,teishoku,/static/media/food/teishoku.jpg
松のや,得朝ロースかつ定食(小鉢無し),teishoku,/static/media/food/teishoku.jpg
松のや,得朝ソーセージエッグ定食(小鉢無し),teishoku,/static/media/food/teishoku.jpg
松のや,得朝ロースかつ定食,teishoku,/static/media/food/teishoku.jpg
松のや,得朝ソーセージエッグ定食,teishoku,/static/media/food/teishoku.jpg
松のや,玉子かけごはん定食,teishoku,/static/media/food/teishoku.jpg
松のや,コロッケ＜選べる小鉢＞,korokke,/static/media/food/korokke.jpg
松のや,お新香＜選べる小鉢＞,tsukemono,/static/media/food/tsukemono.jpg
松のや,納豆＜選べる小鉢＞,natto,/static/media/food/natto.jpg
松のや,冷奴＜選べる小鉢＞,hiyayakko,/static/media/food/hiyayakko.jpg
松のや,玉子丼,donburi_rice,/static/media/food/donburi_rice.jpg
松のや,単品シュクメルリロースかつ,tonkatsu_pork,/static/media/food/tonkatsu_pork.jpg
松のや,単品シュクメルリジャンボチキンかつ,tonkatsu_pork,/static/media/food/tonkatsu_pork.jpg
松のや,単品にんにく醤油の“揚げる”厚切り豚テキ,,(tile)
松のや,単品にんにく醤油の“揚げる”鶏テキ,,(tile)
松のや,単品大判唐揚げ,karaage_chicken,/static/media/food/karaage_chicken.jpg
松のや,単品うまトマメンチかつ,tonkatsu_pork,/static/media/food/tonkatsu_pork.jpg
松のや,単品チーズうまトマメンチかつ,tonkatsu_pork,/static/media/food/tonkatsu_pork.jpg
松のや,単品ジャンボチキンかつ,tonkatsu_pork,/static/media/food/tonkatsu_pork.jpg
松のや,単品うまトマジャンボチキンかつ,tonkatsu_pork,/static/media/food/tonkatsu_pork.jpg
松のや,単品チーズうまトマジャンボチキンかつ,tonkatsu_pork,/static/media/food/tonkatsu_pork.jpg
松のや,単品タルタルジャンボチキンかつ,tonkatsu_pork,/static/media/food/tonkatsu_pork.jpg
松のや,単品“国産雪国育ち”丸太ヒレかつ,tonkatsu_pork,/static/media/food/tonkatsu_pork.jpg
松のや,単品うまトマロースかつ,tonkatsu_pork,/static/media/food/tonkatsu_pork.jpg
松のや,単品チーズうまトマロースかつ,tonkatsu_pork,/static/media/food/tonkatsu_pork.jpg
松のや,単品ささみかつ,tonkatsu_pork,/static/media/food/tonkatsu_pork.jpg
松のや,単品ロースかつ（1枚）,tonkatsu_pork,/static/media/food/tonkatsu_pork.jpg
松のや,単品海老フライ（1尾）,fry_seafood,/static/media/food/fry_seafood.jpg
松のや,ポテトフライ,fry_seafood,/static/media/food/fry_seafood.jpg
松のや,単品コロッケ（1個）,korokke,/static/media/food/korokke.jpg
松のや,豚汁,soup_miso,/static/media/food/soup_miso.jpg
松のや,単品マヨネーズ,,(tile)
松のや,単品チーズ,cheese_plate,
松のや,タルタルソース,,(tile)
松のや,単品ふりかけ（さけ）,,(tile)
松のや,単品ふりかけ（たまご）,tamago_egg,/static/media/food/tamago_egg.jpg
松のや,生玉子,tamago_egg,/static/media/food/tamago_egg.jpg
松のや,トッピングポテサラ,,(tile)
松のや,ミニポテキャベ,,(tile)
松のや,千切りキャベツ,,(tile)
松のや,ポテキャベ,,(tile)
松のや,トッピングソーセージ（1本）,sausage,/static/media/food/sausage.jpg
松のや,浅漬けお新香,tsukemono,/static/media/food/tsukemono.jpg
松のや,納豆,natto,/static/media/food/natto.jpg
松のや,冷奴,hiyayakko,/static/media/food/hiyayakko.jpg
松のや,鬼おろしポン酢,,(tile)
松のや,味噌ソース,,(tile)
松のや,目玉焼き＆ソーセージ,sausage,/static/media/food/sausage.jpg
松のや,ライス,gohan_rice,
松のや,みそ汁,soup_miso,/static/media/food/soup_miso.jpg
松屋,牛めし,,(tile)
松屋,うまトマチーズ牛めし,cheese_plate,
松屋,ネギたっぷり旨辛ネギたま牛めし,,(tile)
松屋,鬼おろしポン酢牛めし,,(tile)
松屋,キムチ牛めし,kimchi,/static/media/food/kimchi.jpg
松屋,チーズ牛めし,cheese_plate,
松屋,牛めし弁当2個セット,teishoku,/static/media/food/teishoku.jpg
松屋,牛めし弁当3個セット,teishoku,/static/media/food/teishoku.jpg
松屋,牛めし弁当4個セット,teishoku,/static/media/food/teishoku.jpg
松屋,牛めし弁当5個セット,teishoku,/static/media/food/teishoku.jpg
松屋,ネギたっぷり旨辛ネギたま牛めし弁当2個セット,teishoku,/static/media/food/teishoku.jpg
松屋,ネギたっぷり旨辛ネギたま牛めし弁当3個セット,teishoku,/static/media/food/teishoku.jpg
松屋,ネギたっぷり旨辛ネギたま牛めし弁当4個セット,teishoku,/static/media/food/teishoku.jpg
松屋,ネギたっぷり旨辛ネギたま牛めし弁当5個セット,teishoku,/static/media/food/teishoku.jpg
松屋,鬼おろしポン酢牛めし弁当2個セット,teishoku,/static/media/food/teishoku.jpg
松屋,鬼おろしポン酢牛めし弁当3個セット,teishoku,/static/media/food/teishoku.jpg
松屋,鬼おろしポン酢牛めし弁当4個セット,teishoku,/static/media/food/teishoku.jpg
松屋,鬼おろしポン酢牛めし弁当5個セット,teishoku,/static/media/food/teishoku.jpg
松屋,牛めしトリオ並盛弁当セット,teishoku,/static/media/food/teishoku.jpg
松屋,新焼き牛めし,,(tile)
松屋,牛ビビン丼,donburi_rice,/static/media/food/donburi_rice.jpg
松屋,キムカル丼,donburi_rice,/static/media/food/donburi_rice.jpg
松屋,ネオトマトごろごろチキンカレー,curry_rice,/static/media/food/curry_rice.jpg
松屋,ネオトマトロースかつカレー,curry_rice,/static/media/food/curry_rice.jpg
松屋,ネオトマトカレー,curry_rice,/static/media/food/curry_rice.jpg
松屋,ネオトマトカレギュウ,,(tile)
松屋,ネオトマトチーズカレー,curry_rice,/static/media/food/curry_rice.jpg
松屋,ネオトマトハンバーグカレー,curry_rice,/static/media/food/curry_rice.jpg
松屋,創業ビーフカレー,curry_rice,/static/media/food/curry_rice.jpg
松屋,チーズ創業ビーフカレー,curry_rice,/static/media/food/curry_rice.jpg
松屋,創業ビーフカレギュウ,,(tile)
松屋,ハンバーグ創業ビーフカレー,curry_rice,/static/media/food/curry_rice.jpg
松屋,創業ビーフロースかつカレー,curry_rice,/static/media/food/curry_rice.jpg
松屋,シュクメルリ鍋定食,teishoku,/static/media/food/teishoku.jpg
松屋,シュクメルリ鍋ライスセット,teishoku,/static/media/food/teishoku.jpg
松屋,シュクメルリ定食,teishoku,/static/media/food/teishoku.jpg
松屋,シュクメルリライスセット,teishoku,/static/media/food/teishoku.jpg
松屋,溢れる3種の濃厚チーズINうまトマハンバーグ定食,teishoku,/static/media/food/teishoku.jpg
松屋,溢れる3種の濃厚チーズINデミハンバーグ定食,teishoku,/static/media/food/teishoku.jpg
松屋,溢れる3種の濃厚チーズINデミたまハンバーグ定食,teishoku,/static/media/food/teishoku.jpg
松屋,溢れる3種の濃厚チーズINうまトマチーズハンバーグ定食,teishoku,/static/media/food/teishoku.jpg
松屋,溢れる3種の濃厚チーズINデミチーズハンバーグ定食,teishoku,/static/media/food/teishoku.jpg
松屋,溢れる3種の濃厚チーズINデミたまチーズハンバーグ定食,teishoku,/static/media/food/teishoku.jpg
松屋,チミチュリソース厚切りポークグリル定食,teishoku,/static/media/food/teishoku.jpg
松屋,チミチュリソース厚切りポークグリル,tonkatsu_pork,/static/media/food/tonkatsu_pork.jpg
松屋,厚切りトンテキ定食,teishoku,/static/media/food/teishoku.jpg
松屋,厚切り豚ロースグリル定食,teishoku,/static/media/food/teishoku.jpg
松屋,牛焼肉定食,teishoku,/static/media/food/teishoku.jpg
松屋,カルビ焼肉定食,teishoku,/static/media/food/teishoku.jpg
松屋,うまトマハンバーグ定食,teishoku,/static/media/food/teishoku.jpg
松屋,チーズうまトマハンバーグ定食,teishoku,/static/media/food/teishoku.jpg
松屋,デミたまハンバーグ定食,teishoku,/static/media/food/teishoku.jpg
松屋,チーズデミたまハンバーグ定食,teishoku,/static/media/food/teishoku.jpg
松屋,“炙り”焼鮭定食,teishoku,/static/media/food/teishoku.jpg
松屋,ソーセージエッグ定食,teishoku,/static/media/food/teishoku.jpg
松屋,ソーセージエッグW定食,teishoku,/static/media/food/teishoku.jpg
松屋,豚汁朝定食,teishoku,/static/media/food/teishoku.jpg
松屋,“炙り”焼鮭朝定食,teishoku,/static/media/food/teishoku.jpg
松屋,Wで選べる玉子かけごはん,gohan_rice,
松屋,得朝牛皿定食,teishoku,/static/media/food/teishoku.jpg
松屋,ミニ牛皿＜選べる小鉢＞,gyudon_beef,/static/media/food/gyudon_beef.jpg
松屋,納豆（ネギ付）＜選べる小鉢＞,natto,/static/media/food/natto.jpg
松屋,冷奴＜選べる小鉢＞,hiyayakko,/static/media/food/hiyayakko.jpg
松屋,国産とろろ＜選べる小鉢＞,,(tile)
松屋,追いチーズ,cheese_plate,
松屋,生野菜,salad_green,
松屋,生玉子,tamago_egg,/static/media/food/tamago_egg.jpg
松屋,半熟玉子,tamago_egg,/static/media/food/tamago_egg.jpg
松屋,豆腐入りみそ汁単品,soup_miso,/static/media/food/soup_miso.jpg
松屋,豚汁単品,soup_miso,/static/media/food/soup_miso.jpg
松屋,たっぷりチーズ,cheese_plate,
松屋,炙りチーズポテト,french_fries,/static/media/food/french_fries.jpg
松屋,ポテサラ,,(tile)
松屋,鬼おろし,,(tile)
松屋,お新香,tsukemono,/static/media/food/tsukemono.jpg
松屋,富士山キムチ,kimchi,/static/media/food/kimchi.jpg
松屋,国産とろろ,,(tile)
松屋,納豆（ネギ付）,natto,/static/media/food/natto.jpg
松屋,焼きのり,,(tile)
松屋,冷奴,hiyayakko,/static/media/food/hiyayakko.jpg
松屋,牛皿,gyudon_beef,/static/media/food/gyudon_beef.jpg
松屋,ミニ牛皿,gyudon_beef,/static/media/food/gyudon_beef.jpg
松屋,ソーセージ半熟玉子,tamago_egg,/static/media/food/tamago_egg.jpg
松屋,ソーセージエッグ,sausage,/static/media/food/sausage.jpg
松屋,ネギたま,,(tile)
松屋,青ネギ,,(tile)
松屋,“炙り”焼鮭,sushi_salmon,/static/media/food/sushi_salmon.jpg
松屋,みそ汁,soup_miso,/static/media/food/soup_miso.jpg
松屋,ポテサラ生野菜,salad_green,
松屋,ゼリー3個,,(tile)
松屋,ライス,gohan_rice,
松屋,生野菜生玉子セット,teishoku,/static/media/food/teishoku.jpg
松屋,生野菜半熟玉子セット,teishoku,/static/media/food/teishoku.jpg
松屋,豚汁生玉子セット,teishoku,/static/media/food/teishoku.jpg
松屋,豚汁半熟玉子セット,teishoku,/static/media/food/teishoku.jpg
松屋,お新香生玉子セット,teishoku,/static/media/food/teishoku.jpg
松屋,お新香半熟玉子セット,teishoku,/static/media/food/teishoku.jpg
松屋,とろろ生玉子セット,teishoku,/static/media/food/teishoku.jpg
松屋,とろろ半熟玉子セット,teishoku,/static/media/food/teishoku.jpg
松屋,ミニ牛皿生玉子セット,teishoku,/static/media/food/teishoku.jpg
松屋,ミニ牛皿半熟玉子セット,teishoku,/static/media/food/teishoku.jpg
松屋,キムチ生玉子セット,teishoku,/static/media/food/teishoku.jpg
松屋,キムチ半熟玉子セット,teishoku,/static/media/food/teishoku.jpg
松屋,カルビ焼肉生野菜セット,teishoku,/static/media/food/teishoku.jpg
松屋,牛焼肉生野菜セット,teishoku,/static/media/food/teishoku.jpg
渋谷三丁目酒場-昼の定食屋さん,自家製 とりカツ定食,teishoku,/static/media/food/teishoku.jpg
渋谷三丁目酒場-昼の定食屋さん,定番 豚生姜焼き定食,teishoku,/static/media/food/teishoku.jpg
渋谷三丁目酒場-昼の定食屋さん,鶏唐揚げねぎソース定食,teishoku,/static/media/food/teishoku.jpg
渋谷三丁目酒場-昼の定食屋さん,チキングリルトマトソース定食,teishoku,/static/media/food/teishoku.jpg
渋谷三丁目酒場-昼の定食屋さん,トンテキ定食,teishoku,/static/media/food/teishoku.jpg
渋谷三丁目酒場-昼の定食屋さん,肉野菜定食,teishoku,/static/media/food/teishoku.jpg
渋谷三丁目酒場-昼の定食屋さん,特選ロースとんかつ 定食,tonkatsu_pork,/static/media/food/tonkatsu_pork.jpg
渋谷三丁目酒場-昼の定食屋さん,麻婆豆腐定食,teishoku,/static/media/food/teishoku.jpg
渋谷三丁目酒場-昼の定食屋さん,マヨネーズ,,(tile)
渋谷三丁目酒場-昼の定食屋さん,生たまご,tamago_egg,/static/media/food/tamago_egg.jpg
渋谷三丁目酒場-昼の定食屋さん,追加唐揚げ2個,karaage_chicken,/static/media/food/karaage_chicken.jpg
渋谷三丁目酒場-昼の定食屋さん,ミックス定食 ランチ,teishoku,/static/media/food/teishoku.jpg
渋谷三丁目酒場-昼の定食屋さん,週替わり ランチ,teishoku,/static/media/food/teishoku.jpg
渋谷三丁目酒場-昼の定食屋さん,自家製 とりカツ & 唐揚げ丼,donburi_rice,/static/media/food/donburi_rice.jpg
渋谷三丁目酒場-昼の定食屋さん,豚しょうが焼き & 唐揚げ丼,donburi_rice,/static/media/food/donburi_rice.jpg
渋谷三丁目酒場-昼の定食屋さん,とり唐揚げネギソース丼,donburi_rice,/static/media/food/donburi_rice.jpg
炉端酒場-ウミサト,鶏盛り,,(tile)
炉端酒場-ウミサト,本日の野菜焼き,,(tile)
炉端酒場-ウミサト,鶏モモ,,(tile)
炉端酒場-ウミサト,むね肉,,(tile)
炉端酒場-ウミサト,せせり,horumon,
炉端酒場-ウミサト,手羽先,karaage_chicken,/static/media/food/karaage_chicken.jpg
炉端酒場-ウミサト,本日の干物,,(tile)
炉端酒場-ウミサト,厚切りベーコン,bacon_dish,
炉端酒場-ウミサト,炭火焼き厚揚げ,,(tile)
炉端酒場-ウミサト,炭火炙り塩サバ,,(tile)
炉端酒場-ウミサト,本日の刺身,sashimi,/static/media/food/sashimi.jpg
炉端酒場-ウミサト,特製タルタルソースチキン南蛮,karaage_chicken,/static/media/food/karaage_chicken.jpg
炉端酒場-ウミサト,鶏ももの唐揚げ大葉おろし,karaage_chicken,/static/media/food/karaage_chicken.jpg
炉端酒場-ウミサト,たっぷり香味野菜の油淋鶏,,(tile)
炉端酒場-ウミサト,ウニバターポテト,french_fries,/static/media/food/french_fries.jpg
炉端酒場-ウミサト,さっぱりガリトマト,,(tile)
炉端酒場-ウミサト,まるごと一丁厚揚げ納豆,natto,/static/media/food/natto.jpg
炉端酒場-ウミサト,炭火焼きえいひれ,,(tile)
炉端酒場-ウミサト,炉端酒場のこんがり枝豆,edamame,/static/media/food/edamame.jpg
炉端酒場-ウミサト,鯛わたの塩辛,,(tile)
炉端酒場-ウミサト,シンプル!博多炙り明太子,pasta,/static/media/food/pasta.jpg
炉端酒場-ウミサト,博多名物胡麻ブリ,,(tile)
炉端酒場-ウミサト,もつ鍋,motsunabe,/static/media/food/motsunabe.jpg
炉端酒場-ウミサト,生ビール,beer_alcohol,/static/media/food/beer_alcohol.jpg
炉端酒場-ウミサト,ホッピー白・黒,,(tile)
炉端酒場-ウミサト,ハイボール,whisky,/static/media/food/whisky.jpg
炉端酒場-ウミサト,黒ッキリボール,,(tile)
炉端酒場-ウミサト,赤ッキリボール,,(tile)
炉端酒場-ウミサト,ナミハイボール,whisky,/static/media/food/whisky.jpg
炉端酒場-ウミサト,定番レモンサワー,chuhai,/static/media/food/chuhai.jpg
炉端酒場-ウミサト,芋塩レモンサワー,chuhai,/static/media/food/chuhai.jpg
炉端酒場-ウミサト,ハニーレモンサワー,chuhai,/static/media/food/chuhai.jpg
炉端酒場-ウミサト,ソルティレモンサワー,chuhai,/static/media/food/chuhai.jpg
炉端酒場-ウミサト,ウーロンハイ,chuhai,/static/media/food/chuhai.jpg
炉端酒場-ウミサト,ジャスミンハイ,chuhai,/static/media/food/chuhai.jpg
炉端酒場-ウミサト,玄米茶割り,green_tea,/static/media/food/green_tea.jpg
炉端酒場-ウミサト,クラフトジン,,(tile)
炉端酒場-ウミサト,日本酒,sake_drink,/static/media/food/sake_drink.jpg
炉端酒場-ウミサト,麦焼酎,shochu,/static/media/food/shochu.jpg
炉端酒場-ウミサト,米焼酎,shochu,/static/media/food/shochu.jpg
炉端酒場-ウミサト,黒糖焼酎,shochu,/static/media/food/shochu.jpg
炉端酒場-ウミサト,泡盛,,(tile)
炉端酒場-ウミサト,芋焼酎,shochu,/static/media/food/shochu.jpg
炭火串焼-専門店-日本橋-堀とん,赤辛もつ煮込み,motsunabe,/static/media/food/motsunabe.jpg
炭火串焼-専門店-日本橋-堀とん,牛ホルモン豆腐,horumon,
炭火串焼-専門店-日本橋-堀とん,にんにく鍋,,(tile)
炭火串焼-専門店-日本橋-堀とん,ぼん,,(tile)
炭火串焼-専門店-日本橋-堀とん,激辛チョリソー,,(tile)
炭火串焼-専門店-日本橋-堀とん,ししとう串,,(tile)
炭火串焼-専門店-日本橋-堀とん,ねぎ串,,(tile)
炭火串焼-専門店-日本橋-堀とん,銀杏串,,(tile)
炭火串焼-専門店-日本橋-堀とん,エリンギ串,,(tile)
炭火串焼-専門店-日本橋-堀とん,うずら卵,tamago_egg,/static/media/food/tamago_egg.jpg
炭火串焼-専門店-日本橋-堀とん,とり皮,,(tile)
炭火串焼-専門店-日本橋-堀とん,砂肝,horumon,
炭火串焼-専門店-日本橋-堀とん,ささみ,,(tile)
炭火串焼-専門店-日本橋-堀とん,ささみ (梅),,(tile)
炭火串焼-専門店-日本橋-堀とん,ささみ (わさび),,(tile)
炭火串焼-専門店-日本橋-堀とん,ささみ (柚子こしょう),,(tile)
炭火串焼-専門店-日本橋-堀とん,鶏もも,,(tile)
炭火串焼-専門店-日本橋-堀とん,鶏もも (柚子こしょう),,(tile)
炭火串焼-専門店-日本橋-堀とん,ガツ,,(tile)
炭火串焼-専門店-日本橋-堀とん,ハツ,horumon,
炭火串焼-専門店-日本橋-堀とん,レバー,horumon,
炭火串焼-専門店-日本橋-堀とん,なんこつ,,(tile)
炭火串焼-専門店-日本橋-堀とん,かしら,horumon,
炭火串焼-専門店-日本橋-堀とん,ハラミ,yakiniku_steak,/static/media/food/yakiniku_steak.jpg
炭火串焼-専門店-日本橋-堀とん,タン,,(tile)
炭火串焼-専門店-日本橋-堀とん,とろしろ,,(tile)
炭火串焼-専門店-日本橋-堀とん,もちぶたトントロ,,(tile)
炭火串焼-専門店-日本橋-堀とん,もちぶたねぎま,yakitori,/static/media/food/yakitori.jpg
炭火串焼-専門店-日本橋-堀とん,特製うま味噌,,(tile)
炭火串焼-専門店-日本橋-堀とん,みそモツ焼き 3本セット,teishoku,/static/media/food/teishoku.jpg
炭火串焼-専門店-日本橋-堀とん,あつさりスープ,soup_miso,/static/media/food/soup_miso.jpg
炭火串焼-専門店-日本橋-堀とん,ごはん,gohan_rice,
炭火串焼-専門店-日本橋-堀とん,焼きおにぎり,onigiri,/static/media/food/onigiri.jpg
炭火串焼-専門店-日本橋-堀とん,豚焼き飯,chahan,/static/media/food/chahan.jpg
炭火串焼-専門店-日本橋-堀とん,豚マヨ丼,donburi_rice,/static/media/food/donburi_rice.jpg
炭火串焼-専門店-日本橋-堀とん,ソース焼そば,yakisoba,/static/media/food/yakisoba.jpg
炭火串焼-専門店-日本橋-堀とん,ニラ玉,,(tile)
炭火串焼-専門店-日本橋-堀とん,とんぺい焼,,(tile)
炭火串焼-専門店-日本橋-堀とん,肉もやし,,(tile)
炭火串焼-専門店-日本橋-堀とん,ネギ盛り,,(tile)
炭火串焼-専門店-日本橋-堀とん,野菜スティック,,(tile)
炭火串焼-専門店-日本橋-堀とん,トマトスライス,gohan_rice,
炭火串焼-専門店-日本橋-堀とん,梅きゅう,,(tile)
炭火串焼-専門店-日本橋-堀とん,きゅうり,,(tile)
炭火串焼-専門店-日本橋-堀とん,★キャベツ (3種のタレ),,(tile)
炭火串焼-専門店-日本橋-堀とん,★味噌かぶ,,(tile)
炭火串焼-専門店-日本橋-堀とん,★塩ダレキャベツ,,(tile)
炭火串焼-専門店-日本橋-堀とん,鶏の唐揚げ,karaage_chicken,/static/media/food/karaage_chicken.jpg
炭火串焼-専門店-日本橋-堀とん,フライドポテト,french_fries,/static/media/food/french_fries.jpg
炭火串焼-専門店-日本橋-堀とん,厚揚げ,,(tile)
炭火串焼-専門店-日本橋-堀とん,パリンコチーズ,cheese_plate,
炭火串焼-専門店-日本橋-堀とん,赤ウインナー,sausage,/static/media/food/sausage.jpg
炭火串焼-専門店-日本橋-堀とん,ハムカツ,tonkatsu_pork,/static/media/food/tonkatsu_pork.jpg
炭火串焼-専門店-日本橋-堀とん,肉味噌キャベツ包み,,(tile)
炭火串焼-専門店-日本橋-堀とん,★うずら醤油漬け,tamago_egg,/static/media/food/tamago_egg.jpg
炭火串焼-専門店-日本橋-堀とん,★冷奴,hiyayakko,/static/media/food/hiyayakko.jpg
炭火串焼-専門店-日本橋-堀とん,★枝豆,edamame,/static/media/food/edamame.jpg
炭火串焼-専門店-日本橋-堀とん,★オニオンスライス,gohan_rice,
炭火串焼-専門店-日本橋-堀とん,★もやしナムル,namul,/static/media/food/namul.jpg
炭火串焼-専門店-日本橋-堀とん,★マカロニサラダ,salad_green,
炭火焼-まるや,れば,,(tile)
炭火焼-まるや,はらみ,,(tile)
炭火焼-まるや,しろ,,(tile)
炭火焼-まるや,たんした,,(tile)
炭火焼-まるや,たん,,(tile)
炭火焼-まるや,ウインナー,sausage,/static/media/food/sausage.jpg
炭火焼-まるや,ばら,,(tile)
炭火焼-まるや,つくね,yakitori,/static/media/food/yakitori.jpg
炭火焼-まるや,ねぎま,yakitori,/static/media/food/yakitori.jpg
炭火焼-まるや,ぼんじり,,(tile)
炭火焼-まるや,せせり,horumon,
炭火焼-まるや,ねぎ,,(tile)
炭火焼-まるや,玉ねぎ,,(tile)
炭火焼-まるや,にんにくの芽,,(tile)
炭火焼-まるや,しいたけ,,(tile)
炭火焼-まるや,にんにく,,(tile)
炭火焼-まるや,ぎんなん,,(tile)
炭火焼-まるや,肉巻きトマト,sushi_roll,/static/media/food/sushi_roll.jpg
炭火焼-まるや,ジャガバター,,(tile)
炭火焼-まるや,なす焼,,(tile)
炭火焼-まるや,えいひれ,,(tile)
炭火焼-まるや,やっこ,,(tile)
炭火焼-まるや,えだまめ,edamame,/static/media/food/edamame.jpg
炭火焼-まるや,がっ酢,,(tile)
炭火焼-まるや,ミミガー,,(tile)
炭火焼-まるや,きゅうり,,(tile)
炭火焼-まるや,冷しトマト,,(tile)
炭火焼-まるや,クリームチーズたまり醤油漬け,cheese_plate,
炭火焼-まるや,マカロニサラダ,salad_green,
炭火焼-まるや,わさび漬け,,(tile)
炭火焼-まるや,からあげ,karaage_chicken,/static/media/food/karaage_chicken.jpg
炭火焼-まるや,さつまいもスティック,,(tile)
炭火焼-まるや,パーフェクト黒ラベル,,(tile)
炭火焼-まるや,レッドアイ,,(tile)
炭火焼-まるや,サッポロラガービール,beer_alcohol,/static/media/food/beer_alcohol.jpg
炭火焼-まるや,ジンジャーハイボール,whisky,/static/media/food/whisky.jpg
炭火焼-まるや,コークハイボール,whisky,/static/media/food/whisky.jpg
炭火焼-まるや,芋ハイボール,whisky,/static/media/food/whisky.jpg
炭火焼-まるや,麦ハイボール,whisky,/static/media/food/whisky.jpg
炭火焼-まるや,ゆず酒,beer_alcohol,/static/media/food/beer_alcohol.jpg
炭火焼-まるや,デュワーズハイボール,whisky,/static/media/food/whisky.jpg
炭火焼-まるや,バカルディラムハイゴールド,,(tile)
炭火焼-まるや,金宮キンミヤ《甲》,,(tile)
炭火焼-まるや,伊佐大泉《芋》,,(tile)
炭火焼-まるや,黒霧島《芋》,,(tile)
炭火焼-まるや,中々《麦》,,(tile)
炭火焼-まるや,兼八《麦》,,(tile)
炭火焼-まるや,さとうの黒《芋》,,(tile)
炭火焼-まるや,酎ハイ,chuhai,/static/media/food/chuhai.jpg
炭火焼-まるや,梅干し,,(tile)
炭火焼-まるや,生レモン,,(tile)
炭火焼-まるや,生グレープフルーツ,,(tile)
炭火焼-まるや,ウーロン割り,,(tile)
炭火焼-まるや,緑茶割り,green_tea,/static/media/food/green_tea.jpg
炭火焼-まるや,トマト割り,,(tile)
炭火焼-まるや,紅茶割り,tea_matcha,/static/media/food/tea_matcha.jpg
炭火焼-まるや,レモンサワー,chuhai,/static/media/food/chuhai.jpg
炭火焼-まるや,バイスサワー,chuhai,/static/media/food/chuhai.jpg
炭火焼-まるや,なかく,,(tile)
炭火焼-まるや,樹齢,,(tile)
炭火焼-まるや,生しぼり,,(tile)
炭火焼-まるや,ホッピーセット 白,teishoku,/static/media/food/teishoku.jpg
炭火焼-まるや,ホッピーセット 黒,teishoku,/static/media/food/teishoku.jpg
炭火焼-まるや,ホッピー,,(tile)
炭火焼-まるや,ウーロン茶,oolong_tea,
炭火焼-まるや,緑茶,green_tea,/static/media/food/green_tea.jpg
炭火焼-まるや,トマトジュース,juice_beverage,/static/media/food/juice_beverage.jpg
炭火焼-まるや,紅茶,tea_matcha,/static/media/food/tea_matcha.jpg
炭火焼-まるや,コーラ,cola_drink,/static/media/food/cola_drink.jpg
炭火焼-まるや,ジンジャーエール,cola_drink,/static/media/food/cola_drink.jpg
焼肉きんぐ,58品コース,,(tile)
焼肉きんぐ,きんぐコース,,(tile)
焼肉きんぐ,プレミアムコース,,(tile)
焼肉きんぐ,ランチ食べ放題コース,teishoku,/static/media/food/teishoku.jpg
焼肉きんぐ,【国産牛】特選カルビ（タレ・塩）,yakiniku_steak,/static/media/food/yakiniku_steak.jpg
焼肉きんぐ,【国産牛】特選カルビ(わさび醤油）,yakiniku_steak,/static/media/food/yakiniku_steak.jpg
焼肉きんぐ,【国産牛】大判上ロース,yakiniku_steak,/static/media/food/yakiniku_steak.jpg
焼肉きんぐ,【国産牛】焼しゃぶカルビ,yakiniku_steak,/static/media/food/yakiniku_steak.jpg
焼肉きんぐ,【特選】厚切り牛タン,gyutan,/static/media/food/gyutan.jpg
焼肉きんぐ,【特選】みすじステーキ（タレ・塩）,steak_plate,/static/media/food/steak_plate.jpg
焼肉きんぐ,きんぐカルビ,yakiniku_steak,/static/media/food/yakiniku_steak.jpg
焼肉きんぐ,炙りすき焼カルビ,yakiniku_steak,/static/media/food/yakiniku_steak.jpg
焼肉きんぐ,【名物】長い!!23㎝ 壺漬けドラゴンハラミ,yakiniku_steak,/static/media/food/yakiniku_steak.jpg
焼肉きんぐ,【名物】ドでか!!ロース ねぎ塩ポン酢,yakiniku_steak,/static/media/food/yakiniku_steak.jpg
焼肉きんぐ,【名物】 超極厚ハラミ ～ガリバタ醤油～,yakiniku_steak,/static/media/food/yakiniku_steak.jpg
焼肉きんぐ,焼肉屋の本気！石焼レバニラ,yakiniku_steak,/static/media/food/yakiniku_steak.jpg
焼肉きんぐ,ごろごろ牛すじボロネーゼ,pasta,/static/media/food/pasta.jpg
焼肉きんぐ,熱々 石焼ホルモンラーメン,ramen_shoyu,/static/media/food/ramen_shoyu.jpg
焼肉きんぐ,牛タン入りつくね 〜卵黄ソース〜,yakitori,/static/media/food/yakitori.jpg
焼肉きんぐ,きんぐの肉ポテサラダ,salad_green,
焼肉きんぐ,炙りバラカルビ(タレ・塩),yakiniku_steak,/static/media/food/yakiniku_steak.jpg
焼肉きんぐ,カルビ（タレ・塩）,yakiniku_steak,/static/media/food/yakiniku_steak.jpg
焼肉きんぐ,炙りバラカルビ（ネギ塩）,yakiniku_steak,/static/media/food/yakiniku_steak.jpg
焼肉きんぐ,厚切りカルビ（タレ・塩）,yakiniku_steak,/static/media/food/yakiniku_steak.jpg
焼肉きんぐ,きんぐ塩タン【ポーク】,tonkatsu_pork,/static/media/food/tonkatsu_pork.jpg
焼肉きんぐ,ネギ塩きんぐタン【ポーク】,tonkatsu_pork,/static/media/food/tonkatsu_pork.jpg
焼肉きんぐ,ハラミ（タレ・塩）,yakiniku_steak,/static/media/food/yakiniku_steak.jpg
焼肉きんぐ,やみつきハラミ【ポーク】（タレ・塩）,yakiniku_steak,/static/media/food/yakiniku_steak.jpg
焼肉きんぐ,ガリバタ醤油 やみつきハラミ【ポーク】,tonkatsu_pork,/static/media/food/tonkatsu_pork.jpg
焼肉きんぐ,幻の鶏ハラミ(タレ・塩・味噌),yakiniku_steak,/static/media/food/yakiniku_steak.jpg
焼肉きんぐ,ロース（タレ・塩）,yakiniku_steak,/static/media/food/yakiniku_steak.jpg
焼肉きんぐ,ロース（ネギ塩）,yakiniku_steak,/static/media/food/yakiniku_steak.jpg
焼肉きんぐ,【熟成豚】すき焼カルビ,yakiniku_steak,/static/media/food/yakiniku_steak.jpg
焼肉きんぐ,【熟成豚】焼しゃぶカルビ,yakiniku_steak,/static/media/food/yakiniku_steak.jpg
焼肉きんぐ,炙り熟成肩ロース【ポーク】（タレ・塩）,yakiniku_steak,/static/media/food/yakiniku_steak.jpg
焼肉きんぐ,厚切り豚カルビ(タレ・塩),yakiniku_steak,/static/media/food/yakiniku_steak.jpg
焼肉きんぐ,豚トロ(タレ・塩),,(tile)
焼肉きんぐ,ソーセージ,sausage,/static/media/food/sausage.jpg
焼肉きんぐ,絶品！炙りベーコン,bacon_dish,
焼肉きんぐ,鶏カルビ(タレ・塩・味噌),yakiniku_steak,/static/media/food/yakiniku_steak.jpg
焼肉きんぐ,鶏なんこつ焼(塩・味噌),,(tile)
焼肉きんぐ,鶏皮(塩・味噌),,(tile)
焼肉きんぐ,やわらかホルモン(塩・味噌),horumon,
焼肉きんぐ,牛レバー(塩・味噌),horumon,
焼肉きんぐ,こりこり牛ホルモン(塩・味噌),horumon,
焼肉きんぐ,【ほりにし焼肉】やわらかホルモン,horumon,
焼肉きんぐ,【ほりにし焼肉】やみつきハラミ【ポーク】,tonkatsu_pork,/static/media/food/tonkatsu_pork.jpg
焼肉きんぐ,【ほりにし焼肉】鶏カルビ,yakiniku_steak,/static/media/food/yakiniku_steak.jpg
焼肉きんぐ,【ほりにし焼肉】鶏皮,yakiniku_steak,/static/media/food/yakiniku_steak.jpg
焼肉きんぐ,【ほりにし焼肉】豚トロ,yakiniku_steak,/static/media/food/yakiniku_steak.jpg
焼肉きんぐ,【ほりにし焼肉】こりこり牛ホルモン,horumon,
焼肉きんぐ,【旨辛焼肉】炎の厚切り豚カルビ,yakiniku_steak,/static/media/food/yakiniku_steak.jpg
焼肉きんぐ,【旨辛焼肉】炎のやわらかホルモン,horumon,
焼肉きんぐ,【旨辛焼肉】炎の鶏皮,yakiniku_steak,/static/media/food/yakiniku_steak.jpg
焼肉きんぐ,【旨辛焼肉】炎の鶏カルビ,yakiniku_steak,/static/media/food/yakiniku_steak.jpg
焼肉きんぐ,【チーズ焼肉】鶏カルビ,yakiniku_steak,/static/media/food/yakiniku_steak.jpg
焼肉きんぐ,【チーズ焼肉】ソーセージ,sausage,/static/media/food/sausage.jpg
焼肉きんぐ,【チーズ焼肉】豚トロ,yakiniku_steak,/static/media/food/yakiniku_steak.jpg
焼肉きんぐ,【チーズ焼肉】やみつきハラミ【ポーク】,tonkatsu_pork,/static/media/food/tonkatsu_pork.jpg
焼肉きんぐ,【青唐焼肉】幻の鶏ハラミ,yakiniku_steak,/static/media/food/yakiniku_steak.jpg
焼肉きんぐ,【青唐焼肉】鶏皮,yakiniku_steak,/static/media/food/yakiniku_steak.jpg
焼肉きんぐ,【青唐焼肉】厚切り豚カルビ,yakiniku_steak,/static/media/food/yakiniku_steak.jpg
焼肉きんぐ,【青唐焼肉】鶏カルビ,yakiniku_steak,/static/media/food/yakiniku_steak.jpg
焼肉きんぐ,イカ焼,,(tile)
焼肉きんぐ,エビ焼,sushi_shrimp,
焼肉きんぐ,エビとイカのバターホイル焼,sushi_shrimp,
焼肉きんぐ,ピーマン焼,,(tile)
焼肉きんぐ,たまねぎ焼,,(tile)
焼肉きんぐ,北海道じゃがバターホイル焼,,(tile)
焼肉きんぐ,焦がし醤油のコーンバター,,(tile)
焼肉きんぐ,しあわせおさつバター,,(tile)
焼肉きんぐ,キムチ盛合せ,kimchi,/static/media/food/kimchi.jpg
焼肉きんぐ,白菜キムチ,kimchi,/static/media/food/kimchi.jpg
焼肉きんぐ,大根キムチ,kimchi,/static/media/food/kimchi.jpg
焼肉きんぐ,きゅうりキムチ,kimchi,/static/media/food/kimchi.jpg
焼肉きんぐ,悪魔の野沢菜キムチ,kimchi,/static/media/food/kimchi.jpg
焼肉きんぐ,スティック唐揚げ,karaage_chicken,/static/media/food/karaage_chicken.jpg
焼肉きんぐ,ひとくちニラチヂミ,okonomiyaki,/static/media/food/okonomiyaki.jpg
焼肉きんぐ,フライドポテト,french_fries,/static/media/food/french_fries.jpg
焼肉きんぐ,カリッとろたこ焼,sushi_platter,/static/media/food/sushi_platter.jpg
焼肉きんぐ,枝豆,edamame,/static/media/food/edamame.jpg
焼肉きんぐ,韓国のり,,(tile)
焼肉きんぐ,ナムル盛り,namul,/static/media/food/namul.jpg
焼肉きんぐ,しゃきしゃきもやしナムル,namul,/static/media/food/namul.jpg
焼肉きんぐ,たっぷり韓国海苔のチョレギサラダ,salad_green,
焼肉きんぐ,ベーコンとチーズのシーザーサラダ,salad_green,
焼肉きんぐ,きんぐのキャベサラ,,(tile)
焼肉きんぐ,パリパリ旨塩キャベツ,,(tile)
焼肉きんぐ,旨塩キュウリ,,(tile)
焼肉きんぐ,サンチュ（３枚）,,(tile)
焼肉きんぐ,ふわふわ玉子スープ,soup_miso,/static/media/food/soup_miso.jpg
焼肉きんぐ,ワカメスープ,soup_miso,/static/media/food/soup_miso.jpg
焼肉きんぐ,冷たいとうもろこしのスープ,soup_miso,/static/media/food/soup_miso.jpg
焼肉きんぐ,旨辛カルビスープ,soup_miso,/static/media/food/soup_miso.jpg
焼肉きんぐ,ひとくち冷麺,hiyashi_chuka,/static/media/food/hiyashi_chuka.jpg
焼肉きんぐ,冷しぶっかけうどん,udon,/static/media/food/udon.jpg
焼肉きんぐ,〆のさっぱり冷しそうめん,,(tile)
焼肉きんぐ,石焼ビビンバ,bibimbap,/static/media/food/bibimbap.jpg
焼肉きんぐ,熱々！石焼ガリバタライス,gohan_rice,
焼肉きんぐ,とろ～りチーズの石焼キーマカレー,curry_rice,/static/media/food/curry_rice.jpg
焼肉きんぐ,ビビンバ,bibimbap,/static/media/food/bibimbap.jpg
焼肉きんぐ,玉子クッパ,tamago_egg,/static/media/food/tamago_egg.jpg
焼肉きんぐ,旨辛カルビクッパ,yakiniku_steak,/static/media/food/yakiniku_steak.jpg
焼肉きんぐ,ごはん,gohan_rice,
焼肉きんぐ,そぼろごはん,gohan_rice,
焼肉きんぐ,【焼肉専用】韓国のり玉ごはん,gohan_rice,
焼肉きんぐ,【焼肉専用】とろろごはん,gohan_rice,
焼肉きんぐ,お子様そぼろごはん,gohan_rice,
焼肉きんぐ,お子様カレー,curry_rice,/static/media/food/curry_rice.jpg
焼肉きんぐ,お子様うどん,udon,/static/media/food/udon.jpg
焼肉きんぐ,焼いて食べてね！お子様パンケーキ,pancakes,
焼肉きんぐ,炙りバラカルビ,yakiniku_steak,/static/media/food/yakiniku_steak.jpg
焼肉きんぐ,ふわふわたまごスープ,soup_miso,/static/media/food/soup_miso.jpg
焼肉きんぐ,〆のさっぱりそうめん,,(tile)
焼肉きんぐ,デザート,,(tile)
焼肉きんぐ,やわらか杏仁豆腐,,(tile)
焼肉きんぐ,みかんゼリー,,(tile)
焼肉きんぐ,プレミアムシャーベット,icecream_parfait,/static/media/food/icecream_parfait.jpg
焼肉きんぐ,バニラソフト,,(tile)
焼肉きんぐ,チョコバニラソフト,chocolate,/static/media/food/chocolate.jpg
焼肉きんぐ,ストロベリーバニラソフト,,(tile)
焼肉きんぐ,黒蜜バニラソフト,,(tile)
焼肉きんぐ,やわもちアイス（黒蜜きなこ）,icecream_parfait,/static/media/food/icecream_parfait.jpg
焼肉きんぐ,やわもちアイス（ラズベリーチーズ）,icecream_parfait,/static/media/food/icecream_parfait.jpg
焼肉きんぐ,井村屋のカステラ,,(tile)
焼肉きんぐ,プレミアムロールケーキ,cake_dessert,/static/media/food/cake_dessert.png
焼肉きんぐ,ショコラケーキ,cake_dessert,/static/media/food/cake_dessert.png
焼肉きんぐ,コカ・コーラ,cola_drink,/static/media/food/cola_drink.jpg
焼肉きんぐ,レモンスカッシュ,lemonade,/static/media/food/lemonade.jpg
焼肉きんぐ,カルピスソーダ,juice_beverage,/static/media/food/juice_beverage.jpg
焼肉きんぐ,カルピスウォーター,,(tile)
焼肉きんぐ,メロンソーダ,juice_beverage,/static/media/food/juice_beverage.jpg
焼肉きんぐ,アップルジュース,juice_beverage,/static/media/food/juice_beverage.jpg
焼肉きんぐ,アイスコーヒー,coffee,/static/media/food/coffee.jpg
焼肉きんぐ,ホットコーヒー,coffee,/static/media/food/coffee.jpg
焼肉きんぐ,ウーロン茶,oolong_tea,
焼肉きんぐ,黒烏龍茶,oolong_tea,
焼肉きんぐ,緑茶,green_tea,/static/media/food/green_tea.jpg
焼肉きんぐ,ルイボスティー,tea_matcha,/static/media/food/tea_matcha.jpg
焼肉きんぐ,ジャスミン茶,tea_matcha,/static/media/food/tea_matcha.jpg
焼肉きんぐ,コーン茶,tea_matcha,/static/media/food/tea_matcha.jpg
焼肉きんぐ,ミルクムース,milk_drink,/static/media/food/milk_drink.jpg
焼肉きんぐ,いちごミルクムース,milk_drink,/static/media/food/milk_drink.jpg
焼肉きんぐ,マンゴーミルクムース,milk_drink,/static/media/food/milk_drink.jpg
焼肉きんぐ,ブルーベリーミルクムース,milk_drink,/static/media/food/milk_drink.jpg
焼肉きんぐ,キリン一番搾り(中),,(tile)
焼肉きんぐ,キリン一番搾り(小),,(tile)
焼肉きんぐ,キリングリーンズフリーノンアルコールALC0.00%,,(tile)
焼肉きんぐ,ハイボール,whisky,/static/media/food/whisky.jpg
焼肉きんぐ,濃いめのハイボール,whisky,/static/media/food/whisky.jpg
焼肉きんぐ,コーラハイボール,whisky,/static/media/food/whisky.jpg
焼肉きんぐ,レモンハイボール,whisky,/static/media/food/whisky.jpg
焼肉きんぐ,梅ハイボール,whisky,/static/media/food/whisky.jpg
焼肉きんぐ,氷結レモンサワー,chuhai,/static/media/food/chuhai.jpg
焼肉きんぐ,濃いめの氷結レモンサワー,chuhai,/static/media/food/chuhai.jpg
焼肉きんぐ,はちみつレモンサワー,chuhai,/static/media/food/chuhai.jpg
焼肉きんぐ,レモンコーラサワー,chuhai,/static/media/food/chuhai.jpg
焼肉きんぐ,カルピスサワー,chuhai,/static/media/food/chuhai.jpg
焼肉きんぐ,梅酒サワー,chuhai,/static/media/food/chuhai.jpg
焼肉きんぐ,緑茶ハイ,chuhai,/static/media/food/chuhai.jpg
焼肉きんぐ,ウーロンハイ,chuhai,/static/media/food/chuhai.jpg
焼肉きんぐ,黒烏龍ハイ,chuhai,/static/media/food/chuhai.jpg
焼肉きんぐ,ジャスミンハイ,chuhai,/static/media/food/chuhai.jpg
焼肉きんぐ,コーン茶ハイ,chuhai,/static/media/food/chuhai.jpg
焼肉きんぐ,濃い抹茶ハイ,chuhai,/static/media/food/chuhai.jpg
焼肉きんぐ,生マッコリ グラス,,(tile)
焼肉きんぐ,生マッコリ ボトル,,(tile)
焼肉きんぐ,【芋】一刻者,,(tile)
焼肉きんぐ,【麦】知心剣,,(tile)
焼肉きんぐ,【米】白岳しろ,,(tile)
焼肉きんぐ,【芋】一刻者ハイボール,whisky,/static/media/food/whisky.jpg
焼肉きんぐ,【麦】知心剣ハイボール,whisky,/static/media/food/whisky.jpg
焼肉きんぐ,【米】白岳しろハイボール,whisky,/static/media/food/whisky.jpg
焼肉きんぐ,梅酒,beer_alcohol,/static/media/food/beer_alcohol.jpg
焼肉きんぐ,冷酒（生貯蔵冷酒）,sake_drink,/static/media/food/sake_drink.jpg
焼肉ライク,ライクオールスターセット,teishoku,/static/media/food/teishoku.jpg
焼肉ライク,厚切り一本カルビセット,teishoku,/static/media/food/teishoku.jpg
焼肉ライク,ライクカルビ＆ハラミセット,teishoku,/static/media/food/teishoku.jpg
焼肉ライク,ハラミ＆上ロースセット,teishoku,/static/media/food/teishoku.jpg
焼肉ライク,上ロース＆鶏むねセット,teishoku,/static/media/food/teishoku.jpg
焼肉ライク,厚切り一本カルビ＆ホルモンセット,teishoku,/static/media/food/teishoku.jpg
焼肉ライク,厚切り3種食べ比べセット,teishoku,/static/media/food/teishoku.jpg
焼肉ライク,大判牛タン＆うす切りカルビセット,teishoku,/static/media/food/teishoku.jpg
焼肉ライク,Wカルビセット,teishoku,/static/media/food/teishoku.jpg
焼肉ライク,鶏味噌焼肉セット,teishoku,/static/media/food/teishoku.jpg
焼肉ライク,Wタン＆ライクカルビセット,teishoku,/static/media/food/teishoku.jpg
焼肉ライク,和牛カルビ＆ハラミ＆大判牛タンセット,teishoku,/static/media/food/teishoku.jpg
焼肉ライク,うす切りカルビセット,teishoku,/static/media/food/teishoku.jpg
焼肉ライク,ちょい焼きセット,teishoku,/static/media/food/teishoku.jpg
焼肉ライク,ライクカルビ,yakiniku_steak,/static/media/food/yakiniku_steak.jpg
焼肉ライク,ハラミ,yakiniku_steak,/static/media/food/yakiniku_steak.jpg
焼肉ライク,上ロース,yakiniku_steak,/static/media/food/yakiniku_steak.jpg
焼肉ライク,和牛カルビ,yakiniku_steak,/static/media/food/yakiniku_steak.jpg
焼肉ライク,大判牛タン,gyutan,/static/media/food/gyutan.jpg
焼肉ライク,厚切り豚タン,,(tile)
焼肉ライク,うす切りカルビ,yakiniku_steak,/static/media/food/yakiniku_steak.jpg
焼肉ライク,豚カルビ,yakiniku_steak,/static/media/food/yakiniku_steak.jpg
焼肉ライク,牛ホルモン,horumon,
焼肉ライク,但馬鶏もも,,(tile)
焼肉ライク,お好み焼肉セット,teishoku,/static/media/food/teishoku.jpg
焼肉ライク,焼肉屋のちょい足しカレー,curry_rice,/static/media/food/curry_rice.jpg
焼肉ライク,焼肉専用！TKGトッピング,yakiniku_steak,/static/media/food/yakiniku_steak.jpg
焼肉ライク,ねぎだれ,,(tile)
焼肉ライク,ミニチョレギサラダ,salad_green,
焼肉ライク,チョレギサラダ,salad_green,
焼肉ライク,サンチュ,,(tile)
焼肉ライク,韓国のり,,(tile)
焼肉ライク,スープ,soup_miso,/static/media/food/soup_miso.jpg
焼肉ライク,キムチ,kimchi,/static/media/food/kimchi.jpg
焼肉ライク,生卵,tamago_egg,/static/media/food/tamago_egg.jpg
焼肉ライク,ごはん,gohan_rice,
焼肉ライク,おかわりごはん,gohan_rice,
焼肉ライク,スタミナ4種盛りセット,teishoku,/static/media/food/teishoku.jpg
焼肉ライク,牛バラホルモンセット,teishoku,/static/media/food/teishoku.jpg
焼肉ライク,匠カルビ＆牛すき焼肉セット,teishoku,/static/media/food/teishoku.jpg
焼肉ライク,牛豚鶏3種盛りセット,teishoku,/static/media/food/teishoku.jpg
焼肉ライク,牛バラ＆鶏もも＆ホルモンセット,teishoku,/static/media/food/teishoku.jpg
焼肉ライク,生ビール（ジョッキ）,beer_alcohol,/static/media/food/beer_alcohol.jpg
焼肉ライク,ハイボール（ジョッキ）,whisky,/static/media/food/whisky.jpg
焼肉ライク,レモンサワー（ジョッキ）,chuhai,/static/media/food/chuhai.jpg
焼肉ライク,ウーロンハイ（ジョッキ）,chuhai,/static/media/food/chuhai.jpg
熱海おさかな-大食堂,トロとろとろ丼,donburi_rice,/static/media/food/donburi_rice.jpg
熱海おさかな-大食堂,海鮮てっぺん丼,donburi_rice,/static/media/food/donburi_rice.jpg
熱海おさかな-大食堂,海鮮てっぺん小丼,donburi_rice,/static/media/food/donburi_rice.jpg
熱海おさかな-大食堂,まぐろ赤身丼,donburi_rice,/static/media/food/donburi_rice.jpg
熱海おさかな-大食堂,ねぎとろ桶丼,donburi_rice,/static/media/food/donburi_rice.jpg
熱海おさかな-大食堂,まぐろユッケ丼,donburi_rice,/static/media/food/donburi_rice.jpg
熱海おさかな-大食堂,南まぐろ赤身丼,donburi_rice,/static/media/food/donburi_rice.jpg
熱海おさかな-大食堂,本まぐろトロ丼,donburi_rice,/static/media/food/donburi_rice.jpg
熱海おさかな-大食堂,おっきい魚とちっさい魚丼,donburi_rice,/static/media/food/donburi_rice.jpg
熱海おさかな-大食堂,サーモンといくら丼,donburi_rice,/static/media/food/donburi_rice.jpg
熱海おさかな-大食堂,まぐろサーモンアボカ丼,donburi_rice,/static/media/food/donburi_rice.jpg
熱海おさかな-大食堂,3種海鮮食べ比べ丼,donburi_rice,/static/media/food/donburi_rice.jpg
熱海おさかな-大食堂,おさかな食堂5色丼,donburi_rice,/static/media/food/donburi_rice.jpg
熱海おさかな-大食堂,釜揚げシラスどっさり丼,donburi_rice,/static/media/food/donburi_rice.jpg
熱海おさかな-大食堂,5種海鮮わっぱめし,,(tile)
熱海おさかな-大食堂,えび丼,donburi_rice,/static/media/food/donburi_rice.jpg
熱海おさかな-大食堂,金目鯛丼,donburi_rice,/static/media/food/donburi_rice.jpg
熱海おさかな-大食堂,うにカニいくらめし,,(tile)
熱海おさかな-大食堂,贅沢丼 ~うに・トロ・いくら~,donburi_rice,/static/media/food/donburi_rice.jpg
熱海おさかな-大食堂,大漁海鮮金目鯛てっぺん丼,donburi_rice,/static/media/food/donburi_rice.jpg
熱海おさかな-大食堂,ネギトロ小丼,donburi_rice,/static/media/food/donburi_rice.jpg
熱海おさかな-大食堂,釜揚げシラス小丼,donburi_rice,/static/media/food/donburi_rice.jpg
熱海おさかな-大食堂,青のり汁,,(tile)
熱海おさかな-大食堂,あら汁,,(tile)
熱海おさかな-大食堂,海老汁,sushi_shrimp,
熱海おさかな-大食堂,熱海プリン,pudding,
熱海おさかな-大食堂,とんかつ定食,teishoku,/static/media/food/teishoku.jpg
熱海おさかな-大食堂,生姜焼き定食,teishoku,/static/media/food/teishoku.jpg
熱海おさかな-大食堂,本日の煮付けお刺身定食,teishoku,/static/media/food/teishoku.jpg
熱海おさかな-大食堂,鯵フライ定食,teishoku,/static/media/food/teishoku.jpg
熱海おさかな-大食堂,トロまぐろ炙り定食,teishoku,/static/media/food/teishoku.jpg
熱海おさかな-大食堂,おさかな食堂大漁定食,teishoku,/static/media/food/teishoku.jpg
熱海おさかな-大食堂,金目鯛定食,teishoku,/static/media/food/teishoku.jpg
熱海おさかな-大食堂,お子さま丼ぶりセット,teishoku,/static/media/food/teishoku.jpg
牛角,牛角タン塩,gyutan,/static/media/food/gyutan.jpg
牛角,ねぎ牛タン塩,gyutan,/static/media/food/gyutan.jpg
牛角,上タン塩,gyutan,/static/media/food/gyutan.jpg
牛角,とんタン塩,gyutan,/static/media/food/gyutan.jpg
牛角,ねぎとんタン塩,gyutan,/static/media/food/gyutan.jpg
牛角,梅とんタン塩,gyutan,/static/media/food/gyutan.jpg
牛角,牛角上カルビ,yakiniku_steak,/static/media/food/yakiniku_steak.jpg
牛角,王様カルビ,yakiniku_steak,/static/media/food/yakiniku_steak.jpg
牛角,厳選とろカルビ,yakiniku_steak,/static/media/food/yakiniku_steak.jpg
牛角,ガリバタとろカルビ,yakiniku_steak,/static/media/food/yakiniku_steak.jpg
牛角,牛角上ハラミ,yakiniku_steak,/static/media/food/yakiniku_steak.jpg
牛角,やみつきハラミ,yakiniku_steak,/static/media/food/yakiniku_steak.jpg
牛角,牛ハラミ,yakiniku_steak,/static/media/food/yakiniku_steak.jpg
牛角,厚切りサガリ,,(tile)
牛角,牛角ロース,yakiniku_steak,/static/media/food/yakiniku_steak.jpg
牛角,黒毛和牛カルビ,yakiniku_steak,/static/media/food/yakiniku_steak.jpg
牛角,黒毛和牛上カルビ,yakiniku_steak,/static/media/food/yakiniku_steak.jpg
牛角,黒毛和牛上赤身くらした,sushi_tuna,/static/media/food/sushi_tuna.jpg
牛角,黒毛和牛 うらハラミ,yakiniku_steak,/static/media/food/yakiniku_steak.jpg
牛角,黒毛和牛 ゲタカルビ,yakiniku_steak,/static/media/food/yakiniku_steak.jpg
牛角,黒毛和牛切り落とし,,(tile)
牛角,ねぎ塩豚カルビ,yakiniku_steak,/static/media/food/yakiniku_steak.jpg
牛角,ハニーマスタードポーク,tonkatsu_pork,/static/media/food/tonkatsu_pork.jpg
牛角,豚カルビのはちみつ黒胡椒焼き,yakiniku_steak,/static/media/food/yakiniku_steak.jpg
牛角,ブラックガーリックピートロ,,(tile)
牛角,チーズ旨辛チキン,karaage_chicken,/static/media/food/karaage_chicken.jpg
牛角,旨辛チキン,karaage_chicken,/static/media/food/karaage_chicken.jpg
牛角,チーズチキンバジル,karaage_chicken,/static/media/food/karaage_chicken.jpg
牛角,チキンバジル,karaage_chicken,/static/media/food/karaage_chicken.jpg
牛角,豚カルビ,yakiniku_steak,/static/media/food/yakiniku_steak.jpg
牛角,豚ハラミ,yakiniku_steak,/static/media/food/yakiniku_steak.jpg
牛角,ピートロ,,(tile)
牛角,肉厚！極旨ロース,yakiniku_steak,/static/media/food/yakiniku_steak.jpg
牛角,ふりそで,,(tile)
牛角,とりもも,,(tile)
牛角,ぼんちり,,(tile)
牛角,やげん軟骨,,(tile)
牛角,厚切りミノ,horumon,
牛角,シマチョウ,horumon,
牛角,やみつき豚ホルモン,horumon,
牛角,牛レバー,horumon,
牛角,ホルモン四種盛り,horumon,
牛角,バラエティー四種盛り,tea_matcha,/static/media/food/tea_matcha.jpg
牛角,厳選牛角盛り,,(tile)
牛角,コク旨桜ユッケ,,(tile)
牛角,ねぎ塩とろレバー,horumon,
牛角,やみつき塩キャベツ,,(tile)
牛角,丸ごと塩オクラ,,(tile)
牛角,牛角キムチ,kimchi,/static/media/food/kimchi.jpg
牛角,カクテキ,,(tile)
牛角,キムチの2種盛り合わせ,kimchi,/static/media/food/kimchi.jpg
牛角,ナムルの3種盛り合わせ,namul,/static/media/food/namul.jpg
牛角,ピリ辛たたき胡瓜,,(tile)
牛角,さっぱり鶏皮ポン酢,,(tile)
牛角,やみつきパリパリピーマン,,(tile)
牛角,トマトとアボカドのバジルマリネ,salad_green,
牛角,韓国のり,,(tile)
牛角,枝豆,edamame,/static/media/food/edamame.jpg
牛角,絶品！厚切り炙りベーコン,bacon_dish,
牛角,ジュ〜シ〜！ソーセージ,sausage,/static/media/food/sausage.jpg
牛角,にんにくホイル焼き,,(tile)
牛角,コーンバター,,(tile)
牛角,蜜おさつバター,,(tile)
牛角,出汁薫るきのこ焼き,,(tile)
牛角,焼きパイン,donut,/static/media/food/donut.jpg
牛角,国産焼き野菜 ・たまねぎ ・エリンギ ・キャベツ ・ピーマン,,(tile)
牛角,有頭海老（２尾）,sushi_shrimp,
牛角,ししゃも(３尾),,(tile)
牛角,やわらかイカ焼き,,(tile)
牛角,チョレギサラダ,salad_green,
牛角,きのことベーコンのシーザーサラダ,salad_green,
牛角,サンチュ10枚,,(tile)
牛角,サンチュ5枚,,(tile)
牛角,カルビ専用ごはん,gohan_rice,
牛角,ごはん,gohan_rice,
牛角,たっぷりお野菜のミニビビンバ,bibimbap,/static/media/food/bibimbap.jpg
牛角,石焼ビビンバ,bibimbap,/static/media/food/bibimbap.jpg
牛角,旨味たっぷりカルビスープ,soup_miso,/static/media/food/soup_miso.jpg
牛角,旨味たっぷりカルビクッパ,yakiniku_steak,/static/media/food/yakiniku_steak.jpg
牛角,たまごスープ,soup_miso,/static/media/food/soup_miso.jpg
牛角,たまごクッパ,tamago_egg,/static/media/food/tamago_egg.jpg
牛角,わかめスープ,soup_miso,/static/media/food/soup_miso.jpg
牛角,宝華監修 牛角油そば,ramen_shoyu,/static/media/food/ramen_shoyu.jpg
牛角,牛骨辛みそラーメン,ramen_miso,/static/media/food/ramen_miso.jpg
牛角,石鍋ごまねぎ塩ラーメン,ramen_shoyu,/static/media/food/ramen_shoyu.jpg
牛角,牛角冷麺,hiyashi_chuka,/static/media/food/hiyashi_chuka.jpg
牛角,梅しそ冷麺,hiyashi_chuka,/static/media/food/hiyashi_chuka.jpg
牛角,うま辛ビビン冷麺,hiyashi_chuka,/static/media/food/hiyashi_chuka.jpg
牛角,キッズのりラーメン,ramen_shoyu,/static/media/food/ramen_shoyu.jpg
牛角,キッズたまごクッパ,tamago_egg,/static/media/food/tamago_egg.jpg
牛角,キッズプレート,,(tile)
牛角,キッズカレープレート,curry_rice,/static/media/food/curry_rice.jpg
牛角,キッズカルビ,yakiniku_steak,/static/media/food/yakiniku_steak.jpg
牛角,キッズチキン（タレ）,karaage_chicken,/static/media/food/karaage_chicken.jpg
牛角,キッズウィンナー,sausage,/static/media/food/sausage.jpg
牛角,キッズハッシュドポテト,french_fries,/static/media/food/french_fries.jpg
牛角,キッズりんご,,(tile)
牛角,キッズぶどう,,(tile)
牛角,炙ってドーナツアイス,icecream_parfait,/static/media/food/icecream_parfait.jpg
牛角,キャラメルスイートポテトケーキ,cake_dessert,/static/media/food/cake_dessert.png
牛角,牛角アイス バニラ,icecream_parfait,/static/media/food/icecream_parfait.jpg
牛角,牛角アイス 抹茶,icecream_parfait,/static/media/food/icecream_parfait.jpg
牛角,コーヒーゼリーアイス,icecream_parfait,/static/media/food/icecream_parfait.jpg
牛角,季節のシャーベット,icecream_parfait,/static/media/food/icecream_parfait.jpg
牛角,なめらか杏仁豆富,,(tile)
牛角,バニラアイス,icecream_parfait,/static/media/food/icecream_parfait.jpg
牛角,抹茶アイス,icecream_parfait,/static/media/food/icecream_parfait.jpg
牛角,アサヒ スーパードライ 中ジョッキ,,(tile)
牛角,アサヒ スーパードライ 大ジョッキ,,(tile)
牛角,アサヒスーパードライ キンキンタンブラー,,(tile)
牛角,ハイボール,whisky,/static/media/food/whisky.jpg
牛角,ジンジャーハイボール,whisky,/static/media/food/whisky.jpg
牛角,コーラハイボール,whisky,/static/media/food/whisky.jpg
牛角,エナジーハイボール,whisky,/static/media/food/whisky.jpg
牛角,ブラックニッカクリア,,(tile)
牛角,リンゴ酢ハイボール,whisky,/static/media/food/whisky.jpg
牛角,アップルパインサワー,chuhai,/static/media/food/chuhai.jpg
牛角,アップルベリーサワー,chuhai,/static/media/food/chuhai.jpg
牛角,グラス（赤／白）,,(tile)
牛角,ボトル（赤／白）,,(tile)
牛角,かのか（麦／芋）,,(tile)
牛角,トッピング（カットレモン[1個分]）,,(tile)
牛角,トッピング（梅干し[1個]）,,(tile)
牛角,上善如水 純米吟醸（180ml）,sake_drink,/static/media/food/sake_drink.jpg
牛角,豪快 冷酒（180ml）,sake_drink,/static/media/food/sake_drink.jpg
牛角,牛角マッコルリ（300ml）アルコール5％,,(tile)
牛角,生パイナップルサワー,chuhai,/static/media/food/chuhai.jpg
牛角,ごろごろレモンサワー,chuhai,/static/media/food/chuhai.jpg
牛角,黒ウーロンハイ,chuhai,/static/media/food/chuhai.jpg
牛角,玄米こうばし茶ハイ,chuhai,/static/media/food/chuhai.jpg
牛角,白桃サワー,chuhai,/static/media/food/chuhai.jpg
牛角,巨峰サワー,chuhai,/static/media/food/chuhai.jpg
牛角,牛角無糖レモンサワー,chuhai,/static/media/food/chuhai.jpg
牛角,牛角無糖グレフルサワー,chuhai,/static/media/food/chuhai.jpg
牛角,青春サワー,chuhai,/static/media/food/chuhai.jpg
牛角,初恋サワー,chuhai,/static/media/food/chuhai.jpg
牛角,カシス黒ウーロン,cocktail,/static/media/food/cocktail.jpg
牛角,カシスグレープフルーツ,cocktail,/static/media/food/cocktail.jpg
牛角,カシスソーダ,juice_beverage,/static/media/food/juice_beverage.jpg
牛角,ピーチ黒ウーロン,,(tile)
牛角,ピーチグレープフルーツ,,(tile)
牛角,ピーチフィズ,,(tile)
牛角,リンゴジュース,juice_beverage,/static/media/food/juice_beverage.jpg
牛角,ぶどうジュース,juice_beverage,/static/media/food/juice_beverage.jpg
牛角,マンゴーミックスジュース,juice_beverage,/static/media/food/juice_beverage.jpg
牛角,グレープフルーツジュース,juice_beverage,/static/media/food/juice_beverage.jpg
牛角,カルピス,,(tile)
牛角,コカ・コーラ,cola_drink,/static/media/food/cola_drink.jpg
牛角,ジンジャーエール,cola_drink,/static/media/food/cola_drink.jpg
牛角,リアルゴールド,,(tile)
牛角,ノンアルコールビールテイスト アサヒドライゼロ（小瓶）,beer_alcohol,/static/media/food/beer_alcohol.jpg
牛角,黒ウーロン茶（アイス／ホット）,oolong_tea,
牛角,玄米こうばし茶（アイス／ホット）,tea_matcha,/static/media/food/tea_matcha.jpg
牛角,ジャンボジョッキde黒烏龍茶,oolong_tea,
珈琲館-お持ち帰り,燻しベーコンのB.L.Tサンド,burger_classic,/static/media/food/burger_classic.jpg
珈琲館-お持ち帰り,珈琲館のハウスサンドA,burger_classic,/static/media/food/burger_classic.jpg
珈琲館-お持ち帰り,珈琲館のミックスサンドA,burger_classic,/static/media/food/burger_classic.jpg
珈琲館-お持ち帰り,珈琲館のピザトースト,toast_breakfast,/static/media/food/toast_breakfast.jpg
珈琲館-お持ち帰り,粗挽きソーセージのホットドッグ,hotdog,/static/media/food/hotdog.jpg
珈琲館-お持ち帰り,5種野菜のツナサンド,burger_classic,/static/media/food/burger_classic.jpg
珈琲館-お持ち帰り,珈琲館のハウスサンドB,burger_classic,/static/media/food/burger_classic.jpg
珈琲館-お持ち帰り,珈琲館のミックスサンドB,burger_classic,/static/media/food/burger_classic.jpg
珈琲館-お持ち帰り,たっぷり野菜のハムチーズサンド,burger_classic,/static/media/food/burger_classic.jpg
珈琲館-お持ち帰り,珈琲館オリジナル 銅板手焼き トラディショナル・ホットケーキ (2枚),coffee,/static/media/food/coffee.jpg
珈琲館-お持ち帰り,ニューヨークチーズケーキ,cake_dessert,/static/media/food/cake_dessert.png
珈琲館-お持ち帰り,モンブラン,,(tile)
珈琲館-お持ち帰り,ティラミス,cake_dessert,/static/media/food/cake_dessert.png
珈琲館-お持ち帰り,桃のショートケーキ,shortcake,/static/media/food/shortcake.jpg
珈琲館-お持ち帰り,珈琲館の特製ナポリタン,napolitan,/static/media/food/napolitan.jpg
珈琲館-お持ち帰り,昔懐かしいハヤシライス,gohan_rice,
珈琲館-お持ち帰り,珈琲館のビーフカレー,curry_rice,/static/media/food/curry_rice.jpg
珈琲館-お持ち帰り,三元豚の厚切りロースカツカレー,curry_rice,/static/media/food/curry_rice.jpg
珈琲館-お持ち帰り,炭火珈琲 (HOT・ICE),coffee,/static/media/food/coffee.jpg
珈琲館-お持ち帰り,蔭干し珈琲,coffee,/static/media/food/coffee.jpg
珈琲館-お持ち帰り,完熟珈琲,coffee,/static/media/food/coffee.jpg
珈琲館-お持ち帰り,マンデリン G-1,,(tile)
珈琲館-お持ち帰り,エチオピア モカ G-2,,(tile)
珈琲館-お持ち帰り,カフェオレハーモニー (HOT・ICE),,(tile)
珈琲館-お持ち帰り,珈琲館ブレンド,coffee,/static/media/food/coffee.jpg
珈琲館-お持ち帰り,アメリカン,,(tile)
珈琲館-お持ち帰り,紅茶 (ダージリン),tea_matcha,/static/media/food/tea_matcha.jpg
珈琲館-お持ち帰り,アイスティー,tea_matcha,/static/media/food/tea_matcha.jpg
珈琲館-お持ち帰り,オレンジジュース,juice_beverage,/static/media/food/juice_beverage.jpg
珈琲館-お持ち帰り,喫茶店のメロンソーダ,juice_beverage,/static/media/food/juice_beverage.jpg
珈琲館-お持ち帰り,蜂蜜仕立てのレモネード (HOT・ICE),lemonade,/static/media/food/lemonade.jpg
珈琲館-お持ち帰り,蜂蜜仕立てのレモンスカッシュ,lemonade,/static/media/food/lemonade.jpg
磯丸水産,活貝焼き盛り合わせ 並盛り,sushi_platter,/static/media/food/sushi_platter.jpg
磯丸水産,活貝焼き盛り合わせ 大盛り,sushi_platter,/static/media/food/sushi_platter.jpg
磯丸水産,活白蛤(ホンビノス貝)の殻焼き,sushi_platter,/static/media/food/sushi_platter.jpg
磯丸水産,活帆立の殻焼き,,(tile)
磯丸水産,活サザエの殻焼き,,(tile)
磯丸水産,活ホッキ貝の殻焼き,sushi_platter,/static/media/food/sushi_platter.jpg
磯丸水産,名物蟹味噌甲羅焼,,(tile)
磯丸水産,バケット,,(tile)
磯丸水産,イカの浜焼,,(tile)
磯丸水産,浜焼きセット,teishoku,/static/media/food/teishoku.jpg
磯丸水産,つぶ貝の串焼,sushi_platter,/static/media/food/sushi_platter.jpg
磯丸水産,赤海老の串焼,sushi_shrimp,
磯丸水産,ねぎま串(まぐろハラモ),yakitori,/static/media/food/yakitori.jpg
磯丸水産,イワシみりん串,,(tile)
磯丸水産,縞ホッケ,,(tile)
磯丸水産,サーモンのはらす焼き,sushi_salmon,/static/media/food/sushi_salmon.jpg
磯丸水産,厚切り甘鮭焼き,sushi_salmon,/static/media/food/sushi_salmon.jpg
磯丸水産,サバ塩焼き,,(tile)
磯丸水産,まぐろカマ塩焼き,sushi_tuna,/static/media/food/sushi_tuna.jpg
磯丸水産,ブリ大根煮,,(tile)
磯丸水産,金目鯛の煮付け(半身),,(tile)
磯丸水産,うなぎ串焼き,yakitori,/static/media/food/yakitori.jpg
磯丸水産,うなぎの蒲焼き(ハーフ),unagi,/static/media/food/unagi.jpg
磯丸水産,うなぎの蒲焼き(フルサイズ),unagi,/static/media/food/unagi.jpg
磯丸水産,舟盛り,sashimi,/static/media/food/sashimi.jpg
磯丸水産,ゲタ盛り(刺身5点盛り),sashimi,/static/media/food/sashimi.jpg
磯丸水産,刺身3点盛り,sashimi,/static/media/food/sashimi.jpg
磯丸水産,まぐろ ブツ2色枡盛り,sushi_tuna,/static/media/food/sushi_tuna.jpg
磯丸水産,白ブツ枡盛り,,(tile)
磯丸水産,赤ブツ枡盛り,,(tile)
磯丸水産,貝刺し4点盛り,sushi_platter,/static/media/food/sushi_platter.jpg
磯丸水産,しめ鯖の炙り,,(tile)
磯丸水産,活鯵の姿造り,,(tile)
磯丸水産,サーモンの刺身,sashimi,/static/media/food/sashimi.jpg
磯丸水産,鯛の刺身,sashimi,/static/media/food/sashimi.jpg
磯丸水産,ブリの刺身,sashimi,/static/media/food/sashimi.jpg
磯丸水産,活帆立刺し,,(tile)
磯丸水産,活ホッキ貝刺し,sushi_platter,/static/media/food/sushi_platter.jpg
磯丸水産,つぶ貝刺し,sushi_platter,/static/media/food/sushi_platter.jpg
磯丸水産,生本ズワイ蟹の刺身,sashimi,/static/media/food/sashimi.jpg
磯丸水産,カニクリームコロッケ,korokke,/static/media/food/korokke.jpg
磯丸水産,蟹グラタン,gratin,/static/media/food/gratin.jpg
磯丸水産,本ズワイ蟹の天ぷら,tempura,/static/media/food/tempura.jpg
磯丸水産,白子天ぷら,tempura,/static/media/food/tempura.jpg
磯丸水産,白子キムチ,kimchi,/static/media/food/kimchi.jpg
磯丸水産,白子ポン酢,,(tile)
磯丸水産,つまみ鰯,,(tile)
磯丸水産,ブリの旨ゴマ,,(tile)
磯丸水産,海鮮キムチユッケ,kimchi,/static/media/food/kimchi.jpg
磯丸水産,ホタルイカのレバ刺し風,,(tile)
磯丸水産,鯵の葱まみれ,,(tile)
磯丸水産,イカ焼売,shumai,/static/media/food/shumai.jpg
磯丸水産,国産いわしのオイルサーディン,,(tile)
磯丸水産,カマンベールと海老のアヒージョ,ajillo,/static/media/food/ajillo.jpg
磯丸水産,イカとキノコのワタ焼き,,(tile)
磯丸水産,つぶ貝とキノコのガーリック,sushi_platter,/static/media/food/sushi_platter.jpg
磯丸水産,懐かしのタコさんウインナー,sausage,/static/media/food/sausage.jpg
磯丸水産,しらすと海苔の玉子焼,tamago_egg,/static/media/food/tamago_egg.jpg
磯丸水産,半熟玉子の揚げ出しイクラ鬼おろし,tamago_egg,/static/media/food/tamago_egg.jpg
磯丸水産,明太チーズオムレツ,cheese_plate,
磯丸水産,海ぶどうサラダ,salad_green,
磯丸水産,釜揚げしらすとお葱のサラダ,salad_green,
磯丸水産,ポテ壺サラダ,salad_green,
磯丸水産,しらすトルティーヤピザ,pizza,/static/media/food/pizza.jpg
磯丸水産,サーモンとクリームチーズのトルティーヤピザ,pizza,/static/media/food/pizza.jpg
磯丸水産,カキフライ,fry_seafood,/static/media/food/fry_seafood.jpg
磯丸水産,さきいかの天ぷら,tempura,/static/media/food/tempura.jpg
磯丸水産,ポテトフライ,fry_seafood,/static/media/food/fry_seafood.jpg
磯丸水産,鶏もも唐揚(4個),,(tile)
磯丸水産,ちくわの磯部揚,,(tile)
磯丸水産,あさりチャンジャ,,(tile)
磯丸水産,極太メンマ,,(tile)
磯丸水産,梅水晶,,(tile)
磯丸水産,イカの塩辛,,(tile)
磯丸水産,白菜漬け,,(tile)
磯丸水産,ごま塩きゅうり,,(tile)
磯丸水産,枝豆,edamame,/static/media/food/edamame.jpg
磯丸水産,揚げ茄子,,(tile)
磯丸水産,黒ミル貝のごま塩和え,sushi_platter,/static/media/food/sushi_platter.jpg
磯丸水産,もつ煮込み豆腐,motsunabe,/static/media/food/motsunabe.jpg
磯丸水産,ひとくち贅沢こぼれ寿司(海ぶどうのせ),sushi_platter,/static/media/food/sushi_platter.jpg
磯丸水産,生本ズワイ,,(tile)
磯丸水産,茹でズワイ,,(tile)
磯丸水産,しめ鯖,,(tile)
磯丸水産,島寿司,sushi_platter,/static/media/food/sushi_platter.jpg
磯丸水産,ねぎトロ,,(tile)
磯丸水産,うなぎ,unagi,/static/media/food/unagi.jpg
磯丸水産,サーモンとイクラ,sushi_salmon,/static/media/food/sushi_salmon.jpg
磯丸水産,鳥良の鶏らー麺,,(tile)
磯丸水産,蟹チャーハン,chahan,/static/media/food/chahan.jpg
磯丸水産,磯丸4色丼,donburi_rice,/static/media/food/donburi_rice.jpg
磯丸水産,磯丸5色丼,donburi_rice,/static/media/food/donburi_rice.jpg
磯丸水産,バラチラシ丼,donburi_rice,/static/media/food/donburi_rice.jpg
磯丸水産,まぐろサーモンねぎトロ丼,donburi_rice,/static/media/food/donburi_rice.jpg
磯丸水産,海鮮こぼれ丼,donburi_rice,/static/media/food/donburi_rice.jpg
磯丸水産,まぐろ2色丼,donburi_rice,/static/media/food/donburi_rice.jpg
磯丸水産,まぐろ丼,donburi_rice,/static/media/food/donburi_rice.jpg
磯丸水産,びんちょうまぐろ丼,donburi_rice,/static/media/food/donburi_rice.jpg
磯丸水産,まぐろ3食丼,donburi_rice,/static/media/food/donburi_rice.jpg
磯丸水産,ねぎトロ丼,donburi_rice,/static/media/food/donburi_rice.jpg
磯丸水産,4色漬け丼,donburi_rice,/static/media/food/donburi_rice.jpg
磯丸水産,まぐろ2色とブリの漬け丼,donburi_rice,/static/media/food/donburi_rice.jpg
磯丸水産,まぐろ2色漬け丼,donburi_rice,/static/media/food/donburi_rice.jpg
磯丸水産,サーモンとブリの漬け丼,donburi_rice,/static/media/food/donburi_rice.jpg
磯丸水産,サーモンといくらの親子丼,donburi_rice,/static/media/food/donburi_rice.jpg
磯丸水産,サーモン3色丼,donburi_rice,/static/media/food/donburi_rice.jpg
磯丸水産,いくらサーモンねぎトロ丼,donburi_rice,/static/media/food/donburi_rice.jpg
磯丸水産,サーモン4色丼,donburi_rice,/static/media/food/donburi_rice.jpg
磯丸水産,サーモンと穴子の炙り丼,donburi_rice,/static/media/food/donburi_rice.jpg
磯丸水産,いくら雲丹丼,donburi_rice,/static/media/food/donburi_rice.jpg
磯丸水産,鯛の胡麻茶漬け丼,donburi_rice,/static/media/food/donburi_rice.jpg
磯丸水産,鯛丼,donburi_rice,/static/media/food/donburi_rice.jpg
磯丸水産,しらすまぐろ丼,donburi_rice,/static/media/food/donburi_rice.jpg
磯丸水産,しらすブリ丼,donburi_rice,/static/media/food/donburi_rice.jpg
磯丸水産,しらすサーモン丼,donburi_rice,/static/media/food/donburi_rice.jpg
磯丸水産,しらす鯛丼,donburi_rice,/static/media/food/donburi_rice.jpg
磯丸水産,うな丼 並,unagi,/static/media/food/unagi.jpg
磯丸水産,うな丼 上,unagi,/static/media/food/unagi.jpg
磯丸水産,お刺身盛り合わせ定食,teishoku,/static/media/food/teishoku.jpg
磯丸水産,ブリ大根定食,teishoku,/static/media/food/teishoku.jpg
磯丸水産,ホッケ焼き定食,teishoku,/static/media/food/teishoku.jpg
磯丸水産,サバの塩焼き定食,teishoku,/static/media/food/teishoku.jpg
磯丸水産,厚切り甘塩鮭定食,teishoku,/static/media/food/teishoku.jpg
磯丸水産,カキフライ定食,teishoku,/static/media/food/teishoku.jpg
磯丸水産,海鮮ミックスフライ定食,teishoku,/static/media/food/teishoku.jpg
磯丸水産,うなぎ蒲焼定食,teishoku,/static/media/food/teishoku.jpg
磯丸水産,磯丸ちょい寿司セット(そば/うどん),teishoku,/static/media/food/teishoku.jpg
磯丸水産,選べる海鮮小丼ぶりとそば・うどんセット,teishoku,/static/media/food/teishoku.jpg
磯丸水産,そば単品,soba,/static/media/food/soba.jpg
磯丸水産,うどん単品,udon,/static/media/food/udon.jpg
磯丸水産,蟹味噌焼きおにぎり,onigiri,/static/media/food/onigiri.jpg
磯丸水産,ご飯セット(汁物・漬物付き),teishoku,/static/media/food/teishoku.jpg
磯丸水産,生海苔味噌汁,soup_miso,/static/media/food/soup_miso.jpg
磯丸水産,マンゴー入り杏仁豆腐,,(tile)
磯丸水産,たい焼きアイス,icecream_parfait,/static/media/food/icecream_parfait.jpg
磯丸水産,メロンボール,,(tile)
磯丸水産,レモンサワー,chuhai,/static/media/food/chuhai.jpg
磯丸水産,生レモンサワー,chuhai,/static/media/food/chuhai.jpg
磯丸水産,氷結 レモン,,(tile)
磯丸水産,氷結 無糖レモン,,(tile)
磯丸水産,ウーロン茶割り,oolong_tea,
磯丸水産,カテキン緑茶割り,green_tea,/static/media/food/green_tea.jpg
磯丸水産,ジャスミン茶割り,tea_matcha,/static/media/food/tea_matcha.jpg
磯丸水産,生青汁ハイ,chuhai,/static/media/food/chuhai.jpg
磯丸水産,ポン酢サワー,chuhai,/static/media/food/chuhai.jpg
磯丸水産,チューハイ,chuhai,/static/media/food/chuhai.jpg
磯丸水産,トマトチューハイ,chuhai,/static/media/food/chuhai.jpg
磯丸水産,柚子はちみつサワー,chuhai,/static/media/food/chuhai.jpg
磯丸水産,男梅サワー,chuhai,/static/media/food/chuhai.jpg
磯丸水産,カルピスサワー,chuhai,/static/media/food/chuhai.jpg
磯丸水産,生グレープフルーツサワー,chuhai,/static/media/food/chuhai.jpg
磯丸水産,三ケ日みかんサワー,chuhai,/static/media/food/chuhai.jpg
磯丸水産,沖縄パイナップルサワー,chuhai,/static/media/food/chuhai.jpg
磯丸水産,山ぶどうサワー,chuhai,/static/media/food/chuhai.jpg
磯丸水産,シークワーサーサワー,chuhai,/static/media/food/chuhai.jpg
磯丸水産,1丁目ハイボール,whisky,/static/media/food/whisky.jpg
磯丸水産,2丁目柚子はち,,(tile)
磯丸水産,3丁目山ぶどう,,(tile)
磯丸水産,4丁目ブラック,,(tile)
磯丸水産,5丁目ジンジャー,,(tile)
磯丸水産,ハイボール ジョニー・ウォーカー,whisky,/static/media/food/whisky.jpg
磯丸水産,ハイボール富士,whisky,/static/media/food/whisky.jpg
磯丸水産,極上レモンサワー,chuhai,/static/media/food/chuhai.jpg
磯丸水産,極上生レモンサワー,chuhai,/static/media/food/chuhai.jpg
磯丸水産,極上チューハイ,chuhai,/static/media/food/chuhai.jpg
磯丸水産,極上生グレープフルーツサワー,chuhai,/static/media/food/chuhai.jpg
磯丸水産,極上ウーロン茶割り,oolong_tea,
磯丸水産,極上カテキン緑茶割り,green_tea,/static/media/food/green_tea.jpg
磯丸水産,極上ジャスミン茶割り,tea_matcha,/static/media/food/tea_matcha.jpg
磯丸水産,極上生青汁ハイ,chuhai,/static/media/food/chuhai.jpg
磯丸水産,生ビール(一番搾り),beer_alcohol,/static/media/food/beer_alcohol.jpg
磯丸水産,本日のクラフトビール,beer_alcohol,/static/media/food/beer_alcohol.jpg
磯丸水産,ノンアルコールビール(キリングリーンズフリー),beer_alcohol,/static/media/food/beer_alcohol.jpg
磯丸水産,ホッピーセット(白・黒),teishoku,/static/media/food/teishoku.jpg
磯丸水産,ホッピー(白・黒),,(tile)
磯丸水産,お替り焼酎,shochu,/static/media/food/shochu.jpg
磯丸水産,レッドブルサワー,chuhai,/static/media/food/chuhai.jpg
磯丸水産,レッドブルハイボール,whisky,/static/media/food/whisky.jpg
磯丸水産,お替りウイスキー,whisky,/static/media/food/whisky.jpg
磯丸水産,グラスワイン 白,wine_drink,/static/media/food/wine_drink.jpg
磯丸水産,グラスワイン 赤,wine_drink,/static/media/food/wine_drink.jpg
磯丸水産,ワインジョッキロック 白,wine_drink,/static/media/food/wine_drink.jpg
磯丸水産,ワインジョッキロック 赤,wine_drink,/static/media/food/wine_drink.jpg
磯丸水産,スパークリングワイン 白,wine_drink,/static/media/food/wine_drink.jpg
磯丸水産,梅酒(ロック・炭酸割り),beer_alcohol,/static/media/food/beer_alcohol.jpg
磯丸水産,風神 日本酒(凍らせ冷酒),sake_drink,/static/media/food/sake_drink.jpg
磯丸水産,雷神 焼酎 梅,shochu,/static/media/food/shochu.jpg
磯丸水産,雷神 焼酎 ブドウ,shochu,/static/media/food/shochu.jpg
磯丸水産,雷神 焼酎 生姜,shochu,/static/media/food/shochu.jpg
磯丸水産,黒島波(芋),,(tile)
磯丸水産,黒甕(芋),,(tile)
磯丸水産,一刻者(芋),,(tile)
磯丸水産,白水(麦),,(tile)
磯丸水産,イサイナ(芋),,(tile)
磯丸水産,磯丸純米酒,beer_alcohol,/static/media/food/beer_alcohol.jpg
磯丸水産,桃川 にごり酒,beer_alcohol,/static/media/food/beer_alcohol.jpg
磯丸水産,兵庫男山,,(tile)
磯丸水産,酔鯨,,(tile)
磯丸水産,八海山,,(tile)
磯丸水産,松竹梅 豪快樽酒,beer_alcohol,/static/media/food/beer_alcohol.jpg
磯丸水産,松竹梅白壁蔵 澪(スパークリング清酒),beer_alcohol,/static/media/food/beer_alcohol.jpg
磯丸水産,澪 FROZEN,,(tile)
磯丸水産,熱燗 松竹梅 豪快(小),sake_drink,/static/media/food/sake_drink.jpg
磯丸水産,熱燗 松竹梅 豪快(大),sake_drink,/static/media/food/sake_drink.jpg
磯丸水産,ウーロン茶,oolong_tea,
磯丸水産,カテキン緑茶,green_tea,/static/media/food/green_tea.jpg
磯丸水産,ジャスミン茶,tea_matcha,/static/media/food/tea_matcha.jpg
磯丸水産,生青汁,,(tile)
磯丸水産,カルピス,,(tile)
磯丸水産,コーラ,cola_drink,/static/media/food/cola_drink.jpg
磯丸水産,ラムネ,,(tile)
磯丸水産,オレンジジュース,juice_beverage,/static/media/food/juice_beverage.jpg
磯丸水産,レッドブル,,(tile)
磯丸水産,カロリミットノンアル梅酒テイスト,beer_alcohol,/static/media/food/beer_alcohol.jpg
磯丸水産,カロリミットアップルスパークリング,champagne,/static/media/food/champagne.jpg
磯丸水産,氷0 スパークリングレモン シチリア風,champagne,/static/media/food/champagne.jpg
福しん,手もみラーメン（醤油）,ramen_shoyu,/static/media/food/ramen_shoyu.jpg
福しん,味噌ラーメン,ramen_miso,/static/media/food/ramen_miso.jpg
福しん,もやしラーメン,ramen_shoyu,/static/media/food/ramen_shoyu.jpg
福しん,野菜タンメン,,(tile)
福しん,みそ野菜タンメン,,(tile)
福しん,味玉ラーメン,ramen_shoyu,/static/media/food/ramen_shoyu.jpg
福しん,塩ラーメン,ramen_shoyu,/static/media/food/ramen_shoyu.jpg
福しん,塩チャーシューメン,chashu,/static/media/food/chashu.jpg
福しん,とんこつラーメン,ramen_tonkotsu,
福しん,とんこつチャーシューメン,chashu,/static/media/food/chashu.jpg
福しん,チャーシューメン,chashu,/static/media/food/chashu.jpg
福しん,マーボーラーメン,ramen_shoyu,/static/media/food/ramen_shoyu.jpg
福しん,五目あんかけラーメン,ramen_shoyu,/static/media/food/ramen_shoyu.jpg
福しん,五目あんかけかた焼きそば（一部店舗のみの販売）,yakisoba,/static/media/food/yakisoba.jpg
福しん,Aセット（ギョウザ付）＋,teishoku,/static/media/food/teishoku.jpg
福しん,Bセット（半チャーハン付）＋,teishoku,/static/media/food/teishoku.jpg
福しん,麺大盛 ＋,,(tile)
福しん,麺特盛 ＋,,(tile)
福しん,麺少なめ −,,(tile)
福しん,追加トッピング あじたま ＋,,(tile)
福しん,追加トッピング もやし ＋,,(tile)
福しん,追加トッピング のり4枚 ＋,,(tile)
福しん,追加トッピング チャーシュー4枚 ＋,chashu,/static/media/food/chashu.jpg
福しん,ギョウザ定食（8個）,teishoku,/static/media/food/teishoku.jpg
福しん,レバニラ炒め定食,teishoku,/static/media/food/teishoku.jpg
福しん,レバニラ炒め定食 餃子セット,teishoku,/static/media/food/teishoku.jpg
福しん,野菜炒め定食,teishoku,/static/media/food/teishoku.jpg
福しん,野菜炒め定食 餃子セット,teishoku,/static/media/food/teishoku.jpg
福しん,生姜焼き定食,teishoku,/static/media/food/teishoku.jpg
福しん,生姜焼き定食 餃子セット,teishoku,/static/media/food/teishoku.jpg
福しん,肉野菜炒め定食,teishoku,/static/media/food/teishoku.jpg
福しん,肉野菜炒め定食 餃子セット,teishoku,/static/media/food/teishoku.jpg
福しん,マーボー豆腐定食,teishoku,/static/media/food/teishoku.jpg
福しん,マーボー豆腐定食 餃子セット,teishoku,/static/media/food/teishoku.jpg
福しん,豚キムチ定食,teishoku,/static/media/food/teishoku.jpg
福しん,豚キムチ定食 餃子セット,teishoku,/static/media/food/teishoku.jpg
福しん,から揚げ定食（店舗限定）,teishoku,/static/media/food/teishoku.jpg
福しん,から揚げ定食（店舗限定） 餃子セット,teishoku,/static/media/food/teishoku.jpg
福しん,チンジャオロース定食,teishoku,/static/media/food/teishoku.jpg
福しん,チンジャオロース定食 餃子セット,teishoku,/static/media/food/teishoku.jpg
福しん,中華丼,donburi_rice,/static/media/food/donburi_rice.jpg
福しん,中華丼 餃子セット,donburi_rice,/static/media/food/donburi_rice.jpg
福しん,チャーハン（スープ付き）,chahan,/static/media/food/chahan.jpg
福しん,チャーハン 餃子セット,chahan,/static/media/food/chahan.jpg
福しん,肉チャーハン（スープ付き）,chahan,/static/media/food/chahan.jpg
福しん,肉チャーハン 餃子セット,chahan,/static/media/food/chahan.jpg
福しん,天津飯,tenshinhan,/static/media/food/tenshinhan.jpg
福しん,天津飯 餃子セット,tenshinhan,/static/media/food/tenshinhan.jpg
福しん,レバニラ炒め 単品,,(tile)
福しん,野菜炒め 単品,yasai_itame,/static/media/food/yasai_itame.jpg
福しん,生姜焼き 単品,tonkatsu_pork,/static/media/food/tonkatsu_pork.jpg
福しん,肉野菜炒め 単品,yasai_itame,/static/media/food/yasai_itame.jpg
福しん,マーボー豆腐 単品,mapo_tofu,/static/media/food/mapo_tofu.jpg
福しん,豚キムチ 単品,kimchi,/static/media/food/kimchi.jpg
福しん,から揚げ 単品,karaage_chicken,/static/media/food/karaage_chicken.jpg
福しん,チンジャオロース 単品,yakiniku_steak,/static/media/food/yakiniku_steak.jpg
福しん,おともラーメン（定食・丼・チャーハンに）＋,ramen_shoyu,/static/media/food/ramen_shoyu.jpg
福しん,おとも＋餃子セット（定食・丼・チャーハンに）＋,teishoku,/static/media/food/teishoku.jpg
福しん,ライス,gohan_rice,
福しん,ギョウザ（6個）,,(tile)
福しん,Wギョウザ（12個）,,(tile)
福しん,生ビール中（アサヒスーパードライ）,beer_alcohol,/static/media/food/beer_alcohol.jpg
福しん,生ビールセット（生ビール中と餃子6個）,teishoku,/static/media/food/teishoku.jpg
福しん,福しんサワー,chuhai,/static/media/food/chuhai.jpg
福しん,コカ・コーラ,cola_drink,/static/media/food/cola_drink.jpg
福しん,ウーロン茶・緑茶,green_tea,/static/media/food/green_tea.jpg
福しん,あじたま,,(tile)
福しん,もやしナムル,namul,/static/media/food/namul.jpg
福しん,メンマ,,(tile)
福しん,冷やっこ,,(tile)
福しん,ザーサイ,,(tile)
福しん,ウンパイロウ,donut,/static/media/food/donut.jpg
美千味-春のおすすめ,筍の若竹煮,,(tile)
美千味-春のおすすめ,菜の花のペペロンチーノ スパゲッティ,pasta,/static/media/food/pasta.jpg
美千味-春のおすすめ,真鯛と新玉ねぎのカルパッチョ,carpaccio,/static/media/food/carpaccio.jpg
美千味-春のおすすめ,カブのそぼろあんかけ,,(tile)
美千味-春のおすすめ,浅利バター,,(tile)
美千味-春のおすすめ,ヤングコーンとソーセージのマヨカレーピザ,pizza,/static/media/food/pizza.jpg
美千味-春のおすすめ,そら豆と海老のかき揚げ,tempura,/static/media/food/tempura.jpg
美千味-春のおすすめ,鶏だんごと新ゴボウの煮物,,(tile)
美千味-春のおすすめ,アスパラとベーコンの鉄板チーズ焼き,cheese_plate,
美千味-春のおすすめ,春キャベツと豚バラのサッと揚げポン酢,,(tile)
美千味-春のおすすめ,枝豆,edamame,/static/media/food/edamame.jpg
美千味-春のおすすめ,熱燗・冷酒,sake_drink,/static/media/food/sake_drink.jpg
肉五郎,白センマイ,horumon,
肉五郎,炙りユッケ,,(tile)
肉五郎,極上!丹波黒毛和牛,,(tile)
肉五郎,上タン塩,gyutan,/static/media/food/gyutan.jpg
肉五郎,味付けタン,,(tile)
肉五郎,ねぎ塩上タンツラ,gyutan,/static/media/food/gyutan.jpg
肉五郎,和牛タンカルビ,yakiniku_steak,/static/media/food/yakiniku_steak.jpg
肉五郎,厚切りタン,,(tile)
肉五郎,タン塩,gyutan,/static/media/food/gyutan.jpg
肉五郎,タン塩ユッケ,gyutan,/static/media/food/gyutan.jpg
肉五郎,ねぎ塩タン,,(tile)
肉五郎,タン塩タタキ,gyutan,/static/media/food/gyutan.jpg
肉五郎,ハラミ,yakiniku_steak,/static/media/food/yakiniku_steak.jpg
肉五郎,塩ハラミ,yakiniku_steak,/static/media/food/yakiniku_steak.jpg
肉五郎,味噌ねぎハラミ,yakiniku_steak,/static/media/food/yakiniku_steak.jpg
肉五郎,ガーリックハラミ,yakiniku_steak,/static/media/food/yakiniku_steak.jpg
肉五郎,和牛カルビ,yakiniku_steak,/static/media/food/yakiniku_steak.jpg
肉五郎,塩カルビ,yakiniku_steak,/static/media/food/yakiniku_steak.jpg
肉五郎,ガーリックカルビ,yakiniku_steak,/static/media/food/yakiniku_steak.jpg
肉五郎,和牛ロース,yakiniku_steak,/static/media/food/yakiniku_steak.jpg
肉五郎,味付ねぎロース,yakiniku_steak,/static/media/food/yakiniku_steak.jpg
肉五郎,和牛生ロース,yakiniku_steak,/static/media/food/yakiniku_steak.jpg
肉五郎,和牛ホルモン,horumon,
肉五郎,和牛テッチャン,,(tile)
肉五郎,やわらかハチノス,,(tile)
肉五郎,のどなんこつ,,(tile)
肉五郎,ぜっぴんミノ,horumon,
肉五郎,アカセン,,(tile)
肉五郎,レバー,horumon,
肉五郎,ウルテ,,(tile)
肉五郎,コブクロ,,(tile)
肉五郎,リードヴォー,,(tile)
肉五郎,アブシン,,(tile)
肉五郎,コリコリ,,(tile)
肉五郎,あご,,(tile)
肉五郎,しびれ,,(tile)
肉五郎,フワ,,(tile)
肉五郎,カシラ,,(tile)
肉五郎,和牛ツラミ,,(tile)
肉五郎,炙りレバー,horumon,
肉五郎,和牛塩ホルモン,horumon,
肉五郎,ハーストステーキ,steak_plate,/static/media/food/steak_plate.jpg
肉五郎,ホルモン盛り,horumon,
肉五郎,塩ホルモン盛り,horumon,
肉五郎,ごちゃ混ぜ盛り,,(tile)
肉五郎,ごちゃ混ぜにんにくみれ,,(tile)
肉五郎,焼肉盛り,yakiniku_steak,/static/media/food/yakiniku_steak.jpg
肉五郎,特イチボステーキ,steak_plate,/static/media/food/steak_plate.jpg
肉五郎,和牛タタキカルビ,yakiniku_steak,/static/media/food/yakiniku_steak.jpg
肉五郎,赤身と脂のバランス,sushi_tuna,/static/media/food/sushi_tuna.jpg
肉五郎,特上盛り,,(tile)
肉五郎,キムチ,kimchi,/static/media/food/kimchi.jpg
肉五郎,カクテキ,,(tile)
肉五郎,オイキムチ,kimchi,/static/media/food/kimchi.jpg
肉五郎,山芋キムチ,kimchi,/static/media/food/kimchi.jpg
肉五郎,トマトキムチ,kimchi,/static/media/food/kimchi.jpg
肉五郎,豆もやし,,(tile)
肉五郎,チャンジャキムチ,kimchi,/static/media/food/kimchi.jpg
肉五郎,韓国のり,,(tile)
肉五郎,帆立貝ヒモ,sushi_platter,/static/media/food/sushi_platter.jpg
肉五郎,地らっきょ,,(tile)
肉五郎,豚トロ,,(tile)
肉五郎,味付け豚足,,(tile)
肉五郎,鶏もも,,(tile)
肉五郎,鶏せせり,horumon,
肉五郎,ウインナー,sausage,/static/media/food/sausage.jpg
肉五郎,ゆでタン,,(tile)
肉五郎,手羽煮,yakitori,/static/media/food/yakitori.jpg
肉五郎,牛すじ煮込み,,(tile)
肉五郎,肉五郎ポテトサラダ,salad_green,
肉五郎,肉五郎サラダ,salad_green,
肉五郎,チョレギサラダ,salad_green,
肉五郎,彩りめんキャベツ,,(tile)
肉五郎,肉五郎ホルモンスープ,soup_miso,/static/media/food/soup_miso.jpg
肉五郎,野菜スープ,soup_miso,/static/media/food/soup_miso.jpg
肉五郎,ワカメスープ,soup_miso,/static/media/food/soup_miso.jpg
肉五郎,玉子スープ,soup_miso,/static/media/food/soup_miso.jpg
肉五郎,のり玉子スープ,soup_miso,/static/media/food/soup_miso.jpg
肉五郎,わかめ玉子スープ,soup_miso,/static/media/food/soup_miso.jpg
肉五郎,チシャ菜,,(tile)
肉五郎,チョレギ,,(tile)
肉五郎,ピーマン,,(tile)
肉五郎,なすび,,(tile)
肉五郎,山芋,,(tile)
肉五郎,エリンギ,,(tile)
肉五郎,しいたけ,,(tile)
肉五郎,にんにく焼き,,(tile)
肉五郎,健康野菜盛り,,(tile)
肉五郎,ごはん (小),gohan_rice,
肉五郎,ごはん (中),gohan_rice,
肉五郎,ごはん (大),gohan_rice,
肉五郎,手作り牛すじカレー,curry_rice,/static/media/food/curry_rice.jpg
肉五郎,のり玉クッパ,,(tile)
肉五郎,ホルモン辛クッパ,horumon,
肉五郎,こだわりご飯,gohan_rice,
肉五郎,紀州梅冷麺,hiyashi_chuka,/static/media/food/hiyashi_chuka.jpg
肉五郎,すだち冷麺,hiyashi_chuka,/static/media/food/hiyashi_chuka.jpg
肉五郎,ホルモン辛ラーメン,ramen_shoyu,/static/media/food/ramen_shoyu.jpg
肉五郎,牛乳アイス,icecream_parfait,/static/media/food/icecream_parfait.jpg
肉五郎,季節のアイス,icecream_parfait,/static/media/food/icecream_parfait.jpg
萬作-おしながき,つくね,yakitori,/static/media/food/yakitori.jpg
萬作-おしながき,ねぎま,yakitori,/static/media/food/yakitori.jpg
萬作-おしながき,心,,(tile)
萬作-おしながき,ずり,,(tile)
萬作-おしながき,なんこつ,,(tile)
萬作-おしながき,かわ,,(tile)
萬作-おしながき,親鳥,,(tile)
萬作-おしながき,合鴨,,(tile)
萬作-おしながき,せせり,horumon,
萬作-おしながき,ねっく,,(tile)
萬作-おしながき,手羽先,karaage_chicken,/static/media/food/karaage_chicken.jpg
萬作-おしながき,ささみ塩,,(tile)
萬作-おしながき,ささみ梅,,(tile)
萬作-おしながき,ささみ塩たれ,,(tile)
萬作-おしながき,手串,,(tile)
萬作-おしながき,さんかく,,(tile)
萬作-おしながき,鴨もも,,(tile)
萬作-おしながき,いかだ,sushi_platter,/static/media/food/sushi_platter.jpg
萬作-おしながき,大根おろし,,(tile)
萬作-おしながき,もろきゅう,,(tile)
萬作-おしながき,豆もやし,,(tile)
萬作-おしながき,厚あげ焼,,(tile)
萬作-おしながき,冷やっこ,,(tile)
萬作-おしながき,ポテトサラダ,salad_green,
萬作-おしながき,ジャガバター,,(tile)
萬作-おしながき,しいたけ,,(tile)
萬作-おしながき,しめじ焼,,(tile)
萬作-おしながき,焼きなす,,(tile)
萬作-おしながき,なす田楽,miso_dengaku,/static/media/food/miso_dengaku.jpg
萬作-おしながき,ささみ納豆,natto,/static/media/food/natto.jpg
萬作-おしながき,湯どうふ,,(tile)
萬作-おしながき,キムチ,kimchi,/static/media/food/kimchi.jpg
萬作-おしながき,漬物盛合せ,tsukemono,/static/media/food/tsukemono.jpg
萬作-おしながき,ささみ造り,,(tile)
萬作-おしながき,ずり造り,,(tile)
萬作-おしながき,心造り,,(tile)
萬作-おしながき,ささみたたき,,(tile)
萬作-おしながき,ささみ梅たたき,,(tile)
萬作-おしながき,つくねちゃんこ (二人前より),yakitori,/static/media/food/yakitori.jpg
萬作-おしながき,各種具材追加 (もも等),,(tile)
萬作-おしながき,しめ (雑炊・うどん・ラーメン),ramen_shoyu,/static/media/food/ramen_shoyu.jpg
萬作-おしながき,アサヒ樽生ビール (中),beer_alcohol,/static/media/food/beer_alcohol.jpg
萬作-おしながき,アサヒスーパードライ びんビール (大瓶),beer_alcohol,/static/media/food/beer_alcohol.jpg
萬作-おしながき,ノンアルコールビール,beer_alcohol,/static/media/food/beer_alcohol.jpg
萬作-おしながき,アサヒドライゼロ,,(tile)
萬作-おしながき,チューハイ レモン・ライム・カルピス,chuhai,/static/media/food/chuhai.jpg
萬作-おしながき,チューハイ カシス・ザクロ,chuhai,/static/media/food/chuhai.jpg
萬作-おしながき,ウーロンハイ,chuhai,/static/media/food/chuhai.jpg
萬作-おしながき,特製シークワーサーチューハイ,chuhai,/static/media/food/chuhai.jpg
萬作-おしながき,スクイーズ (グレープフルーツ・梨),,(tile)
萬作-おしながき,焼酎 (芋・麦),shochu,/static/media/food/shochu.jpg
萬作-おしながき,まさんぐ,,(tile)
萬作-おしながき,千亀女 (芋),,(tile)
萬作-おしながき,大石 (麦),,(tile)
萬作-おしながき,ウイスキー (スーパーニッカ) (シングル),whisky,/static/media/food/whisky.jpg
萬作-おしながき,ウイスキー (スーパーニッカ) (ダブル),whisky,/static/media/food/whisky.jpg
萬作-おしながき,バーボン (Wバーバー) (シングル),,(tile)
萬作-おしながき,バーボン (Wバーバー) (ダブル),,(tile)
萬作-おしながき,ハイボール (スーパーニッカ),whisky,/static/media/food/whisky.jpg
萬作-おしながき,ソフトドリンク オレンジ,,(tile)
萬作-おしながき,ソフトドリンク ウーロン茶,oolong_tea,
萬作-おしながき,ソフトドリンク コーラ,cola_drink,/static/media/food/cola_drink.jpg
萬作-おしながき,ソフトドリンク ジンジャーエール,cola_drink,/static/media/food/cola_drink.jpg
萬作-おしながき,ソフトドリンク カルピス,,(tile)
萬作-おしながき,ソフトドリンク カルピスソーダ,juice_beverage,/static/media/food/juice_beverage.jpg
萬作-おしながき,日本酒 熱燗,sake_drink,/static/media/food/sake_drink.jpg
萬作-おしながき,日本酒 冷酒,sake_drink,/static/media/food/sake_drink.jpg
萬作-おしながき,ワイン シャトー・ル・グラン・ヴォー (赤),wine_drink,/static/media/food/wine_drink.jpg
萬作-おしながき,ワイン シャトー・ル・グラン・ヴォー (白),wine_drink,/static/media/food/wine_drink.jpg
萬作-おしながき,ワイン プライヴェート・リザーヴ (フランス・ミディアムボディ),wine_drink,/static/media/food/wine_drink.jpg
萬作-おしながき,ワイン ジュナール・シャルドネ (フランス・辛口),wine_drink,/static/media/food/wine_drink.jpg
萬作-おしながき,ワイン シャトー・ル・グラン・ヴォー (赤) グラス,wine_drink,/static/media/food/wine_drink.jpg
萬作-おしながき,ワイン シャトー・ル・グラン・ヴォー (白) グラス,wine_drink,/static/media/food/wine_drink.jpg
萬作-おしながき,ワイン プライヴェート・リザーヴ (赤) グラス,wine_drink,/static/media/food/wine_drink.jpg
萬作-おしながき,ワイン ジュナール・シャルドネ (白) グラス,wine_drink,/static/media/food/wine_drink.jpg
萬作-おしながき,梅酒,beer_alcohol,/static/media/food/beer_alcohol.jpg
萬作-おしながき,サワー レモン,chuhai,/static/media/food/chuhai.jpg
萬作-おしながき,サワー ライム,chuhai,/static/media/food/chuhai.jpg
萬作-おしながき,サワー カルピス,chuhai,/static/media/food/chuhai.jpg
萬作-おしながき,サワー カシス,chuhai,/static/media/food/chuhai.jpg
萬作-おしながき,サワー ザクロ,chuhai,/static/media/food/chuhai.jpg
萬作-おしながき,サワー グレープフルーツ,chuhai,/static/media/food/chuhai.jpg
萬作-おしながき,サワー 梨,chuhai,/static/media/food/chuhai.jpg
萬作-おしながき,サワー シークワーサー,chuhai,/static/media/food/chuhai.jpg
萬作-おしながき,焼おにぎり (二ヶ),onigiri,/static/media/food/onigiri.jpg
萬作-おしながき,おにぎり (二ヶ) 梅・しゃけ・かつお・こんぶ,onigiri,/static/media/food/onigiri.jpg
萬作-おしながき,のり茶漬,tea_matcha,/static/media/food/tea_matcha.jpg
萬作-おしながき,しゃけ茶漬,tea_matcha,/static/media/food/tea_matcha.jpg
萬作-おしながき,梅茶漬,tea_matcha,/static/media/food/tea_matcha.jpg
萬作-おしながき,アイスクリーム (バニラ・抹茶),icecream_parfait,/static/media/food/icecream_parfait.jpg
萬作-おしながき,やきとりスープ,soup_miso,/static/media/food/soup_miso.jpg
萬作-おしながき,梅,,(tile)
萬作-おしながき,らっきょう,,(tile)
萬作-おしながき,そうすい,,(tile)
藍屋,初夏の薫りの味わい膳,,(tile)
藍屋,焼津産藁薫かつおのたたき,tonkatsu_pork,/static/media/food/tonkatsu_pork.jpg
藍屋,焼津産藁薫かつおの竜田揚げ,karaage_chicken,/static/media/food/karaage_chicken.jpg
藍屋,桜海老のばら天のせ香味ぶっかけそばと藁薫かつおのたたき,tonkatsu_pork,/static/media/food/tonkatsu_pork.jpg
藍屋,乙姫ちらしの味彩御膳,teishoku,/static/media/food/teishoku.jpg
藍屋,藍屋の口福ばらちらし,sushi_platter,/static/media/food/sushi_platter.jpg
藍屋,麹づくしの発酵美膳《鮭》,sushi_salmon,/static/media/food/sushi_salmon.jpg
藍屋,麹づくしの発酵美膳《豚》,,(tile)
藍屋,富山県産ほたるいかとアスパラの陶板焼き,sushi_platter,/static/media/food/sushi_platter.jpg
藍屋,駿河湾産桜海老のおつまみばら天,sushi_shrimp,
藍屋,季節の天ぷら盛り合わせ,tempura,/static/media/food/tempura.jpg
藍屋,富山県産ほたるいかの天ぷら,tempura,/static/media/food/tempura.jpg
藍屋,富山県産ほたるいかの刺身,sashimi,/static/media/food/sashimi.jpg
藍屋,マスクメロンのあまさけ,,(tile)
藍屋,自家製プリンアラモード友禅,pudding,
藍屋,マスクメロンの一口甘味三彩,,(tile)
藍屋,マスクメロン,,(tile)
藍屋,マスクメロンの白玉あんみつ,anmitsu,/static/media/food/anmitsu.jpg
藍屋,マスクメロンの白玉クリームあんみつ（バニラアイス）,anmitsu,/static/media/food/anmitsu.jpg
藍屋,マスクメロンの白玉クリームあんみつ（抹茶アイス）,anmitsu,/static/media/food/anmitsu.jpg
藍屋,ミニマスクメロンと和三盆ムース,,(tile)
藍屋,ミニマスクメロンと抹茶ババロア,tea_matcha,/static/media/food/tea_matcha.jpg
藍屋,浜名湖産うなぎと季節の賑わい膳,unagi,/static/media/food/unagi.jpg
藍屋,浜名湖産うなぎ味楽膳ひつまぶし風,unagi,/static/media/food/unagi.jpg
藍屋,浜名湖産うな重膳,unagi,/static/media/food/unagi.jpg
藍屋,泉州水なすの浅漬け,tsukemono,/static/media/food/tsukemono.jpg
藍屋,ふろふき大根と豚の角煮の炊き合わせ,,(tile)
藍屋,にしんと筍の炊き合わせ,,(tile)
藍屋,三種の突き出し,,(tile)
藍屋,野菜せいろ蒸し,,(tile)
藍屋,熟成サーロインと野菜の陶板焼き,steak_plate,/static/media/food/steak_plate.jpg
藍屋,自家製おぼろ豆富,,(tile)
藍屋,鶏の手羽先揚げ（2本）,karaage_chicken,/static/media/food/karaage_chicken.jpg
藍屋,長崎県産あじフライ,fry_seafood,/static/media/food/fry_seafood.jpg
藍屋,若鶏竜田黒酢揚げ［2個］,,(tile)
藍屋,若鶏の唐揚げ［4個］,karaage_chicken,/static/media/food/karaage_chicken.jpg
藍屋,たこの唐揚げ,karaage_chicken,/static/media/food/karaage_chicken.jpg
藍屋,海老フライ,fry_seafood,/static/media/food/fry_seafood.jpg
藍屋,大判さばの塩焼き,,(tile)
藍屋,銀だら西京焼き,,(tile)
藍屋,金目鯛の姿煮,,(tile)
藍屋,柚子香るいかの塩辛,sushi_platter,/static/media/food/sushi_platter.jpg
藍屋,厚焼き玉子,tamagoyaki,/static/media/food/tamagoyaki.jpg
藍屋,揚げ出し豆腐,,(tile)
藍屋,月見つくね串,yakitori,/static/media/food/yakitori.jpg
藍屋,宇和島産じゃこ天,,(tile)
藍屋,きたあかりのじゃがバター,,(tile)
藍屋,きたあかりと塩辛のマヨネーズ焼き,,(tile)
藍屋,小松菜と湯葉の昆布和え,,(tile)
藍屋,丸ごぼうの甘辛煮,,(tile)
藍屋,国産とろろ,,(tile)
藍屋,枝豆,edamame,/static/media/food/edamame.jpg
藍屋,藍屋サラダ,salad_green,
藍屋,おぼろ豆富のサラダ,salad_green,
藍屋,海藻ミネラルサラダ,salad_green,
藍屋,刺身四種盛り合わせ,sashimi,/static/media/food/sashimi.jpg
藍屋,青森県産いか刺身,sashimi,/static/media/food/sashimi.jpg
藍屋,天草産活〆真鯛刺身,sashimi,/static/media/food/sashimi.jpg
藍屋,本まぐろ刺身,sashimi,/static/media/food/sashimi.jpg
藍屋,北海道産ほたて刺身,sashimi,/static/media/food/sashimi.jpg
藍屋,背トロサーモン刺身,sashimi,/static/media/food/sashimi.jpg
藍屋,活〆一本穴子天ぷら,tempura,/static/media/food/tempura.jpg
藍屋,大車海老天［1本］,sushi_shrimp,
藍屋,海老［1本］,sushi_shrimp,
藍屋,きす［1枚］,,(tile)
藍屋,かぼちゃ［2個］,,(tile)
藍屋,なす（［2個］,,(tile)
藍屋,乙姫ちらし膳,sushi_platter,/static/media/food/sushi_platter.jpg
藍屋,松花堂弁当《熟成サーロインステーキ付き》,steak_plate,/static/media/food/steak_plate.jpg
藍屋,黒毛和牛のすき鍋御膳,teishoku,/static/media/food/teishoku.jpg
藍屋,藍屋天丼膳,donburi_rice,/static/media/food/donburi_rice.jpg
藍屋,厳選刺身天ぷら御膳,teishoku,/static/media/food/teishoku.jpg
藍屋,《国産》金目鯛の姿煮とけんちん汁セット,teishoku,/static/media/food/teishoku.jpg
藍屋,大判さば塩焼き,,(tile)
藍屋,ハンバーグ海老フライ,fry_seafood,/static/media/food/fry_seafood.jpg
藍屋,ひれかつ煮,tonkatsu_pork,/static/media/food/tonkatsu_pork.jpg
藍屋,海鮮フライと若鶏竜田,fry_seafood,/static/media/food/fry_seafood.jpg
藍屋,柔らかひれかつ,tonkatsu_pork,/static/media/food/tonkatsu_pork.jpg
藍屋,豚肉の柳川風,,(tile)
藍屋,和風ハンバーグ,yakiniku_steak,/static/media/food/yakiniku_steak.jpg
藍屋,若鶏の竜田揚げと野菜の黒酢あんかけ,karaage_chicken,/static/media/food/karaage_chicken.jpg
藍屋,若鶏のから揚げ,karaage_chicken,/static/media/food/karaage_chicken.jpg
藍屋,宇和島風出汁かけ鯛めし御膳と長崎県産あじフライ,fry_seafood,/static/media/food/fry_seafood.jpg
藍屋,豚肉つけ汁うどん,udon,/static/media/food/udon.jpg
藍屋,海老天ぷらうどん［温］,udon,/static/media/food/udon.jpg
藍屋,海老天せいろうどん［冷］,udon,/static/media/food/udon.jpg
藍屋,あったかうどん［温］,udon,/static/media/food/udon.jpg
藍屋,せいろうどん［冷］,udon,/static/media/food/udon.jpg
藍屋,豚肉つけ汁うどん定食,teishoku,/static/media/food/teishoku.jpg
藍屋,海老天せいろそば［冷］,soba,/static/media/food/soba.jpg
藍屋,三彩海老天せいろそば,soba,/static/media/food/soba.jpg
藍屋,くるみそば［冷］,soba,/static/media/food/soba.jpg
藍屋,海老天ぷらそば［温］,soba,/static/media/food/soba.jpg
藍屋,国産とろろそば［温］,soba,/static/media/food/soba.jpg
藍屋,国産とろろせいろそば［冷］,soba,/static/media/food/soba.jpg
藍屋,豚肉つけ汁そば,soba,/static/media/food/soba.jpg
藍屋,特製 旨炊きにしんそば,soba,/static/media/food/soba.jpg
藍屋,あったかそば［温］,soba,/static/media/food/soba.jpg
藍屋,せいろそば［冷］,soba,/static/media/food/soba.jpg
藍屋,お昼の国産とろろせいろそば定食,teishoku,/static/media/food/teishoku.jpg
藍屋,特製 旨炊きにしんそば定食,teishoku,/static/media/food/teishoku.jpg
藍屋,海老天せいろそば,soba,/static/media/food/soba.jpg
藍屋,くるみそば,soba,/static/media/food/soba.jpg
藍屋,お昼の国産とろろそば定食,teishoku,/static/media/food/teishoku.jpg
藍屋,豚肉つけ汁そば定食,teishoku,/static/media/food/teishoku.jpg
藍屋,黒糖ゼリーと和三盆ムースのパフェ,icecream_parfait,/static/media/food/icecream_parfait.jpg
藍屋,豆乳レアチーズムース,cheese_plate,
藍屋,栗ぜんざい,,(tile)
藍屋,冷やしクリーム白玉ぜんざい,anmitsu,/static/media/food/anmitsu.jpg
藍屋,懐かしのプリン,pudding,
藍屋,バニラアイス,icecream_parfait,/static/media/food/icecream_parfait.jpg
藍屋,抹茶アイス,icecream_parfait,/static/media/food/icecream_parfait.jpg
藍屋,豆かんてん,,(tile)
藍屋,白玉クリームあんみつ,anmitsu,/static/media/food/anmitsu.jpg
藍屋,白玉あんみつ,anmitsu,/static/media/food/anmitsu.jpg
藍屋,藍屋御膳ジュニア［おもちゃつき］,teishoku,/static/media/food/teishoku.jpg
藍屋,お子様うどん［おもちゃつき］,udon,/static/media/food/udon.jpg
藍屋,お子様ねぎとろ［おもちゃつき］,sushi_tuna,/static/media/food/sushi_tuna.jpg
藍屋,お子様低アレルゲンカレー［おもちゃつき］,curry_rice,/static/media/food/curry_rice.jpg
藍屋,一品お子様うどん（温または冷）,udon,/static/media/food/udon.jpg
藍屋,季節御飯,,(tile)
藍屋,小天丼,donburi_rice,/static/media/food/donburi_rice.jpg
藍屋,小サーモン丼,donburi_rice,/static/media/food/donburi_rice.jpg
藍屋,小ねぎとろ丼,donburi_rice,/static/media/food/donburi_rice.jpg
藍屋,小いくら丼,donburi_rice,/static/media/food/donburi_rice.jpg
藍屋,白鷹 本醸造 兵庫（約180ml）,,(tile)
藍屋,菊水 本醸造 新潟（300ml）,,(tile)
藍屋,八海山 特別本醸造 新潟（180ml）,,(tile)
藍屋,紀土 純米 和歌山（約140ml）,sake_drink,/static/media/food/sake_drink.jpg
藍屋,羽根屋 特別純米 富山（約140ml）,sake_drink,/static/media/food/sake_drink.jpg
藍屋,鍋島 特別純米 佐賀（約140ml）,sake_drink,/static/media/food/sake_drink.jpg
藍屋,水芭蕉 純米吟醸 群馬（約140ml）,sake_drink,/static/media/food/sake_drink.jpg
藍屋,東洋美人 純米吟醸 山口（約140ml）,sake_drink,/static/media/food/sake_drink.jpg
藍屋,写楽 純米吟醸 福島（約140ml）,sake_drink,/static/media/food/sake_drink.jpg
藍屋,満寿泉 大吟醸 富山（約140ml）,sake_drink,/static/media/food/sake_drink.jpg
藍屋,作 純米大吟醸 三重（約140ml）,sake_drink,/static/media/food/sake_drink.jpg
藍屋,利き酒セット,teishoku,/static/media/food/teishoku.jpg
藍屋,サントリー ザ・プレミアムモルツ（中ジョッキ）,,(tile)
藍屋,キリンクラシックラガー（中瓶）,,(tile)
藍屋,アサヒ ドライゼロ,,(tile)
藍屋,フィーバーツリー トニックウォーター,,(tile)
藍屋,角ハイボール,whisky,/static/media/food/whisky.jpg
藍屋,『極』生搾りレモンサワー,chuhai,/static/media/food/chuhai.jpg
藍屋,『極』紀州産南高梅梅しそサワー,chuhai,/static/media/food/chuhai.jpg
藍屋,紀州産南高梅干しサワー,chuhai,/static/media/food/chuhai.jpg
藍屋,抹茶ハイ,chuhai,/static/media/food/chuhai.jpg
藍屋,レモンサワー,chuhai,/static/media/food/chuhai.jpg
藍屋,ウーロンハイ,chuhai,/static/media/food/chuhai.jpg
藍屋,紀州産 南高梅酒（ロック／ソーダ割り）,juice_beverage,/static/media/food/juice_beverage.jpg
藍屋,赤ワイン（250ml）,wine_drink,/static/media/food/wine_drink.jpg
藍屋,白ワイン（250ml）,wine_drink,/static/media/food/wine_drink.jpg
藍屋,黒霧島（グラス）,,(tile)
藍屋,いいちこシルエット（グラス）,,(tile)
藍屋,［おすすめ］ちょい呑みセット,teishoku,/static/media/food/teishoku.jpg
藍屋,静岡産べにふうき和紅茶,tea_matcha,/static/media/food/tea_matcha.jpg
藍屋,静岡産安倍川本山茶,tea_matcha,/static/media/food/tea_matcha.jpg
藍屋,はちみつレモンスカッシュ,lemonade,/static/media/food/lemonade.jpg
藍屋,クリームソーダ,juice_beverage,/static/media/food/juice_beverage.jpg
藍屋,メロンソーダ,juice_beverage,/static/media/food/juice_beverage.jpg
藍屋,コカ・コーラ,cola_drink,/static/media/food/cola_drink.jpg
藍屋,コーヒー,coffee,/static/media/food/coffee.jpg
藍屋,紅茶,tea_matcha,/static/media/food/tea_matcha.jpg
藍屋,冷やし抹茶,tea_matcha,/static/media/food/tea_matcha.jpg
藍屋,アイスコーヒー,coffee,/static/media/food/coffee.jpg
藍屋,アイスティー,tea_matcha,/static/media/food/tea_matcha.jpg
藍屋,ウーロン茶,oolong_tea,
藍屋,野菜と果実飲料,,(tile)
藍屋,オレンジジュース（濃縮還元）,juice_beverage,/static/media/food/juice_beverage.jpg
藍屋,八海山麴だけでつくったあまさけ（アイス）,icecream_parfait,/static/media/food/icecream_parfait.jpg
藍屋,八海山麴だけでつくったあまさけ（ホット）,,(tile)
藍屋,お昼の彩り弁当,bento,/static/media/food/bento.jpg
藍屋,藍屋御膳,teishoku,/static/media/food/teishoku.jpg
藍屋,天丼ランチ,teishoku,/static/media/food/teishoku.jpg
藍屋,ねぎとろ丼,donburi_rice,/static/media/food/donburi_rice.jpg
藍屋,せいろうどんと小天丼または小ねぎとろ丼セット,teishoku,/static/media/food/teishoku.jpg
藍屋,あったかそばと小天丼または小ねぎとろ丼セット,teishoku,/static/media/food/teishoku.jpg
藍屋,若鶏のから揚げと定食セット,teishoku,/static/media/food/teishoku.jpg
藍屋,若鶏の竜田揚げと野菜の黒酢あんかけと定食セット,teishoku,/static/media/food/teishoku.jpg
藍屋,上天丼ランチ,teishoku,/static/media/food/teishoku.jpg
藍屋,宇和島風出汁かけ鯛めし御膳,teishoku,/static/media/food/teishoku.jpg
藍屋,＜お得なミニデザートセット＞ミニあんみつ,anmitsu,/static/media/food/anmitsu.jpg
藍屋,＜お得なミニデザートセット＞ミニ黒糖ゼリー,teishoku,/static/media/food/teishoku.jpg
藍屋,＜お得なミニデザートセット＞懐かしプリン～たっぷりホイップ添え～,pudding,
藍屋,【ランチタイム限定】ソフトドリンク［全8種］,teishoku,/static/media/food/teishoku.jpg
藍屋,＜ハッピーアワー＞サントリー ザ・プレミアムモルツ（中ジョッキ）,,(tile)
藍屋,＜ハッピーアワー＞紀州産 南高梅酒（ロック／ソーダ割り）,juice_beverage,/static/media/food/juice_beverage.jpg
藍屋,＜ハッピーアワー＞角ハイボール,whisky,/static/media/food/whisky.jpg
藍屋,＜ハッピーアワー＞レモンサワー,chuhai,/static/media/food/chuhai.jpg
藍屋,＜ハッピーアワー＞ウーロンハイ,chuhai,/static/media/food/chuhai.jpg
藍屋,＜ハッピーアワー＞燗酒,beer_alcohol,/static/media/food/beer_alcohol.jpg
藍屋,花鳥風月,,(tile)
藍屋,まごころコース,,(tile)
藍屋,おもてなしコース,,(tile)
藍屋,響（黒毛和牛すき鍋）,,(tile)
藍屋,平日限定宴コース（スタンダード飲み放題付き）,,(tile)
藍屋,おつまみ充実コース,,(tile)
藍屋,スタンダード飲み放題（120分）,,(tile)
藍屋,プレミアム飲み放題（120分）,,(tile)
藍屋,ソフトドリンク飲み放題,,(tile)
藍屋,プレミアムソフトドリンク飲み放題,,(tile)
藍屋,祝い鯛姿焼き,,(tile)
藍屋,お食い初めお祝い膳［祝い鯛姿焼き付き］,,(tile)
藍屋,影膳,,(tile)
金目鯛とく-熱海本店-食事,魚屋のまかない丼定食 (てんこ盛り),teishoku,/static/media/food/teishoku.jpg
金目鯛とく-熱海本店-食事,金目鯛の紅白二色丼定食,teishoku,/static/media/food/teishoku.jpg
金目鯛とく-熱海本店-食事,網元のシラスてんこ盛丼定食,teishoku,/static/media/food/teishoku.jpg
金目鯛とく-熱海本店-食事,舟盛り金目鯛煮付けづくし定食,teishoku,/static/media/food/teishoku.jpg
金目鯛とく-熱海本店-食事,金目鯛の西京焼と味噌焼の味くらべ定食,teishoku,/static/media/food/teishoku.jpg
金目鯛とく-熱海本店-食事,金目鯛ひつまぶし重,,(tile)
金目鯛とく-熱海本店-食事,漬けサーモンまぐろ丼定食,teishoku,/static/media/food/teishoku.jpg
金目鯛とく-熱海本店-食事,網元厳選まぐろ三色丼定食,teishoku,/static/media/food/teishoku.jpg
金目鯛とく-熱海本店-食事,ウニ・イクラのせ特上生ほたて丼定食,teishoku,/static/media/food/teishoku.jpg
金目鯛とく-熱海本店-食事,ウニ・イクラのせ網元あわび丼定食,teishoku,/static/media/food/teishoku.jpg
金目鯛とく-熱海本店-食事,秘伝みそタレの厚切り焼き豚丼定食 上,teishoku,/static/media/food/teishoku.jpg
金目鯛とく-熱海本店-食事,秘伝みそタレの厚切り焼き豚丼定食 特上,teishoku,/static/media/food/teishoku.jpg
金目鯛とく-熱海本店-食事,静岡うなぎひつまぶし重,unagi,/static/media/food/unagi.jpg
金目鯛とく-熱海本店-食事,静岡うなぎひつまぶし重 (大),unagi,/static/media/food/unagi.jpg
金目鯛とく-熱海本店-食事,イクラのせアワビ,,(tile)
金目鯛とく-熱海本店-食事,イクラのせ金目鯛,,(tile)
金目鯛とく-熱海本店-食事,マグロの生ハラミ,yakiniku_steak,/static/media/food/yakiniku_steak.jpg
金目鯛とく-熱海本店-食事,うにのせ厚切り焼き豚,,(tile)
金目鯛とく-熱海本店-食事,秘伝みそタレの厚切り焼き豚,,(tile)
金目鯛とく-熱海本店-食事,金目鯛の煮付け (漁師飯),,(tile)
金目鯛とく-熱海本店-食事,金目鯛の焼き魚 (漁師焼),,(tile)
金目鯛とく-熱海本店-食事,キンメひもの,,(tile)
金目鯛とく-熱海本店-食事,とろ大あじひもの,,(tile)
金目鯛とく-熱海本店-食事,イカの塩辛,,(tile)
金目鯛とく-熱海本店-食事,イカの塩辛 (大盛り),,(tile)
金目鯛とく-熱海本店-食事,カニの甲羅揚げ,,(tile)
金目鯛とく-熱海本店-食事,カニの甲羅揚げ (大),,(tile)
金目鯛とく-熱海本店-食事,刺身盛り合わせ,sashimi,/static/media/food/sashimi.jpg
金目鯛とく-熱海本店-食事,刺身盛り合わせ (大),sashimi,/static/media/food/sashimi.jpg
金目鯛とく-熱海本店-食事,金目鯛の煮付け,,(tile)
金目鯛とく-熱海本店-食事,金目鯛の煮付け (大),,(tile)
金目鯛とく-熱海本店-食事,厚切り焼き豚,,(tile)
金目鯛とく-熱海本店-食事,厚切り焼き豚 (大),,(tile)
金目鯛とく-熱海本店-食事,しらすおろし,,(tile)
金目鯛とく-熱海本店-食事,しらすおろし (大),,(tile)
金目鯛とく-熱海本店-食事,伊豆みかん,,(tile)
金目鯛とく-熱海本店-食事,伊豆みかん (大),,(tile)
金目鯛とく-熱海本店-食事,わさび漬け,,(tile)
金目鯛とく-熱海本店-食事,わさび漬け (大),,(tile)
金目鯛とく-熱海本店-食事,しそわかめ佃煮,,(tile)
金目鯛とく-熱海本店-食事,しそわかめ佃煮 (大),,(tile)
金目鯛とく-熱海本店-食事,静岡麦酒生ビール,beer_alcohol,/static/media/food/beer_alcohol.jpg
金目鯛とく-熱海本店-食事,静岡麦酒生ビール (2杯セット),beer_alcohol,/static/media/food/beer_alcohol.jpg
金目鯛とく-熱海本店-食事,ハイボール,whisky,/static/media/food/whisky.jpg
金目鯛とく-熱海本店-食事,ハイボール (2杯セット),whisky,/static/media/food/whisky.jpg
金目鯛とく-熱海本店-食事,ウーロンハイ,chuhai,/static/media/food/chuhai.jpg
金目鯛とく-熱海本店-食事,ウーロンハイ (2杯セット),chuhai,/static/media/food/chuhai.jpg
金目鯛とく-熱海本店-食事,レモンサワー,chuhai,/static/media/food/chuhai.jpg
金目鯛とく-熱海本店-食事,レモンサワー (2杯セット),chuhai,/static/media/food/chuhai.jpg
金目鯛とく-熱海本店-食事,伊豆地酒 あらばしり,beer_alcohol,/static/media/food/beer_alcohol.jpg
金目鯛とく-熱海本店-食事,静岡地酒 花の舞,beer_alcohol,/static/media/food/beer_alcohol.jpg
金目鯛とく-熱海本店-食事,コーラ,cola_drink,/static/media/food/cola_drink.jpg
金目鯛とく-熱海本店-食事,オレンジ,,(tile)
金目鯛とく-熱海本店-食事,ウーロン茶,oolong_tea,
銀座ウエスト,Vanilla Ice Cream,icecream_parfait,/static/media/food/icecream_parfait.jpg
銀座ウエスト,Matcha Ice Cream,icecream_parfait,/static/media/food/icecream_parfait.jpg
銀座ウエスト,Vanilla & Matcha Ice Cream,icecream_parfait,/static/media/food/icecream_parfait.jpg
銀座ウエスト,Pie a la mode,,(tile)
銀座ウエスト,Espresso Affogato,icecream_parfait,/static/media/food/icecream_parfait.jpg
銀座ウエスト,Banana Sundae,icecream_parfait,/static/media/food/icecream_parfait.jpg
銀座ウエスト,ハムサンド (Ham Sandwich),burger_classic,/static/media/food/burger_classic.jpg
銀座ウエスト,ヤサイサンド (Vegetable Sandwich),burger_classic,/static/media/food/burger_classic.jpg
銀座ウエスト,タマゴサンド (Egg Sandwich),burger_classic,/static/media/food/burger_classic.jpg
銀座ウエスト,ハムとヤサイのサンド (Ham and Vegetable Sandwich),burger_classic,/static/media/food/burger_classic.jpg
銀座ウエスト,ハムとタマゴのサンド (Ham and Egg Sandwich),burger_classic,/static/media/food/burger_classic.jpg
銀座ウエスト,タマゴとヤサイのサンド (Egg and Vegetable Sandwich),burger_classic,/static/media/food/burger_classic.jpg
銀座ウエスト,トーストハムサンド (Toasted Ham Sandwich),burger_classic,/static/media/food/burger_classic.jpg
銀座ウエスト,トースト (ゆで卵・リーフサラダ付) (Toast with Boiled Egg and Salad),toast_breakfast,/static/media/food/toast_breakfast.jpg
銀座ウエスト,キッシュ (Quiche),,(tile)
銀座ウエスト,ボルシチスープ (フランスパン付) (Borscht Soup with Bread),soup_miso,/static/media/food/soup_miso.jpg
銀座ウエスト,コーンスープ (Corn soup),soup_corn,
銀座ウエスト,リーフサラダ (単品のみ) (Salad),salad_green,
銀座ウエスト,上記にお飲み物付 (with Beverage),,(tile)
銀座ウエスト,お飲み物 または コーンスープ付 (with Beverage or Corn soup),soup_miso,/static/media/food/soup_miso.jpg
銀座ウエスト,お飲み物 & コーンスープ付 (with Beverage & Corn soup),soup_miso,/static/media/food/soup_miso.jpg
餃子の満洲,焼餃子（6個）,gyoza,
餃子の満洲,水餃子（6個）,gyoza,
餃子の満洲,ダブル餃子定食,teishoku,/static/media/food/teishoku.jpg
餃子の満洲,焼餃子とライス,gohan_rice,
餃子の満洲,焼餃子（3個）,gyoza,
餃子の満洲,水餃子（3個）,gyoza,
餃子の満洲,天然えび入り水餃子,gyoza,
餃子の満洲,チャーハン（玄米と白米が半々）,chahan,/static/media/food/chahan.jpg
餃子の満洲,チャーハンと焼餃子,gyoza,
餃子の満洲,満洲しょうゆラーメン,ramen_shoyu,/static/media/food/ramen_shoyu.jpg
餃子の満洲,しおラーメン,ramen_shoyu,/static/media/food/ramen_shoyu.jpg
餃子の満洲,タンメン,,(tile)
餃子の満洲,みそラーメン,ramen_miso,/static/media/food/ramen_miso.jpg
餃子の満洲,旨辛菜麺,,(tile)
餃子の満洲,チャーシューメン,chashu,/static/media/food/chashu.jpg
餃子の満洲,もやしラーメン,ramen_shoyu,/static/media/food/ramen_shoyu.jpg
餃子の満洲,うまにラーメン,ramen_shoyu,/static/media/food/ramen_shoyu.jpg
餃子の満洲,素ラーメン・しょうゆ,ramen_shoyu,/static/media/food/ramen_shoyu.jpg
餃子の満洲,素ラーメン・しお,ramen_shoyu,/static/media/food/ramen_shoyu.jpg
餃子の満洲,ソース焼そば,yakisoba,/static/media/food/yakisoba.jpg
餃子の満洲,レバニラ炒め,,(tile)
餃子の満洲,レバニラ炒めセット,teishoku,/static/media/food/teishoku.jpg
餃子の満洲,野菜炒め,yasai_itame,/static/media/food/yasai_itame.jpg
餃子の満洲,美保野ポークの肉細切りピーマン,tonkatsu_pork,/static/media/food/tonkatsu_pork.jpg
餃子の満洲,マーボ豆腐,mapo_tofu,/static/media/food/mapo_tofu.jpg
餃子の満洲,国産ハーブ鶏のよだれ鶏,,(tile)
餃子の満洲,美保野ポークの肉野菜炒め,yasai_itame,/static/media/food/yasai_itame.jpg
餃子の満洲,美保野ポークのホイコーロ,tonkatsu_pork,/static/media/food/tonkatsu_pork.jpg
餃子の満洲,美保野ポークのしょうが焼,tonkatsu_pork,/static/media/food/tonkatsu_pork.jpg
餃子の満洲,やみつき丼,donburi_rice,/static/media/food/donburi_rice.jpg
餃子の満洲,中華丼,donburi_rice,/static/media/food/donburi_rice.jpg
餃子の満洲,天津飯（旨味あん）（関西限定）,tenshinhan,/static/media/food/tenshinhan.jpg
餃子の満洲,マーボ豆腐丼（関西限定）,donburi_rice,/static/media/food/donburi_rice.jpg
餃子の満洲,単品ライス（白米）,gohan_rice,
餃子の満洲,スープ付ライス（白米）,gohan_rice,
餃子の満洲,単品ライス（玄米）,gohan_rice,
餃子の満洲,スープ付ライス（玄米）,gohan_rice,
餃子の満洲,国産ハーブ鶏のよだれ鶏（ハーフサイズ）,,(tile)
餃子の満洲,冷奴（普通サイズ）,hiyayakko,/static/media/food/hiyayakko.jpg
餃子の満洲,塩ゆで秘伝豆（普通サイズ）,,(tile)
餃子の満洲,大根キムチ（普通サイズ）,kimchi,/static/media/food/kimchi.jpg
餃子の満洲,メンマ（普通サイズ）,,(tile)
餃子の満洲,ザーサイ（普通サイズ）,,(tile)
餃子の満洲,冷奴（ハーフサイズ）,hiyayakko,/static/media/food/hiyayakko.jpg
餃子の満洲,塩ゆで秘伝豆（ハーフサイズ）,,(tile)
餃子の満洲,大根キムチ（ハーフサイズ）,kimchi,/static/media/food/kimchi.jpg
餃子の満洲,メンマ（ハーフサイズ）,,(tile)
餃子の満洲,ザーサイ（ハーフサイズ）,,(tile)
餃子の満洲,味玉,,(tile)
餃子の満洲,旨辛みそ,,(tile)
餃子の満洲,生ビール中ジョッキ,beer_alcohol,/static/media/food/beer_alcohol.jpg
餃子の満洲,グラスビール,beer_alcohol,/static/media/food/beer_alcohol.jpg
餃子の満洲,びんビール中瓶,beer_alcohol,/static/media/food/beer_alcohol.jpg
餃子の満洲,生搾りレモンサワー,chuhai,/static/media/food/chuhai.jpg
餃子の満洲,津軽りんごサワー,chuhai,/static/media/food/chuhai.jpg
餃子の満洲,スーパーチューハイ,chuhai,/static/media/food/chuhai.jpg
餃子の満洲,ハイボール,whisky,/static/media/food/whisky.jpg
餃子の満洲,紹興酒ボトル,beer_alcohol,/static/media/food/beer_alcohol.jpg
餃子の満洲,紹興酒グラス,beer_alcohol,/static/media/food/beer_alcohol.jpg
餃子の満洲,日本酒,sake_drink,/static/media/food/sake_drink.jpg
餃子の満洲,オールフリー,,(tile)
餃子の満洲,レモン くし切り4個,,(tile)
餃子の満洲,お子様ラーメン,ramen_shoyu,/static/media/food/ramen_shoyu.jpg
餃子の満洲,お子様チャーハン,chahan,/static/media/food/chahan.jpg
餃子の満洲,津軽りんごジュース,juice_beverage,/static/media/food/juice_beverage.jpg
餃子の満洲,お子様りんごジュース,juice_beverage,/static/media/food/juice_beverage.jpg
餃子の満洲,ウィルキンソンジンジャーエール（辛口）,cola_drink,/static/media/food/cola_drink.jpg
餃子の満洲,コーラ,cola_drink,/static/media/food/cola_drink.jpg
餃子の満洲,黒ウーロン茶,oolong_tea,
餃子の満洲,オレンジゼリー,,(tile)
餃子の王将,餃子,gyoza,
餃子の王将,にんにく激増し餃子,gyoza,
餃子の王将,にんにくゼロ生姜餃子,gyoza,
餃子の王将,極王(ゴクオウ)鶏の唐揚,,(tile)
餃子の王将,鶏の唐揚,,(tile)
餃子の王将,スゴ辛チキン,karaage_chicken,/static/media/food/karaage_chicken.jpg
餃子の王将,油淋鶏(ユーリンチー),,(tile)
餃子の王将,春巻,gyoza,
餃子の王将,肉シューマイ,shumai,/static/media/food/shumai.jpg
餃子の王将,極王(ゴクオウ)海老のチリソース,sushi_shrimp,
餃子の王将,極王(ゴクオウ)酢豚,subuta,/static/media/food/subuta.jpg
餃子の王将,極王回鍋肉(ゴクオウホイコーロー),,(tile)
餃子の王将,極王(ゴクオウ)麻婆豆腐,mapo_tofu,/static/media/food/mapo_tofu.jpg
餃子の王将,ニラレバ炒め,,(tile)
餃子の王将,海老のチリソース,sushi_shrimp,
餃子の王将,野菜炒め,yasai_itame,/static/media/food/yasai_itame.jpg
餃子の王将,酢豚,subuta,/static/media/food/subuta.jpg
餃子の王将,回鍋肉(ホイコーロー),,(tile)
餃子の王将,麻婆豆腐,mapo_tofu,/static/media/food/mapo_tofu.jpg
餃子の王将,ホルモンの味噌炒め,horumon,
餃子の王将,カニ玉,,(tile)
餃子の王将,肉と玉子のいりつけ,tamago_egg,/static/media/food/tamago_egg.jpg
餃子の王将,棒々鶏(バンバンジー／蒸し鶏),,(tile)
餃子の王将,キムチ,kimchi,/static/media/food/kimchi.jpg
餃子の王将,極王(ゴクオウ)炒飯,chahan,/static/media/food/chahan.jpg
餃子の王将,極王(ゴクオウ)天津飯,tenshinhan,/static/media/food/tenshinhan.jpg
餃子の王将,極王(ゴクオウ)天津炒飯,chahan,/static/media/food/chahan.jpg
餃子の王将,炒飯,chahan,/static/media/food/chahan.jpg
餃子の王将,キムチ炒飯,chahan,/static/media/food/chahan.jpg
餃子の王将,天津飯,tenshinhan,/static/media/food/tenshinhan.jpg
餃子の王将,天津炒飯,chahan,/static/media/food/chahan.jpg
餃子の王将,中華飯,,(tile)
餃子の王将,ライス(大),gohan_rice,
餃子の王将,ライス(中),gohan_rice,
餃子の王将,ライス(小),gohan_rice,
餃子の王将,極王(ゴクオウ)餃子の王将ラーメン,ramen_shoyu,/static/media/food/ramen_shoyu.jpg
餃子の王将,極王(ゴクオウ)天津麺,,(tile)
餃子の王将,極王(ゴクオウ)焼そば,yakisoba,/static/media/food/yakisoba.jpg
餃子の王将,冷し中華(期間限定),,(tile)
餃子の王将,辛い! 冷し中華(期間限定),,(tile)
餃子の王将,辣菜麺(ラーサイメン),,(tile)
餃子の王将,忘れられない中華そば,ramen_shoyu,/static/media/food/ramen_shoyu.jpg
餃子の王将,餃子の王将ラーメン,ramen_shoyu,/static/media/food/ramen_shoyu.jpg
餃子の王将,焦がしニンニク味噌ラーメン,ramen_miso,/static/media/food/ramen_miso.jpg
餃子の王将,豚辛(ブタカラ)ラーメン,ramen_shoyu,/static/media/food/ramen_shoyu.jpg
餃子の王将,チャンポン,,(tile)
餃子の王将,揚げそば,soba,/static/media/food/soba.jpg
餃子の王将,焼そば(ソース),yakisoba,/static/media/food/yakisoba.jpg
餃子の王将,焼そば(醤油),yakisoba,/static/media/food/yakisoba.jpg
餃子の王将,サーターアンダギー,,(tile)
餃子の王将,ごま団子,dorayaki,/static/media/food/dorayaki.jpg
餃子の王将,杏仁豆腐,,(tile)
餃子の王将,完熟マンゴープリン,pudding,
餃子の王将,玉子スープ,soup_miso,/static/media/food/soup_miso.jpg
餃子の王将,餃子(ジャストサイズ),gyoza,
餃子の王将,にんにく激増し餃子(ジャストサイズ),gyoza,
餃子の王将,にんにくゼロ生姜餃子(ジャストサイズ),gyoza,
餃子の王将,極王鶏の唐揚(ジャストサイズ),,(tile)
餃子の王将,極王海老のチリソース(ジャストサイズ),sushi_shrimp,
餃子の王将,極王酢豚(ジャストサイズ),subuta,/static/media/food/subuta.jpg
餃子の王将,極王回鍋肉(ホイコーロー)(ジャストサイズ),,(tile)
餃子の王将,極王麻婆豆腐(ジャストサイズ),mapo_tofu,/static/media/food/mapo_tofu.jpg
餃子の王将,極王天津炒飯(ジャストサイズ),chahan,/static/media/food/chahan.jpg
餃子の王将,鶏の唐揚(ジャストサイズ),,(tile)
餃子の王将,スゴ辛チキン(ジャストサイズ),karaage_chicken,/static/media/food/karaage_chicken.jpg
餃子の王将,油淋鶏(ユーリンチー)(ジャストサイズ),,(tile)
餃子の王将,ニラレバ炒め(ジャストサイズ),,(tile)
餃子の王将,海老のチリソース(ジャストサイズ),sushi_shrimp,
餃子の王将,野菜炒め(ジャストサイズ),yasai_itame,/static/media/food/yasai_itame.jpg
餃子の王将,酢豚(ジャストサイズ),subuta,/static/media/food/subuta.jpg
餃子の王将,回鍋肉(ホイコーロー)(ジャストサイズ),,(tile)
餃子の王将,麻婆豆腐(ジャストサイズ),mapo_tofu,/static/media/food/mapo_tofu.jpg
餃子の王将,ホルモンの味噌炒め(ジャストサイズ),horumon,
餃子の王将,カニ玉(ジャストサイズ),,(tile)
餃子の王将,肉と玉子のいりつけ(ジャストサイズ),tamago_egg,/static/media/food/tamago_egg.jpg
餃子の王将,炒飯(ジャストサイズ),chahan,/static/media/food/chahan.jpg
餃子の王将,天津飯(ジャストサイズ),tenshinhan,/static/media/food/tenshinhan.jpg
餃子の王将,揚げそば(ジャストサイズ),soba,/static/media/food/soba.jpg
餃子の王将,春巻(ジャストサイズ),gyoza,
餃子の王将,ごま団子(ジャストサイズ),dorayaki,/static/media/food/dorayaki.jpg
餃子の王将,シャウエッセン®(ジャストサイズ),,(tile)
餃子の王将,生ビール(中） アサヒスーパードライ,beer_alcohol,/static/media/food/beer_alcohol.jpg
餃子の王将,アサヒドライゼロ（アルコール0.00％）,,(tile)
餃子の王将,サワー （レモン、グレープフルーツ、巨峰）,chuhai,/static/media/food/chuhai.jpg
餃子の王将,ウーロンハイ,chuhai,/static/media/food/chuhai.jpg
餃子の王将,かのか（麦焼酎） ロック・水割り・お湯割り,shochu,/static/media/food/shochu.jpg
餃子の王将,かのか（芋焼酎） ロック・水割り・お湯割り,shochu,/static/media/food/shochu.jpg
餃子の王将,クリアハイボール,whisky,/static/media/food/whisky.jpg
餃子の王将,梅酒 ロック・水割り・お湯割り,beer_alcohol,/static/media/food/beer_alcohol.jpg
餃子の王将,日本酒（大関） 燗・常温・冷,sake_drink,/static/media/food/sake_drink.jpg
餃子の王将,紹興酒（小瓶） 燗・常温・冷,beer_alcohol,/static/media/food/beer_alcohol.jpg
餃子の王将,三ツ矢サイダーW（PET485ml）,,(tile)
餃子の王将,三ツ矢サイダー,,(tile)
餃子の王将,三ツ矢サイダーさわやかレモン,,(tile)
餃子の王将,バヤリースオレンジ,,(tile)
餃子の王将,カルピスウォーター®（PET500ml）,,(tile)
餃子の王将,アサヒ 一級茶葉 烏龍茶,oolong_tea,
餃子の王将,アサヒ 十六茶,tea_matcha,/static/media/food/tea_matcha.jpg
餃子の王将,香味緑茶 ～颯～,green_tea,/static/media/food/green_tea.jpg
餃子の王将-グランツリー武蔵小杉店,餃子1人前6ヶ,gyoza,
餃子の王将-グランツリー武蔵小杉店,餃子3ヶ,gyoza,
餃子の王将-グランツリー武蔵小杉店,にんにくゼロ 生姜餃子 1人前6ヶ,gyoza,
餃子の王将-グランツリー武蔵小杉店,にんにくゼロ 生姜餃子 3ヶ,gyoza,
餃子の王将-グランツリー武蔵小杉店,にんにく激増し餃子 1人前6ヶ,gyoza,
餃子の王将-グランツリー武蔵小杉店,にんにく激増し餃子 3ヶ,gyoza,
餃子の王将-グランツリー武蔵小杉店,鶏の唐揚,,(tile)
餃子の王将-グランツリー武蔵小杉店,鶏の唐揚 ジャストサイズ,,(tile)
餃子の王将-グランツリー武蔵小杉店,油淋鶏,,(tile)
餃子の王将-グランツリー武蔵小杉店,油淋鶏 ジャストサイズ,,(tile)
餃子の王将-グランツリー武蔵小杉店,春巻,gyoza,
餃子の王将-グランツリー武蔵小杉店,春巻 ジャストサイズ,gyoza,
餃子の王将-グランツリー武蔵小杉店,炒飯,chahan,/static/media/food/chahan.jpg
餃子の王将-グランツリー武蔵小杉店,炒飯 ジャストサイズ,chahan,/static/media/food/chahan.jpg
餃子の王将-グランツリー武蔵小杉店,天津飯,tenshinhan,/static/media/food/tenshinhan.jpg
餃子の王将-グランツリー武蔵小杉店,天津飯 ジャストサイズ,tenshinhan,/static/media/food/tenshinhan.jpg
餃子の王将-グランツリー武蔵小杉店,天津炒飯,chahan,/static/media/food/chahan.jpg
餃子の王将-グランツリー武蔵小杉店,天津炒飯 ジャストサイズ,chahan,/static/media/food/chahan.jpg
餃子の王将-グランツリー武蔵小杉店,海老のチリソース,sushi_shrimp,
餃子の王将-グランツリー武蔵小杉店,ニラレバ炒め,,(tile)
餃子の王将-グランツリー武蔵小杉店,ニラレバ炒め ジャストサイズ,,(tile)
餃子の王将-グランツリー武蔵小杉店,回鍋肉,,(tile)
餃子の王将-グランツリー武蔵小杉店,回鍋肉 ジャストサイズ,,(tile)
餃子の王将-グランツリー武蔵小杉店,野菜炒め,yasai_itame,/static/media/food/yasai_itame.jpg
餃子の王将-グランツリー武蔵小杉店,野菜炒め ジャストサイズ,yasai_itame,/static/media/food/yasai_itame.jpg
餃子の王将-グランツリー武蔵小杉店,カニ玉,,(tile)
餃子の王将-グランツリー武蔵小杉店,忘れられない中華そば,ramen_shoyu,/static/media/food/ramen_shoyu.jpg
餃子の王将-グランツリー武蔵小杉店,焼そば(醤油),yakisoba,/static/media/food/yakisoba.jpg
餃子の王将-グランツリー武蔵小杉店,焼そば(ソース),yakisoba,/static/media/food/yakisoba.jpg
餃子の王将-グランツリー武蔵小杉店,豚辛ラーメン,ramen_shoyu,/static/media/food/ramen_shoyu.jpg
餃子の王将-グランツリー武蔵小杉店,野菜たっぷり担々麺,ramen_shoyu,/static/media/food/ramen_shoyu.jpg
餃子の王将-グランツリー武蔵小杉店,海鮮あんかけ焼そば,yakisoba,/static/media/food/yakisoba.jpg
餃子の王将-グランツリー武蔵小杉店,ナチュラルチーズ トッピング,cheese_plate,
餃子の王将-グランツリー武蔵小杉店,餃子定食,teishoku,/static/media/food/teishoku.jpg
餃子の王将-グランツリー武蔵小杉店,炒飯セット,teishoku,/static/media/food/teishoku.jpg
餃子の王将-グランツリー武蔵小杉店,天津飯セット,teishoku,/static/media/food/teishoku.jpg
餃子の王将-グランツリー武蔵小杉店,回鍋肉セット,teishoku,/static/media/food/teishoku.jpg
餃子の王将-グランツリー武蔵小杉店,餃子の王将ラーメンセット,teishoku,/static/media/food/teishoku.jpg
餃子の王将-グランツリー武蔵小杉店,忘れられない中華そばセット,teishoku,/static/media/food/teishoku.jpg
餃子の王将-グランツリー武蔵小杉店,ごはんセットA,teishoku,/static/media/food/teishoku.jpg
餃子の王将-グランツリー武蔵小杉店,ごはんセットB,teishoku,/static/media/food/teishoku.jpg
餃子の王将-グランツリー武蔵小杉店,アサヒスーパードライ 生ビール(中),beer_alcohol,/static/media/food/beer_alcohol.jpg
餃子の王将-グランツリー武蔵小杉店,アサヒスーパードライ 生ビール(中) (2杯目),beer_alcohol,/static/media/food/beer_alcohol.jpg
餃子の王将-グランツリー武蔵小杉店,アサヒドライゼロ,,(tile)
餃子の王将-グランツリー武蔵小杉店,三ツ矢サイダー,,(tile)
餃子の王将-グランツリー武蔵小杉店,烏龍茶(温〜),oolong_tea,
餃子の王将-グランツリー武蔵小杉店,十六茶(PET485ml),tea_matcha,/static/media/food/tea_matcha.jpg
餃子酒場-杏奈家,アサヒスーパードライ 生ビール(小ジョッキ),beer_alcohol,/static/media/food/beer_alcohol.jpg
餃子酒場-杏奈家,焼き餃子(3ヶ),gyoza,
餃子酒場-杏奈家,ニラレバー,horumon,
餃子酒場-杏奈家,麻婆豆腐,mapo_tofu,/static/media/food/mapo_tofu.jpg
餃子酒場-杏奈家,鶏の唐揚げ,karaage_chicken,/static/media/food/karaage_chicken.jpg
餃子酒場-杏奈家,ホイコーロー,,(tile)
餃子酒場-杏奈家,エビのチリソース,sushi_shrimp,
餃子酒場-杏奈家,野菜炒め,yasai_itame,/static/media/food/yasai_itame.jpg
餃子酒場-杏奈家,ユーリンチー,,(tile)
餃子酒場-杏奈家,よだれ鶏,,(tile)
餃子酒場-杏奈家,かに玉,,(tile)
餃子酒場-杏奈家,豚肉と玉子、きくらげ炒め,tamago_egg,/static/media/food/tamago_egg.jpg
餃子酒場-杏奈家,豚キムチ炒め,kimchi,/static/media/food/kimchi.jpg
餃子酒場-杏奈家,酢豚,subuta,/static/media/food/subuta.jpg
餃子酒場-杏奈家,高菜チャーハン,chahan,/static/media/food/chahan.jpg
魚屋路,【おすすめ】特選刺身盛,sashimi,/static/media/food/sashimi.jpg
魚屋路,刺身五点盛,sashimi,/static/media/food/sashimi.jpg
魚屋路,さざえつぼ焼き,,(tile)
魚屋路,するめいかごろ焼き,sushi_platter,/static/media/food/sushi_platter.jpg
魚屋路,あさりバター,,(tile)
魚屋路,桜肉のお刺身,sashimi,/static/media/food/sashimi.jpg
魚屋路,枝豆,edamame,/static/media/food/edamame.jpg
魚屋路,えびアボカドサラダ,salad_green,
魚屋路,厚焼き玉子,tamagoyaki,/static/media/food/tamagoyaki.jpg
魚屋路,【店内仕込み】かれいの煮付け,,(tile)
魚屋路,いかリング唐揚げ,karaage_chicken,/static/media/food/karaage_chicken.jpg
魚屋路,鶏の唐揚げ,karaage_chicken,/static/media/food/karaage_chicken.jpg
魚屋路,トリュフ塩をかけたポテトフライ,fry_seafood,/static/media/food/fry_seafood.jpg
魚屋路,ポテトフライ,fry_seafood,/static/media/food/fry_seafood.jpg
魚屋路,あら汁,,(tile)
魚屋路,茶碗蒸し,chawanmushi,/static/media/food/chawanmushi.jpg
魚屋路,海老天ぷらうどん,udon,/static/media/food/udon.jpg
魚屋路,びんちょうまぐろ,sushi_tuna,/static/media/food/sushi_tuna.jpg
魚屋路,まぐろ赤身,sushi_tuna,/static/media/food/sushi_tuna.jpg
魚屋路,炙りまぐろ,sushi_tuna,/static/media/food/sushi_tuna.jpg
魚屋路,【人気】漬けまぐろ,sushi_tuna,/static/media/food/sushi_tuna.jpg
魚屋路,まぐろ大とろ（一貫）,sushi_tuna,/static/media/food/sushi_tuna.jpg
魚屋路,【人気】まぐろ中とろ,sushi_tuna,/static/media/food/sushi_tuna.jpg
魚屋路,えび,sushi_shrimp,
魚屋路,上えび,sushi_shrimp,
魚屋路,甘えび,sushi_shrimp,
魚屋路,天然生えびの握り,sushi_platter,/static/media/food/sushi_platter.jpg
魚屋路,海老フライ握り,sushi_platter,/static/media/food/sushi_platter.jpg
魚屋路,【人気】えんがわ,,(tile)
魚屋路,【人気】炙りえんがわ,,(tile)
魚屋路,はまち,,(tile)
魚屋路,【限定】はまちのハラミ,yakiniku_steak,/static/media/food/yakiniku_steak.jpg
魚屋路,はまちの炙り,,(tile)
魚屋路,かんぱち,,(tile)
魚屋路,真鯛,,(tile)
魚屋路,サーモン,sushi_salmon,/static/media/food/sushi_salmon.jpg
魚屋路,炙りとろサーモン,sushi_salmon,/static/media/food/sushi_salmon.jpg
魚屋路,とろサーモン,sushi_salmon,/static/media/food/sushi_salmon.jpg
魚屋路,オニオンサーモン,sushi_salmon,/static/media/food/sushi_salmon.jpg
魚屋路,国産〆さば押し寿司,sushi_platter,/static/media/food/sushi_platter.jpg
魚屋路,国産〆さば,,(tile)
魚屋路,真あじ,,(tile)
魚屋路,〆こはだ,,(tile)
魚屋路,いわし,,(tile)
魚屋路,いかげそ,sushi_platter,/static/media/food/sushi_platter.jpg
魚屋路,いか,sushi_platter,/static/media/food/sushi_platter.jpg
魚屋路,たこ,sushi_platter,/static/media/food/sushi_platter.jpg
魚屋路,つぶ貝,sushi_platter,/static/media/food/sushi_platter.jpg
魚屋路,赤貝,sushi_platter,/static/media/food/sushi_platter.jpg
魚屋路,ほたて,sushi_platter,/static/media/food/sushi_platter.jpg
魚屋路,炙りほたて,sushi_platter,/static/media/food/sushi_platter.jpg
魚屋路,活つぶ貝,sushi_platter,/static/media/food/sushi_platter.jpg
魚屋路,ほっき貝,sushi_platter,/static/media/food/sushi_platter.jpg
魚屋路,煮あなご,unagi,/static/media/food/unagi.jpg
魚屋路,【自慢】活〆煮あなご,unagi,/static/media/food/unagi.jpg
魚屋路,【人気】あなご一本握り,sushi_platter,/static/media/food/sushi_platter.jpg
魚屋路,牛カルビの握り（柚子胡椒のせ）,sushi_platter,/static/media/food/sushi_platter.jpg
魚屋路,フレッシュアボカドの炙り生ハム包み,prosciutto,
魚屋路,桜肉の握り,sushi_platter,/static/media/food/sushi_platter.jpg
魚屋路,たまご,tamago_egg,/static/media/food/tamago_egg.jpg
魚屋路,いなり,,(tile)
魚屋路,生ゆば握り,sushi_platter,/static/media/food/sushi_platter.jpg
魚屋路,数の子の握り,sushi_platter,/static/media/food/sushi_platter.jpg
魚屋路,【人気】カニカマサラダ軍艦,sushi_roll,/static/media/food/sushi_roll.jpg
魚屋路,ツナコーン軍艦,sushi_roll,/static/media/food/sushi_roll.jpg
魚屋路,いかオクラ軍艦,sushi_roll,/static/media/food/sushi_roll.jpg
魚屋路,納豆軍艦,sushi_roll,/static/media/food/sushi_roll.jpg
魚屋路,えびアボカド軍艦,sushi_roll,/static/media/food/sushi_roll.jpg
魚屋路,とびこ軍艦,sushi_roll,/static/media/food/sushi_roll.jpg
魚屋路,【人気】ねぎとろ軍艦,sushi_roll,/static/media/food/sushi_roll.jpg
魚屋路,かにみそ軍艦,sushi_roll,/static/media/food/sushi_roll.jpg
魚屋路,中落ちとろ軍艦,sushi_roll,/static/media/food/sushi_roll.jpg
魚屋路,【北海道産】 紅ずわいがにほぐし身軍艦,sushi_roll,/static/media/food/sushi_roll.jpg
魚屋路,いくら軍艦,sushi_roll,/static/media/food/sushi_roll.jpg
魚屋路,納豆巻,sushi_roll,/static/media/food/sushi_roll.jpg
魚屋路,おしんこ巻,,(tile)
魚屋路,かんぴょう巻,,(tile)
魚屋路,かっぱ巻,sushi_roll,/static/media/food/sushi_roll.jpg
魚屋路,ねぎとろ巻,sushi_tuna,/static/media/food/sushi_tuna.jpg
魚屋路,とろたく巻,,(tile)
魚屋路,【人気】わさび巻,,(tile)
魚屋路,【人気】カリフォルニアロール,,(tile)
魚屋路,鉄火巻,sushi_roll,/static/media/food/sushi_roll.jpg
魚屋路,まぐろ中とろ鉄火巻,sushi_roll,/static/media/food/sushi_roll.jpg
魚屋路,まぐろ三貫握り,sushi_platter,/static/media/food/sushi_platter.jpg
魚屋路,とろ三貫握り,sushi_platter,/static/media/food/sushi_platter.jpg
魚屋路,【いちおし】サーモン三貫握り,sushi_platter,/static/media/food/sushi_platter.jpg
魚屋路,光物三貫握り,sushi_platter,/static/media/food/sushi_platter.jpg
魚屋路,白身三貫握り,sushi_platter,/static/media/food/sushi_platter.jpg
魚屋路,【いちおし】炙り三貫握り,sushi_platter,/static/media/food/sushi_platter.jpg
魚屋路,【人気】五貫盛り,,(tile)
魚屋路,軍艦三貫握り,sushi_platter,/static/media/food/sushi_platter.jpg
魚屋路,小玉すいか（※ピノガール）,sushi_platter,/static/media/food/sushi_platter.jpg
魚屋路,プリンアラモード(小玉すいか),pudding,
魚屋路,【季節限定】かき氷（イチゴ／ブルーハワイ）,,(tile)
魚屋路,【季節限定】かき氷ミルク（イチゴミルク／ブルーハワイミルク）,milk_drink,/static/media/food/milk_drink.jpg
魚屋路,黒糖ゼリー（和三盆ムース添え）,,(tile)
魚屋路,クラシックショコラ,,(tile)
魚屋路,抹茶わらびもち,tea_matcha,/static/media/food/tea_matcha.jpg
魚屋路,抹茶わらびもちソフト,tea_matcha,/static/media/food/tea_matcha.jpg
魚屋路,ソフトアイス,icecream_parfait,/static/media/food/icecream_parfait.jpg
魚屋路,クレームダンジュ,,(tile)
魚屋路,大学芋,,(tile)
魚屋路,ちびっこコンビ（わさびぬき）,,(tile)
魚屋路,ちびっこ三貫握り（わさびぬき）,sushi_platter,/static/media/food/sushi_platter.jpg
魚屋路,ちびっこセット,teishoku,/static/media/food/teishoku.jpg
魚屋路,【平日ランチ限定】ととやの「昼丼」,donburi_rice,/static/media/food/donburi_rice.jpg
魚屋路,握り８貫ランチ（味噌汁付）,teishoku,/static/media/food/teishoku.jpg
魚屋路,おすすめ握りランチ（味噌汁・サラダ付）,teishoku,/static/media/food/teishoku.jpg
魚屋路,【豪華】特選ランチ（味噌汁・茶碗蒸し・サラダ付）,salad_green,
魚屋路,五貫握りお得なセット,teishoku,/static/media/food/teishoku.jpg
魚屋路,ザ・プレミアム・モルツ,,(tile)
魚屋路,キリンクラシックラガー（中瓶）,,(tile)
魚屋路,アサヒドライゼロ（アルコール0．00％）,,(tile)
魚屋路,角ハイボール,whisky,/static/media/food/whisky.jpg
魚屋路,【麦】白水［熊本］,,(tile)
魚屋路,【米】八海山 よろしく千萬あるべし［新潟］,,(tile)
魚屋路,【芋】伊佐美［鹿児島］,,(tile)
魚屋路,ウーロンハイ,chuhai,/static/media/food/chuhai.jpg
魚屋路,はちみつレモンサワー,chuhai,/static/media/food/chuhai.jpg
魚屋路,レモンサワー,chuhai,/static/media/food/chuhai.jpg
魚屋路,【純米大吟醸】作 岡山朝日米［三重］,sake_drink,/static/media/food/sake_drink.jpg
魚屋路,【純米大吟醸】八海山［新潟］,sake_drink,/static/media/food/sake_drink.jpg
魚屋路,【特別純米】一ノ蔵［宮城］,sake_drink,/static/media/food/sake_drink.jpg
魚屋路,【本醸造】澤乃井大辛口（180ml）［東京］,,(tile)
魚屋路,【特別本醸造】黒松白鹿（180ml）［兵庫］,,(tile)
魚屋路,【本醸造】菊水の辛口（300ml）［新潟］,,(tile)
魚屋路,ドリンクバー,,(tile)
魚屋路,キッズドリンクバー（小学生以下）,,(tile)
魚屋路,イタリア産 白ワイン（グラス）,wine_drink,/static/media/food/wine_drink.jpg
魚屋路,＜ハッピーアワー＞ザ・プレミアム・モルツ,,(tile)
魚屋路,＜ハッピーアワー＞角ハイボール,whisky,/static/media/food/whisky.jpg
魚屋路,＜ハッピーアワー＞ウーロンハイ,chuhai,/static/media/food/chuhai.jpg
魚屋路,＜ハッピーアワー＞レモンサワー,chuhai,/static/media/food/chuhai.jpg
魚屋路,「国産」活〆しまあじの握り,sushi_platter,/static/media/food/sushi_platter.jpg
魚屋路,『季節限定』うなぎの握り,sushi_platter,/static/media/food/sushi_platter.jpg
魚屋路,「焼津産」かつおのたたき握り,sushi_platter,/static/media/food/sushi_platter.jpg
魚屋路,夏の五貫握り,sushi_platter,/static/media/food/sushi_platter.jpg
魚屋路,夏の三貫握り,sushi_platter,/static/media/food/sushi_platter.jpg
魚屋路,まぐろ中とろの握り,sushi_platter,/static/media/food/sushi_platter.jpg
魚屋路,「駿河湾産」生しらす軍艦,sushi_roll,/static/media/food/sushi_roll.jpg
魚屋路,「北海道産」ほっき貝の握り,sushi_platter,/static/media/food/sushi_platter.jpg
魚屋路,「焼津産」かつおのたたき,tonkatsu_pork,/static/media/food/tonkatsu_pork.jpg
魚屋路,「宇和島産」じゃこ天のおつまみ,,(tile)
魚屋路,「宇和島産」じゃこ天の味噌汁,soup_miso,/static/media/food/soup_miso.jpg
魚屋路,天ぷら盛合せ,tempura,/static/media/food/tempura.jpg
魚屋路,「長崎県産」あじフライ,fry_seafood,/static/media/food/fry_seafood.jpg
魚屋路,「島根県隠岐の島産」「愛媛県蒋渕産」「京都府舞鶴産」岩牡蠣（１個売）,,(tile)
魚屋路,「ペルー産」マンゴー,,(tile)
鳥貴族,もも貴族焼(たれ),,(tile)
鳥貴族,もも貴族焼(塩),,(tile)
鳥貴族,もも貴族焼(スパイス),donut,/static/media/food/donut.jpg
鳥貴族,むね貴族焼(たれ),,(tile)
鳥貴族,むね貴族焼(塩),,(tile)
鳥貴族,むね貴族焼(スパイス),donut,/static/media/food/donut.jpg
鳥貴族,ちからこぶ塩,,(tile)
鳥貴族,手羽先塩,karaage_chicken,/static/media/food/karaage_chicken.jpg
鳥貴族,三角（ぼんじり）,,(tile)
鳥貴族,つくね塩,yakitori,/static/media/food/yakitori.jpg
鳥貴族,ささみ塩焼 わさび粗おろし添え,,(tile)
鳥貴族,ハート（ハツ）塩,horumon,
鳥貴族,砂ずり（砂肝）,horumon,
鳥貴族,かわ塩,,(tile)
鳥貴族,やげんなんこつ,,(tile)
鳥貴族,せせり,horumon,
鳥貴族,ちからこぶたれ,,(tile)
鳥貴族,手羽先たれ,karaage_chicken,/static/media/food/karaage_chicken.jpg
鳥貴族,みたれ（もも肉）,,(tile)
鳥貴族,きも（レバー）,horumon,
鳥貴族,つくねチーズ焼,cheese_plate,
鳥貴族,つくねたれ,yakitori,/static/media/food/yakitori.jpg
鳥貴族,かわたれ,,(tile)
鳥貴族,ハート（ハツ）たれ,horumon,
鳥貴族,きも焼 塩ごま油添え,,(tile)
鳥貴族,ピーマン肉詰 ポン酢味,,(tile)
鳥貴族,むね明太マヨ焼,,(tile)
鳥貴族,もちもちチーズ焼,cheese_plate,
鳥貴族,牛串焼 果実とにんにくの旨味,,(tile)
鳥貴族,豚バラ串焼,,(tile)
鳥貴族,トリキの唐揚,,(tile)
鳥貴族,ふんわり山芋の鉄板焼,,(tile)
鳥貴族,鳥たれかつ丼の頭,katsudon,/static/media/food/katsudon.jpg
鳥貴族,和風とりポテトサラダ,salad_green,
鳥貴族,北海道 海と大地のポテトサラダ,salad_green,
鳥貴族,ポテトフライ,fry_seafood,/static/media/food/fry_seafood.jpg
鳥貴族,チキン南蛮,karaage_chicken,/static/media/food/karaage_chicken.jpg
鳥貴族,とり天 梅肉ソース添え,,(tile)
鳥貴族,カマンベールコロッケ,korokke,/static/media/food/korokke.jpg
鳥貴族,ひざなんこつ唐揚,,(tile)
鳥貴族,鶏皮チップ,,(tile)
鳥貴族,トリキのチャンジャ,,(tile)
鳥貴族,北海道産 蛸わさび,,(tile)
鳥貴族,味付煮玉子,tamago_egg,/static/media/food/tamago_egg.jpg
鳥貴族,親鶏炙り焼マヨサラダ,salad_green,
鳥貴族,超！白ねぎ塩こんぶ,,(tile)
鳥貴族,ホルモンねぎ盛ポン酢,horumon,
鳥貴族,国産枝豆,edamame,/static/media/food/edamame.jpg
鳥貴族,キャベツ盛,,(tile)
鳥貴族,塩だれキューリ,,(tile)
鳥貴族,鶏旨丼(タレ),donburi_rice,/static/media/food/donburi_rice.jpg
鳥貴族,鶏旨丼(塩),donburi_rice,/static/media/food/donburi_rice.jpg
鳥貴族,とり釜飯,,(tile)
鳥貴族,鶏塩玉子ラーメン,ramen_shoyu,/static/media/food/ramen_shoyu.jpg
鳥貴族,鳥たれかつ丼,katsudon,/static/media/food/katsudon.jpg
鳥貴族,とり白湯めん,,(tile)
鳥貴族,とり雑炊,,(tile)
鳥貴族,ご飯セット 温玉添え,teishoku,/static/media/food/teishoku.jpg
鳥貴族,鳥貴ドームアイス ～いちご～,icecream_parfait,/static/media/food/icecream_parfait.jpg
鳥貴族,チョコパフェ チュロ添え,icecream_parfait,/static/media/food/icecream_parfait.jpg
鳥貴族,カタラーナアイス,icecream_parfait,/static/media/food/icecream_parfait.jpg
鳥貴族,魅惑のチョコレートみるく,chocolate,/static/media/food/chocolate.jpg
鳥貴族,白姫えびⓇ串焼,sushi_shrimp,
鳥貴族,白姫えびⓇの角皿シュリンプ,sushi_shrimp,
鳥貴族,豚と玉ねぎの串カツ,tonkatsu_pork,/static/media/food/tonkatsu_pork.jpg
鳥貴族,揚げ豆腐～たこ焼き風～,takoyaki,/static/media/food/takoyaki.jpg
鳥貴族,塩やきそば,soba,/static/media/food/soba.jpg
鳥貴族,あずきバーラテ,coffee,/static/media/food/coffee.jpg
鳥貴族,ライチ酒ソーダ,juice_beverage,/static/media/food/juice_beverage.jpg
鳥貴族,ジーマ,,(tile)
鳥貴族,メガレモンサワー,chuhai,/static/media/food/chuhai.jpg
鳥貴族,メガハイボール（ジムビーム）,whisky,/static/media/food/whisky.jpg
鳥貴族,メガ金麦 ※ビール系飲料,beer_alcohol,/static/media/food/beer_alcohol.jpg
鳥貴族,ザ・プレミアム・モルツ,,(tile)
鳥貴族,シャンディーガフ,,(tile)
鳥貴族,ビアコーラ,cola_drink,/static/media/food/cola_drink.jpg
鳥貴族,ビアレモン,,(tile)
鳥貴族,角ハイボール,whisky,/static/media/food/whisky.jpg
鳥貴族,知多ハイボール,whisky,/static/media/food/whisky.jpg
鳥貴族,コーラハイ ＜ウイスキー＋コーラ＞,chuhai,/static/media/food/chuhai.jpg
鳥貴族,ジンジャーハイ ＜ウイスキー＋ジンジャーエール＞,chuhai,/static/media/food/chuhai.jpg
鳥貴族,翠ジンソーダ,juice_beverage,/static/media/food/juice_beverage.jpg
鳥貴族,翠ジントニック,cocktail,/static/media/food/cocktail.jpg
鳥貴族,翠ジンオレンジ,,(tile)
鳥貴族,翠ジンジンジャーエール,cola_drink,/static/media/food/cola_drink.jpg
鳥貴族,翠ジンコーラ,cola_drink,/static/media/food/cola_drink.jpg
鳥貴族,オールフリー （ノンアルコール）,,(tile)
鳥貴族,優しいレモンサワー,chuhai,/static/media/food/chuhai.jpg
鳥貴族,こだわり酒場のレモンサワー,chuhai,/static/media/food/chuhai.jpg
鳥貴族,トリキサワー,chuhai,/static/media/food/chuhai.jpg
鳥貴族,男梅サワー,chuhai,/static/media/food/chuhai.jpg
鳥貴族,カルピスチューハイ,chuhai,/static/media/food/chuhai.jpg
鳥貴族,緑茶ハイ,chuhai,/static/media/food/chuhai.jpg
鳥貴族,ウーロンハイ,chuhai,/static/media/food/chuhai.jpg
鳥貴族,紀州の南高梅酒,beer_alcohol,/static/media/food/beer_alcohol.jpg
鳥貴族,優しいカシスミルク割,milk_drink,/static/media/food/milk_drink.jpg
鳥貴族,優しいカシスオレンジ割,cocktail,/static/media/food/cocktail.jpg
鳥貴族,優しいレモンとカシス ＜カシス＆レモンスカッシュ＞,cocktail,/static/media/food/cocktail.jpg
鳥貴族,トリキレッド,,(tile)
鳥貴族,トリキホワイト,,(tile)
鳥貴族,大隅焼酎ソーダ,juice_beverage,/static/media/food/juice_beverage.jpg
鳥貴族,大隅（麦）,,(tile)
鳥貴族,黒霧島（芋）,,(tile)
鳥貴族,松竹梅 豪快 純米酒＜カップ酒＞,beer_alcohol,/static/media/food/beer_alcohol.jpg
鳥貴族,優しいみかんのお酒オレンジ割,beer_alcohol,/static/media/food/beer_alcohol.jpg
鳥貴族,NEW！ 国産いちごスカッシュ,,(tile)
鳥貴族,ミックスジュース,juice_beverage,/static/media/food/juice_beverage.jpg
鳥貴族,大人のホットジンジャー,,(tile)
鳥貴族,大人のジンジャーソーダ,juice_beverage,/static/media/food/juice_beverage.jpg
鳥貴族,アイスコーヒー,coffee,/static/media/food/coffee.jpg
鳥貴族,ホットコーヒー,coffee,/static/media/food/coffee.jpg
鳥貴族,アイスウインナーコーヒー,coffee,/static/media/food/coffee.jpg
鳥貴族,アイスカフェラテ,coffee,/static/media/food/coffee.jpg
鳥貴族,ウーロン茶,oolong_tea,
鳥貴族,オレンジジュース,juice_beverage,/static/media/food/juice_beverage.jpg
鳥貴族,ジンジャーエール,cola_drink,/static/media/food/cola_drink.jpg
鳥貴族,レモネード,lemonade,/static/media/food/lemonade.jpg
鳥貴族,レモンスカッシュ,lemonade,/static/media/food/lemonade.jpg
鳥貴族,コーラ,cola_drink,/static/media/food/cola_drink.jpg
鳥貴族,カルピスウォーター,,(tile)
鳥貴族,ホットウーロン茶,oolong_tea,
鳥貴族,キッズ・ウーロン茶,oolong_tea,
鳥貴族,キッズ・ミックスジュース,juice_beverage,/static/media/food/juice_beverage.jpg
鳥貴族,キッズ・オレンジジュース,juice_beverage,/static/media/food/juice_beverage.jpg
鳥貴族,キッズ・ジンジャーエール,cola_drink,/static/media/food/cola_drink.jpg
鳥貴族,キッズ・レモネード,lemonade,/static/media/food/lemonade.jpg
鳥貴族,キッズ・レモンスカッシュ,lemonade,/static/media/food/lemonade.jpg
鳥貴族,キッズ・コーラ,cola_drink,/static/media/food/cola_drink.jpg
鳥貴族,キッズ・カルピスウォーター,,(tile)
鳥貴族,トリキ晩餐会（2時間 飲み放題・食べ放題）,,(tile)
麻布ラーメン,豚骨醤油ラーメン,ramen_tonkotsu,
麻布ラーメン,屋台スタイル醤油ラーメン,ramen_shoyu,/static/media/food/ramen_shoyu.jpg
麻布ラーメン,四川坦々麺,,(tile)
麻布ラーメン,しじみラーメン,ramen_shoyu,/static/media/food/ramen_shoyu.jpg
麻布ラーメン,トンコツ・屋台味 正油・塩ラーメン,ramen_shoyu,/static/media/food/ramen_shoyu.jpg
麻布ラーメン,あっさり 正油/塩ラーメン,ramen_shoyu,/static/media/food/ramen_shoyu.jpg
麻布ラーメン,トンコツ・屋台味 味噌ラーメン,ramen_miso,/static/media/food/ramen_miso.jpg
麻布ラーメン,あっさり 味噌ラーメン,ramen_miso,/static/media/food/ramen_miso.jpg
麻布ラーメン,特製ニラそば,soba,/static/media/food/soba.jpg
麻布ラーメン,トンコツ/あっさり タンメン,,(tile)
麻布ラーメン,特製ラーメン,ramen_shoyu,/static/media/food/ramen_shoyu.jpg
麻布ラーメン,特製チャーシュー麺,chashu,/static/media/food/chashu.jpg
麻布ラーメン,チャーシューメン,chashu,/static/media/food/chashu.jpg
麻布ラーメン,味噌チャーシュー麺,chashu,/static/media/food/chashu.jpg
麻布ラーメン,冷し中華,,(tile)
麻布ラーメン,ネギラーメン,ramen_shoyu,/static/media/food/ramen_shoyu.jpg
麻布ラーメン,生のりラーメン,ramen_shoyu,/static/media/food/ramen_shoyu.jpg
麻布ラーメン,ワンタンメン,,(tile)
麻布ラーメン,トンコツ角煮ラーメン,ramen_shoyu,/static/media/food/ramen_shoyu.jpg
麻布ラーメン,炒飯,chahan,/static/media/food/chahan.jpg
麻布ラーメン,キムチ炒飯,chahan,/static/media/food/chahan.jpg
麻布ラーメン,特製ポークカレー,curry_rice,/static/media/food/curry_rice.jpg
麻布ラーメン,焼餃子又は水餃子,gyoza,
麻布ラーメン,Aセット 半チャーハンとラーメン,teishoku,/static/media/food/teishoku.jpg
麻布ラーメン,Bセット 半カレーとラーメン,teishoku,/static/media/food/teishoku.jpg
麻布ラーメン,Cセット 餃子3コとラーメン,teishoku,/static/media/food/teishoku.jpg
麻布ラーメン,つけ麺,ramen_tsukemen,/static/media/food/ramen_tsukemen.jpg
麻布ラーメン,半ライス,gohan_rice,
麻布ラーメン,半炒飯,chahan,/static/media/food/chahan.jpg
麻布ラーメン,半カレー,curry_rice,/static/media/food/curry_rice.jpg
麻布ラーメン,明太子ごはん,gohan_rice,
麻布ラーメン,肉野菜炒めライス,gohan_rice,
麻布ラーメン,生姜焼きライス,gohan_rice,
麻布ラーメン,ゆで卵,tamago_egg,/static/media/food/tamago_egg.jpg
麻布ラーメン,トッピング 半玉子・キャベツ・もやし,tamago_egg,/static/media/food/tamago_egg.jpg
麻布ラーメン,日本酒 ワンカップ,sake_drink,/static/media/food/sake_drink.jpg
麻布ラーメン,ビンビール 中ビン,beer_alcohol,/static/media/food/beer_alcohol.jpg
麻布ラーメン,ハウスワイン,wine_drink,/static/media/food/wine_drink.jpg
麻布ラーメン,トッピング チャーシュー4枚,chashu,/static/media/food/chashu.jpg
麻布ラーメン,トッピング 角煮,,(tile)
麻布ラーメン,中ライス,gohan_rice,
麻布ラーメン,麺大盛,,(tile)
麻布ラーメン,炒飯大盛カレー,curry_rice,/static/media/food/curry_rice.jpg
麻布ラーメン,ハイボール,whisky,/static/media/food/whisky.jpg
麻布ラーメン,チューハイ 又は ウーロンハイ,chuhai,/static/media/food/chuhai.jpg
麻布ラーメン,サントリー生ビール,beer_alcohol,/static/media/food/beer_alcohol.jpg
麻布ラーメン,トッピング キムチ・生のり・焼のり,kimchi,/static/media/food/kimchi.jpg
麻布ラーメン,トッピング 辛ネギ,,(tile)
黄金色の豚-EXPRESS,神奈川県産豚の豚丼,gyudon_beef,/static/media/food/gyudon_beef.jpg
黄金色の豚-EXPRESS,神奈川県産豚のキムチ豚丼,gyudon_beef,/static/media/food/gyudon_beef.jpg
黄金色の豚-EXPRESS,神奈川県産豚のチーズ豚丼,gyudon_beef,/static/media/food/gyudon_beef.jpg
黄金色の豚-EXPRESS,神奈川県産豚のかつ丼,katsudon,/static/media/food/katsudon.jpg
黄金色の豚-EXPRESS,神奈川県産豚のかつカレー,curry_rice,/static/media/food/curry_rice.jpg
黄金色の豚-EXPRESS,神奈川県産豚の豚バラカレー,curry_rice,/static/media/food/curry_rice.jpg
黄金色の豚-EXPRESS,神奈川県産豚の豚バラチーズカレー,curry_rice,/static/media/food/curry_rice.jpg
黄金色の豚-EXPRESS,神奈川県産豚のソースかつ丼,katsudon,/static/media/food/katsudon.jpg
黄金色の豚-EXPRESS,神奈川県産豚の味噌かつ丼,katsudon,/static/media/food/katsudon.jpg
